valence,year,acousticness,artists,danceability,duration_ms,energy,explicit,id,instrumentalness,key,liveness,loudness,mode,name,popularity,release_date,speechiness,tempo
0.0594,1921,0.982,"['Sergei Rachmaninoff', 'James Levine', 'Berliner Philharmoniker']",0.279,831667,0.211,0,4BJqT0PrAfrxzMOxytFOIz,0.878,10,0.665,-20.096,1,"Piano Concerto No. 3 in D Minor, Op. 30: III. Finale. Alla breve",4,1921,0.0366,80.954
0.963,1921,0.732,['Dennis Day'],0.8190000000000001,180533,0.341,0,7xPhfUan2yNtyFG0cUWkt8,0.0,7,0.16,-12.441,1,Clancy Lowered the Boom,5,1921,0.415,60.93600000000001
0.0394,1921,0.961,['KHP Kridhamardawa Karaton Ngayogyakarta Hadiningrat'],0.328,500062,0.166,0,1o6I8BglA6ylDMrIELygv1,0.913,3,0.101,-14.85,1,Gati Bali,5,1921,0.0339,110.339
0.165,1921,0.967,['Frank Parker'],0.275,210000,0.309,0,3ftBPsC5vPBKxYSee08FDH,2.77e-05,5,0.381,-9.316,1,Danny Boy,3,1921,0.0354,100.109
0.253,1921,0.957,['Phil Regan'],0.418,166693,0.193,0,4d6HGyGT8e121BsdKmw9v6,1.68e-06,3,0.229,-10.096,1,When Irish Eyes Are Smiling,2,1921,0.038,101.665
0.196,1921,0.579,['KHP Kridhamardawa Karaton Ngayogyakarta Hadiningrat'],0.6970000000000001,395076,0.34600000000000003,0,4pyw9DVHGStUre4J6hPngr,0.168,2,0.13,-12.505999999999998,1,Gati Mardika,6,1921,0.07,119.824
0.406,1921,0.996,['John McCormack'],0.518,159507,0.203,0,5uNZnElqOS3W4fRmRYPk4T,0.0,0,0.115,-10.589,1,The Wearing of the Green,4,1921,0.0615,66.221
0.0731,1921,0.993,['Sergei Rachmaninoff'],0.389,218773,0.08800000000000001,0,02GDntOXexBFUvSgaXLPkd,0.527,1,0.363,-21.091,0,"Morceaux de fantaisie, Op. 3: No. 2, Prélude in C-Sharp Minor. Lento",2,1921,0.0456,92.867
0.721,1921,0.996,['Ignacio Corsini'],0.485,161520,0.13,0,05xDjWH9ub67nJJk82yfGf,0.151,5,0.104,-21.50800000000001,0,La Mañanita - Remasterizado,0,1921-03-20,0.0483,64.678
0.7709999999999999,1921,0.982,['Fortugé'],0.684,196560,0.257,0,08zfJvRLp7pjAb94MA9JmF,0.0,8,0.504,-16.415,1,Il Etait Syndiqué,0,1921,0.399,109.378
0.826,1921,0.995,['Maurice Chevalier'],0.463,147133,0.26,0,0BMkRpQtDoKjcgzCpnqLNa,0.0,9,0.258,-16.894000000000002,1,Dans La Vie Faut Pas S'en Faire,0,1921,0.0557,85.146
0.578,1921,0.994,['Ignacio Corsini'],0.378,155413,0.115,0,0F30WM8qRpO8kdolepZqdM,0.906,10,0.11,-27.039,0,Por Que Me Dejaste - Remasterizado,0,1921-03-20,0.0414,70.37
0.493,1921,0.99,['Georgel'],0.315,190800,0.363,0,0H3k2CvJvHULnWChlbeFgx,0.0,5,0.292,-12.562,0,La Vipère,0,1921,0.0546,174.532
0.212,1921,0.912,['Mehmet Kemiksiz'],0.415,184973,0.42,0,0LcXzABeA84EgudqpNUN1I,0.89,8,0.108,-10.765999999999998,0,Ud Taksimi,0,1921,0.114,70.758
0.493,1921,0.0175,['Zay Gatsby'],0.527,205072,0.691,1,0MJZ4hh60zwsYleWWxT5yW,0.384,7,0.358,-7.297999999999999,1,Power Is Power,0,1921-03-27,0.0326,159.935
0.282,1921,0.989,"['Sergei Rachmaninoff', 'Ruth Laredo']",0.384,221013,0.171,0,0NFeJgmTAV1kDfzSQNK41Z,0.82,7,0.116,-20.476,0,"10 Préludes, Op. 23: No. 5 in G Minor. Alla marcia",4,1921,0.0319,107.698
0.218,1921,0.957,['Phil Regan'],0.259,186467,0.212,0,0Nk5f07H3JaEunGrYfbqHM,0.0002220000000000001,2,0.236,-13.3,1,Come Back To Erin,1,1921,0.0358,85.726
0.664,1921,0.996,"['Hector Berlioz', 'Arturo Toscanini']",0.541,250747,0.28300000000000003,0,0POO8XaUgW5Qjbv9sbDy8W,0.898,9,0.393,-14.808,1,Rákóczy March,0,1921,0.0477,108.986
0.0778,1921,0.14800000000000002,['THE GUY'],0.604,204957,0.418,1,0QQmUf4aPFaN9U2yRko595,0.0382,4,0.102,-11.566,0,When We Die,0,1921-09-11,0.0417,80.07300000000002
0.527,1921,0.971,['Christopher Lynch'],0.54,122000,0.0848,0,0QU5xT6Mik4vpyt1ItsRXK,0.00196,5,0.0887,-16.055,0,A Ballynure Ballad,0,1921,0.075,100.296
0.672,1921,0.994,['Fortugé'],0.67,191333,0.113,0,0QvUUTHYUQQhSXLwffzjL7,0.0,10,0.213,-16.57,0,Je Suis Toujours La,0,1921,0.196,87.162
0.24,1921,0.994,"['John McCormack', 'Edwin Schneider']",0.4,187333,0.155,0,0RPKAq5yhbom6hXQz5qo6L,4.33e-05,4,0.103,-13.976,1,Mother Machree,0,1921,0.0873,170.25099999999995
0.422,1921,0.995,['Ignacio Corsini'],0.648,154240,0.0995,0,0SK1upzAP6NvIgF0uGh6z2,0.846,11,0.112,-22.429,1,Flor Marchita - Remasterizado,0,1921-03-20,0.105,71.97800000000002
0.381,1921,0.995,['Hanende İbrahim Efendi'],0.223,158908,0.245,0,0UqiUmGDlhL0A0pmLxafn4,0.8759999999999999,7,0.354,-14.387,1,İmtidadı Aşkıma,0,1921-12-18,0.0387,142.136
0.41,1921,0.97,['Mehmet Kemiksiz'],0.269,86988,0.14300000000000002,0,0VhIFYGSpY0Z8IAIA3C6bX,0.469,4,0.166,-9.003,1,Ney Taksimi,0,1921,0.0413,141.386
0.0731,1921,0.993,['Sergei Rachmaninoff'],0.389,218773,0.08800000000000001,0,0eQsdik7GTEy7M3UytCbSN,0.527,1,0.363,-21.091,0,"Morceaux de fantaisie, Op. 3: No. 2, Prélude in C-Sharp Minor. Lento",0,1921,0.0456,92.867
0.6779999999999999,1921,0.996,['Maurice Chevalier'],0.5,181733,0.274,0,0i7MdVu0tNEyUdgpCBilKe,0.0,2,0.302,-14.001,1,Je M'donne,0,1921,0.041,79.218
0.723,1921,0.388,['Mehmet Kemiksiz'],0.685,155063,0.698,0,0osXBirvQzPRfKSUDzHPCv,1.97e-06,4,0.0768,-8.184,0,Korkma Sönmez,0,1921,0.0421,133.951
0.792,1921,0.99,['Fortugé'],0.665,203800,0.231,0,0qt9g8zf2ZiQhy3FIx89xA,0.0,2,0.287,-14.116,1,La Victoire De La Madelon,0,1921,0.155,129.671
0.425,1921,0.992,['Ignacio Corsini'],0.28600000000000003,130200,0.177,0,0sIGoVO1yuIfpikLaKqqVY,0.932,7,0.11,-25.772,1,Por Ella - Remasterizado,0,1921-03-20,0.0431,167.352
0.403,1921,0.992,['Ignacio Corsini'],0.332,166987,0.179,0,0y3F8OUDFuB5bpWpXnQi7n,4.41e-06,0,0.4320000000000001,-20.937,1,A Mi Palomita - Remasterizado,0,1921-03-20,0.0443,75.704
0.614,1921,0.991,['Ignacio Corsini'],0.484,159013,0.215,0,0yKcdafy64xX9n1ant34Ry,0.000546,4,0.13699999999999998,-22.22300000000001,0,Amurado Me Dejaste - Remasterizado,0,1921-03-20,0.106,76.277
0.185,1921,0.505,['KHP Kridhamardawa Karaton Ngayogyakarta Hadiningrat'],0.233,686664,0.00817,0,0yxeAe7MlS0UWZVdNZVZWw,0.000203,8,0.109,-37.311,1,Raja Manggala,5,1921,0.0305,108.143
0.47,1921,0.7659999999999999,['Mehmet Kemiksiz'],0.453,337607,0.5589999999999999,0,107JTiqeqxj5P0ocypagMK,0.0104,9,0.213,-8.072000000000001,1,Eşin Var âşiyâ Var,1,1921,0.0329,156.077
0.161,1921,0.384,['Mehmet Kemiksiz'],0.65,187977,0.443,0,17gxBcWBIkEFUZA0vN5khu,0.0,6,0.375,-9.478,0,Bir Zamanlar Bizde Millet,0,1921,0.0334,130.009
0.7909999999999999,1921,0.991,"['Ermanno Wolf-Ferrari', 'Arturo Toscanini']",0.465,151187,0.284,0,18BvzCRC1jeAsj1U70YuRy,0.0225,9,0.146,-17.776,1,Overture,0,1921,0.0591,98.336
0.0608,1921,0.975,['KHP Kridhamardawa Karaton Ngayogyakarta Hadiningrat'],0.37,401058,0.196,0,1OicZEUVSwpiAosSQm16D8,0.945,4,0.14300000000000002,-15.531,1,Gati Main-main,1,1921,0.0449,116.65
0.077,1921,0.994,"['Sergei Rachmaninoff', 'Ruth Laredo']",0.248,117467,0.0876,0,1Pb4ebTZ4t8erRbLPPb8Pk,0.907,5,0.165,-25.786,1,"6 Songs, Op. 38: No. 3, Daisies (Version for Piano)",1,1921,0.0566,82.025
0.6509999999999999,1921,0.992,['Maurice Chevalier'],0.522,170627,0.29,0,1RgXfAX9PrSfTKTFvOQxPR,0.0,0,0.381,-12.194,0,Je N'peux Pas Vivre Sans Amour,0,1921,0.0522,92.707
0.0594,1921,0.982,"['Sergei Rachmaninoff', 'James Levine', 'Berliner Philharmoniker']",0.279,831667,0.211,0,1SCWBjhk5WmXPxhDduD3HM,0.878,10,0.665,-20.096,1,"Piano Concerto No. 3 in D Minor, Op. 30: III. Finale. Alla breve",1,1921,0.0366,80.954
0.544,1921,0.185,['THE GUY'],0.5770000000000001,404062,0.422,1,1T2NGVgAoXjQPEjxTGFRZV,0.0349,1,0.17800000000000002,-11.108,1,Love for Guns,0,1921-09-11,0.0575,79.997
0.257,1921,0.969,['Christopher Lynch'],0.344,120067,0.131,0,1W2ONoo3OZW5opytgqpYdE,0.0,10,0.145,-14.261,0,Just A Little Bit Of Heaven,0,1921,0.0616,178.21200000000005
0.525,1921,0.258,['Mehmet Kemiksiz'],0.6890000000000001,145371,0.537,0,1WOXWCjKZzJJRSMJcrLrK1,4.4e-06,1,0.0468,-9.843,0,Ey Bülbül-i Ter Zebân-i İrf,0,1921,0.0282,107.84
0.449,1921,0.765,['Mehmet Kemiksiz'],0.474,256731,0.398,0,1Wy1BuvVlkZWsfSge0dp9Q,0.00368,11,0.202,-9.565,1,Doksan Senelik Ömre İlâhi,0,1921,0.0309,75.931
0.205,1921,0.965,['Dennis Day'],0.278,177067,0.251,0,1Ybjz5mMnE0hJbkB8n7V80,2.32e-06,5,0.111,-11.139,1,Galway Bay,0,1921,0.0371,69.90100000000001
0.536,1921,0.991,"['Wolfgang Amadeus Mozart', 'Arturo Toscanini']",0.371,248507,0.0742,0,1oOI1MEkrpbnMCRSK5vGZ1,0.0167,3,0.385,-20.093,1,"Symphony No. 39 in E-Flat Major, K. 543: III. Menuetto",0,1921,0.0362,138.376
0.752,1921,0.7090000000000001,['Mehmet Kemiksiz'],0.516,249652,0.5760000000000001,0,1qmXkw1WhSvvIL5IqBnW82,0.226,6,0.11,-7.197,0,Kasr-ı Gülşen,0,1921,0.0303,123.853
0.537,1921,0.993,['Ignacio Corsini'],0.396,198200,0.158,0,1s6QwBiqGcedNZnld0OIJV,0.738,3,0.115,-24.309,0,Un Lamento - Remasterizado,0,1921-03-20,0.0734,134.614
0.0348,1921,0.8490000000000001,"['Sergei Rachmaninoff', 'Yuri Temirkanov', 'St. Petersburg Philharmonic Orchestra']",0.0663,537733,0.0257,0,1xGx91Ks3RQFqyam0Fdrky,0.956,6,0.0709,-31.134,0,"No. 14, Vocalise",1,1921,0.0472,74.282
0.275,1921,0.597,['Mehmet Kemiksiz'],0.508,124787,0.5,0,1zBcLIHAqpBlL8gAJ5Cxa7,4.49e-06,0,0.254,-7.805,1,Yâ Râb Bu Uğursuz Gecenin Yok mu Sabahı -,0,1921,0.0345,127.969
0.647,1921,0.976,"['Felix Mendelssohn', 'Arturo Toscanini']",0.301,269680,0.233,0,273hgBmjqe8KSxmWHyyPAD,0.205,7,0.211,-24.463,0,"A Midsummer Night's Dream, Op. 61: Scherzo",0,1921,0.0449,86.27
0.5579999999999999,1921,0.996,['Ignacio Corsini'],0.655,178347,0.119,0,27LYINFAjaKGMWQc6EfAtT,0.474,11,0.14300000000000002,-22.774,1,Mis Harapos - Remasterizado,0,1921-03-20,0.127,106.511
0.194,1921,0.983,['Christopher Lynch'],0.213,191200,0.185,0,2Bj1dMObcYNFt75znIEtWa,2.64e-05,3,0.189,-14.138,1,The Rose Of Tralee,0,1921,0.0372,165.137
0.0379,1921,0.992,"['Sergei Rachmaninoff', 'Zubin Mehta', 'Vladimir Feltsman', 'Israel Philharmonic Orchestra']",0.241,167867,0.109,0,2Cfk7LOOiTLVxe9BNoGGCL,0.853,1,0.0771,-19.286,1,"Rhapsody on a Theme of Paganini, Op. 43: Var. XVIII, Andante cantabile",4,1921,0.0377,79.97399999999998
0.222,1921,0.982,['Morton Downey'],0.363,163627,0.12,0,2CkM2wcBtqG796dZeZJhPk,1.75e-05,7,0.355,-14.037,1,Where The River Shannon Flows,1,1921,0.0452,82.315
0.959,1921,0.951,['Louis Boucot'],0.823,169267,0.329,0,2EV71z9RFz15SDR8WezEXG,0.0,5,0.0646,-12.853,1,Une Canne Et Des Gants,0,1921,0.14300000000000002,119.061
0.619,1921,0.956,['Ignacio Corsini'],0.293,155987,0.232,0,2F9giG3Sziq3kJJl9n0GJi,0.7120000000000001,5,0.109,-20.828000000000007,0,Lamento - Remasterizado,0,1921-03-20,0.0679,87.417
0.524,1921,0.995,['Ignacio Corsini'],0.334,174960,0.147,0,2GdUG0kUEGNkM4J3scYyu8,0.258,7,0.101,-23.214,1,Al Pie de la Reja - Remasterizado,0,1921-03-20,0.0486,135.111
0.5379999999999999,1921,0.757,['Mehmet Kemiksiz'],0.55,158642,0.515,0,2MtcWKwc16dqFqdM7v1WST,0.0126,11,0.375,-6.064,0,Şu Boğaz Harbi Nedir,0,1921,0.0336,123.983
0.233,1921,0.866,['Thomas Hallsten Paine'],0.312,141000,0.175,0,2OE3f5tu6Pd9beS0WWmQ7Z,0.0,2,0.366,-14.145,1,April Showers,0,1921,0.0347,117.609
0.07200000000000001,1921,0.923,['KHP Kridhamardawa Karaton Ngayogyakarta Hadiningrat'],0.396,378070,0.3,0,2OlwTxNQ9kSkbPFC7tQN5x,0.61,9,0.135,-11.768,1,Gati Hendrakusuma,2,1921,0.0353,110.746
0.234,1921,0.992,"['Ildebrando Pizzetti', 'Arturo Toscanini']",0.251,207800,0.275,0,2WlMjnZIthzqfwYVHh6zbj,0.785,9,0.294,-17.295,0,II. Le quai du porte de Famagouste,0,1921,0.0371,94.264
0.231,1921,0.653,['KHP Kridhamardawa Karaton Ngayogyakarta Hadiningrat'],0.727,301357,0.0116,0,2X6BN8RXjr4ArIEhjGa6QV,3.78e-05,3,0.204,-32.959,0,Tedhak Saking,2,1921,0.22,132.41299999999998
0.574,1921,0.995,['Alice Cocéa'],0.514,172133,0.256,0,2aCCdTBcNmbcplMO66UAvU,0.0,0,0.349,-15.145,1,Si J'avais Su,0,1921,0.0871,79.467
0.18600000000000005,1921,0.994,"['Sergei Rachmaninoff', 'Ruth Laredo']",0.263,132400,0.0536,0,2aMQAP0h9Qww5KAkMdag3L,0.927,8,0.098,-28.147,1,"12 Songs, Op. 21: No. 5, Lilacs (Version for Piano)",1,1921,0.0386,129.365
0.0769,1921,0.935,['KHP Kridhamardawa Karaton Ngayogyakarta Hadiningrat'],0.36,414067,0.145,0,2c6cN8mcYzqvFbLnzuPI4K,0.384,6,0.0903,-17.269000000000002,0,Gati Mares,2,1921,0.0383,110.354
0.552,1921,0.994,['André Urban'],0.426,177733,0.226,0,2ikGmgf43Y10bp5J7IF9QU,0.0,9,0.235,-16.125999999999998,1,Elle Porte Un Nom Charmant,0,1921,0.0693,73.63
0.287,1921,0.988,"['Gaetano Donizetti', 'Arturo Toscanini']",0.341,388867,0.139,0,2jy7vkWNflSApGQ7b6ziA6,0.114,2,0.304,-19.399,1,Overture,0,1921,0.0643,68.031
0.274,1921,0.7929999999999999,['Mehmet Kemiksiz'],0.199,324859,0.377,0,2koVN4vxAXOmaqILK5Kbbs,1.96e-06,1,0.112,-8.668,0,Bakma Kabristanın Saha-i Medhûşuna,0,1921,0.0421,180.181
0.197,1921,0.975,['Christopher Lynch'],0.418,151840,0.0904,0,2ksYHAsGBLxAupsni2QeNw,2.64e-06,8,0.112,-13.871,1,The Minstrel Boy,0,1921,0.0408,52.008
0.8909999999999999,1921,0.994,['Mistinguett'],0.611,160373,0.297,0,2lgAz3rSTLcqyVj2fJsIzo,0.0,0,0.421,-15.800999999999998,1,Une Femme Qui Passe,1,1921,0.0661,122.476
0.197,1921,0.987,['Morton Downey'],0.423,187360,0.0926,0,2oWQOXbtHpvswlcWeJYe7P,2.7399999999999995e-05,3,0.343,-13.854,1,My Wild Irish Rose,0,1921,0.0437,105.365
0.8170000000000001,1921,0.99,['Darüttalim-i Musiki Heyeti'],0.38,192601,0.525,0,2t5UabjiPwVUXJtcpRHreq,0.94,1,0.438,-12.112,0,Şehnaz Longa,0,1921-02-20,0.0432,136.156
0.0447,1921,0.922,['KHP Kridhamardawa Karaton Ngayogyakarta Hadiningrat'],0.27,494054,0.266,0,2tDwnNWXjupxNEjTTb9qDQ,0.802,9,0.0938,-11.077,1,Gati Kridha,2,1921,0.0323,100.771
0.0358,1921,0.943,['KHP Kridhamardawa Karaton Ngayogyakarta Hadiningrat'],0.212,416052,0.215,0,2xJPXDxhBbcI8d4KraRJmT,0.442,3,0.1,-13.368,1,Gati Padasih,2,1921,0.0392,65.926
0.115,1921,0.8959999999999999,['KHP Kridhamardawa Karaton Ngayogyakarta Hadiningrat'],0.476,544052,0.677,0,2xMpQnfWIgRFjzrRXOl4zT,0.644,4,0.4,-11.628,1,Gati Harjuna Mangsah,4,1921,0.108,116.572
0.25,1921,0.478,['KHP Kridhamardawa Karaton Ngayogyakarta Hadiningrat'],0.28,546033,0.0294,0,2xRAzeh9R6zNdXdVhCXMxj,0.00569,2,0.0439,-28.522,0,Prabu Mataram,5,1921,0.0324,106.083
0.29,1921,0.465,['KHP Kridhamardawa Karaton Ngayogyakarta Hadiningrat'],0.758,255378,0.0148,0,35eVH8c7u6LGwyksBGMQCp,1.94e-05,0,0.349,-30.842,0,Sri Kondur,2,1921,0.133,77.031
0.33,1921,0.995,['Hanende İbrahim Efendi'],0.264,155633,0.287,0,38iWg7IcG1EXrxbibvq8Ox,0.935,2,0.248,-13.323,1,Ne İçin Mahzun,0,1921-12-18,0.0356,74.301
0.767,1921,0.995,['Maurice Chevalier'],0.517,169173,0.271,0,39ZYlUAoqyE05y7rsfeivo,0.0,6,0.368,-15.487,0,Pour Bien Reussir Dans La Chaussure,0,1921,0.0551,90.39
0.0443,1921,0.982,['KHP Kridhamardawa Karaton Ngayogyakarta Hadiningrat'],0.316,460069,0.15,0,3C8IMx8BgWGiQE9bIuqCvP,0.909,9,0.093,-14.79,1,Gati Kumencar,1,1921,0.0333,99.526
0.0515,1921,0.973,"['Sergei Rachmaninoff', 'Michael Tilson Thomas', 'Barry Douglas', 'London Symphony Orchestra']",0.2,673733,0.0916,0,3Dx6MiHU13YcyVf6FADqjC,0.875,5,0.0756,-22.312,0,III. Allegro scherzando,0,1921,0.0376,65.211
0.43,1921,0.994,['Ignacio Corsini'],0.382,162907,0.105,0,3EOZYPETcAbvpB270WnGIx,0.48,11,0.107,-23.237,0,Recordando - Remasterizado,0,1921-03-20,0.0408,91.581
0.354,1921,0.985,['Marcelly'],0.314,159467,0.281,0,3I8393MR3DWSprtxgpZMoy,6.37e-05,0,0.134,-13.337,0,La Chanson Des Yeux Clos,0,1921,0.0648,78.811
0.077,1921,0.994,"['Sergei Rachmaninoff', 'Ruth Laredo']",0.248,117467,0.0876,0,3Jsx93Aim5jr96396tgDt7,0.907,5,0.165,-25.786,1,"6 Songs, Op. 38: No. 3, Daisies (Version for Piano)",0,1921,0.0566,82.025
0.192,1921,0.993,['John McCormack'],0.393,255800,0.156,0,3Po8aZhKXPvBlWZFevIrI5,4.85e-06,7,0.102,-15.013,1,Kathleen Mavourneen,0,1921,0.0458,136.295
0.318,1921,0.991,"['Ludwig van Beethoven', 'Arturo Toscanini']",0.305,522667,0.273,0,3WV2AlpIn96bzLkkZ7RNob,0.0746,0,0.377,-16.778,1,IV. Allegro,0,1921,0.0386,82.801
0.282,1921,0.989,"['Sergei Rachmaninoff', 'Ruth Laredo']",0.384,221013,0.171,0,3XooVMkWzhrHdPQyi46sl6,0.82,7,0.116,-20.476,0,"10 Préludes, Op. 23: No. 5 in G Minor. Alla marcia",0,1921,0.0319,107.698
0.0779,1921,0.588,['THE GUY'],0.341,323840,0.256,1,3YVy92W44JmU6KeF6UMldm,0.157,9,0.105,-16.012,1,Tigers,0,1921-09-11,0.0461,121.051
0.433,1921,0.987,"['Ludwig van Beethoven', 'Arturo Toscanini']",0.544,269547,0.259,0,3YWrfsNGrZNsC270jMiBad,0.0532,0,0.139,-17.458,1,IV. Finale. Adagio - Allegro molto e vivace,0,1921,0.0437,78.29
0.716,1921,0.978,['Georgius'],0.502,158173,0.403,0,3ZlvfjWLxFqfOGK2FTR2ph,0.0,7,0.255,-16.814,1,Un Agent Courait,0,1921,0.466,67.883
0.603,1921,0.992,['Ignacio Corsini'],0.464,196507,0.154,0,3d3nDmLDOck1Nucaflpoqt,0.9,4,0.112,-25.44400000000001,1,Tortolita y Chingolo - Remasterizado,0,1921-03-20,0.192,85.405
0.598,1921,0.995,['Ignacio Corsini'],0.496,166280,0.124,0,3g6M4eAkVgMnFeJdWUSavX,0.0986,11,0.231,-21.261,0,Santos Vega - Remasterizado,0,1921-03-20,0.0505,82.85799999999998
0.036000000000000004,1921,0.8959999999999999,"['Sergei Rachmaninoff', 'Yuri Temirkanov', 'St. Petersburg Philharmonic Orchestra']",0.16,805400,0.0521,0,3ifqMMzDlh6wLRzjLOMTdQ,0.846,9,0.114,-23.652,1,III. Adagio,0,1921,0.0398,86.736
0.429,1921,0.983,['Ignacio Corsini'],0.366,171213,0.231,0,3nX4gFJqhxKT61sYkB029F,0.905,4,0.112,-24.963,1,Pobre Mi China - Remasterizado,0,1921-03-20,0.28300000000000003,63.24100000000001
0.173,1921,0.992,['Morton Downey'],0.38,170240,0.117,0,3tEwdlwf8ZrxpksJorI5Tc,1.14e-06,7,0.105,-13.298,1,That's How You Spell Ireland,0,1921,0.0415,86.493
0.219,1921,0.672,['Mehmet Kemiksiz'],0.403,396356,0.385,0,47LO5zrjx6ShMymLqp80ef,0.000339,11,0.211,-6.5070000000000014,0,Şühedâ Gövdesi Bir Baksana Dağlar Taşlar,0,1921,0.0315,123.839
0.919,1921,0.959,['Morton Downey'],0.8290000000000001,153827,0.333,0,4BWXQSxvAa73YTLVLlMtGp,0.000362,5,0.0841,-11.895,1,It's the Same Old Shillelegh,0,1921,0.103,132.606
0.451,1921,0.995,['Ignacio Corsini'],0.5920000000000001,168053,0.0322,0,4Rv29R4ydhHN9tYPfrZxTz,0.0573,5,0.297,-25.844,0,China Hereje - Remasterizado,0,1921-03-20,0.209,69.958
0.406,1921,0.447,['THE GUY'],0.708,279171,0.544,1,4SU8RBlxrOtlHjkUxkpDCY,0.0375,0,0.0733,-8.124,1,Don't Run,0,1921-09-11,0.0316,120.0
0.657,1921,0.995,['Robert Jysor'],0.421,187933,0.231,0,4Zu1Kr6zfR04pETJbFh7Ox,2.62e-06,0,0.273,-15.493,1,Dolorosa,0,1921,0.0528,82.76899999999998
0.212,1921,0.941,['Dennis Day'],0.241,196307,0.274,0,4aVy85Y2sxMwIKmAcimHp0,7.53e-06,0,0.0984,-9.75,0,How Can You Buy Killarny,0,1921,0.0297,90.773
0.28600000000000003,1921,0.994,['Safiye Ayla'],0.362,182335,0.315,0,4cAxCLjPLojDKuihPNLiCJ,0.636,2,0.38,-14.111,1,Perestij,0,1921-04-12,0.0646,91.551
0.463,1921,0.992,['Mistinguett'],0.546,159160,0.275,0,4hrY1sE4ZumfoFLYGr6prg,0.0,5,0.224,-18.119,1,Oui Non,0,1921,0.309,80.57
0.18600000000000005,1921,0.994,"['Sergei Rachmaninoff', 'Ruth Laredo']",0.263,132400,0.0536,0,4i1aZH9CQyvsWtOulh6mbF,0.927,8,0.098,-28.147,1,"12 Songs, Op. 21: No. 5, Lilacs (Version for Piano)",0,1921,0.0386,129.365
0.0718,1921,0.941,['KHP Kridhamardawa Karaton Ngayogyakarta Hadiningrat'],0.314,524069,0.209,0,4jFzCDBChPFeun3uO9K9nM,0.473,3,0.0979,-14.655,1,Gati Helmus,2,1921,0.033,107.781
0.511,1921,0.95,['Christopher Lynch'],0.607,163200,0.138,0,4mtn0J6yvxJMPA0euDFQ6g,0.0,3,0.114,-15.683,1,I Met Her In The Garden Where The Praties Grow,0,1921,0.157,113.282
0.272,1921,0.104,['THE GUY'],0.605,133669,0.329,1,4rkLztWpftdp6wJXtwmNWP,0.0923,11,0.334,-11.636,0,I Don't Need You,0,1921-09-11,0.0354,79.934
0.918,1921,0.8340000000000001,['Dennis Day'],0.6609999999999999,167027,0.489,0,4v8CkyrDdgtgqkssZwaDe8,0.0,10,0.18600000000000005,-11.043,1,St. Patrick's Day Parade,1,1921,0.103,125.023
0.637,1921,0.993,['Ignacio Corsini'],0.3670000000000001,174827,0.192,0,4wJ5bBGKlrH3rogJEGELAu,0.947,6,0.152,-23.92,1,Popular Tradición de Esta Tierra - Remasterizado,0,1921-03-20,0.29600000000000004,83.11
0.775,1921,0.996,['Maurice Chevalier'],0.526,153973,0.247,0,4wX1xtFyqlhBMBX7xaOfNB,0.0,2,0.116,-13.68,1,Avec Le Sourire,0,1921,0.0483,83.837
0.0944,1921,0.964,['KHP Kridhamardawa Karaton Ngayogyakarta Hadiningrat'],0.271,490057,0.285,0,4yhXZDEdOZIDgXvu7e5RyT,0.948,8,0.105,-12.916,1,Gati Brangta,2,1921,0.0342,127.938
0.0513,1921,0.99,"['Sergei Rachmaninoff', 'János Starker']",0.158,355200,0.0135,0,4zNQOx4Y12lNIY1JfoSbCg,0.789,3,0.0761,-31.06,1,III. Andante,0,1921,0.038,67.377
0.7290000000000001,1921,0.986,['Fred Gouin'],0.509,187493,0.16,0,5BOwFPKyqp63iWotfOgxqZ,0.0,2,0.116,-12.68,1,Colombinella,0,1921,0.0572,109.296
0.73,1921,0.948,['Ignacio Corsini'],0.348,163533,0.345,0,5FfgNwdEMR9buAFPnDAfwM,0.856,6,0.11,-21.624,0,El Ultimo Adiós - Remasterizado,0,1921-03-20,0.0654,65.854
0.0513,1921,0.99,"['Sergei Rachmaninoff', 'János Starker']",0.158,355200,0.0135,0,5GdglyuPh8z69eZ545uBNO,0.789,3,0.0761,-31.06,1,III. Andante,1,1921,0.038,67.372
0.484,1921,0.994,"['Jules Massenet', 'Arturo Toscanini']",0.508,262720,0.147,0,5PgH6AAb9dKTHPsvJrOALq,0.000828,2,0.241,-18.392,1,IV. Fête bohème,0,1921,0.0487,128.518
0.589,1921,0.994,['Simone Judic'],0.355,151200,0.199,0,5Yknrra9N4AKkm6BP6jHpU,0.000154,1,0.236,-16.714000000000002,1,Billets Doux,0,1921,0.053,173.13
0.374,1921,0.988,"['Ottorino Respighi', 'Arturo Toscanini']",0.301,240533,0.0953,0,5ZMgYvzelw6ALor5G54Wjw,0.0757,2,0.374,-18.424,1,II. Gagliarda,0,1921,0.0314,75.179
0.0308,1921,0.987,"['Sergei Rachmaninoff', 'Emanuel Ax', 'Yefim Bronfman']",0.292,385667,0.0769,0,5bQh5CYt4ugpKGr0CqgUP4,0.873,2,0.067,-24.999,1,"Suite No. 1, Op. 5 ""Fantaisie-tableaux"": II. La nuit? L'amour",0,1921,0.0393,69.601
0.189,1921,0.952,['Phil Regan'],0.32,189373,0.249,0,5fqW6tFvvvWwh1DvIM8T0K,0.000424,1,0.12,-9.853,1,A Sweet Irish Sweetheart Of Mine,1,1921,0.0342,93.765
0.0379,1921,0.992,"['Sergei Rachmaninoff', 'Zubin Mehta', 'Vladimir Feltsman', 'Israel Philharmonic Orchestra']",0.241,167867,0.109,0,5jaZaDPkmw0zrju8ykIo1V,0.853,1,0.0771,-19.286,1,"Rhapsody on a Theme of Paganini, Op. 43: Var. XVIII, Andante cantabile",0,1921,0.0377,79.97399999999998
0.0388,1921,0.967,['KHP Kridhamardawa Karaton Ngayogyakarta Hadiningrat'],0.39,354064,0.13,0,5oBrfFrhnPn207qrhS0m0s,0.867,3,0.183,-15.466,1,Gati Mrak Ati,1,1921,0.0355,115.774
0.574,1921,0.988,['Fortugé'],0.624,180227,0.13,0,5onW5WGJnE76uwRQN8fo2V,0.0,7,0.32299999999999995,-15.988,1,Dans Sa Petite Mansarde,0,1921,0.17,78.28
0.458,1921,0.994,"['Wolfgang Amadeus Mozart', 'Arturo Toscanini']",0.38,220867,0.304,0,5qf7z7H2ehaBtJmUd4h4pV,0.6809999999999999,3,0.4,-18.47,1,"Symphony No. 39 in E-Flat Major, K. 543: IV. Finale. Allegro",0,1921,0.0451,147.681
0.0515,1921,0.973,"['Sergei Rachmaninoff', 'Michael Tilson Thomas', 'Barry Douglas', 'London Symphony Orchestra']",0.2,673733,0.0916,0,5tWNbOrkJON8fcBoIzPru7,0.875,5,0.0756,-22.312,0,III. Allegro scherzando,2,1921,0.0376,65.211
0.036000000000000004,1921,0.8959999999999999,"['Sergei Rachmaninoff', 'Yuri Temirkanov', 'St. Petersburg Philharmonic Orchestra']",0.16,805400,0.0521,0,5w0UyOkp8IjkKMwNlaNLol,0.846,9,0.114,-23.652,1,III. Adagio,2,1921,0.0398,86.736
0.0542,1921,0.951,['KHP Kridhamardawa Karaton Ngayogyakarta Hadiningrat'],0.255,454060,0.192,0,6QDEivvdUMxH42QVxfSsSK,0.0381,3,0.245,-15.753,1,Gati Lumaksana,2,1921,0.0379,98.729
0.191,1921,0.0169,['THE GUY'],0.713,224287,0.42,1,6T9dM3UsHEkXv5Q6diEm3r,0.488,7,0.107,-11.957,0,Return/Gone,0,1921-09-11,0.0322,119.973
0.6829999999999999,1921,0.589,['Mehmet Kemiksiz'],0.625,199393,0.5870000000000001,0,6YBqmlodT9LcejuGTaIWZC,0.0,6,0.404,-7.0520000000000005,0,Beyaz Entarisiyle Kar Gibi Kız,0,1921,0.0353,136.951
0.64,1921,0.16699999999999998,['Mehmet Kemiksiz'],0.623,244898,0.655,0,6lwygJ9iQV6NNOQh1Gn3Gb,0.00418,1,0.0891,-7.54,0,Baksana Kim Boynu Bükük Ağlayan,0,1921,0.0425,126.859
0.378,1921,0.995,['Neyzen İhsan Bey'],0.398,211851,0.162,0,6ncKDX6CBB2CBtZWGeEEDK,0.799,2,0.375,-18.142,0,Sabah Taksim,0,1921-02-20,0.241,71.59899999999998
0.0308,1921,0.987,"['Sergei Rachmaninoff', 'Emanuel Ax', 'Yefim Bronfman']",0.292,385667,0.0769,0,6o36ekDgoZZJFPiKw6Ufef,0.873,2,0.067,-24.999,1,"Suite No. 1, Op. 5 ""Fantaisie-tableaux"": II. La nuit? L'amour",3,1921,0.0393,69.601
0.0737,1921,0.693,['KHP Kridhamardawa Karaton Ngayogyakarta Hadiningrat'],0.29,380056,0.28300000000000003,0,6oXKID9RCMj3y2Dee57FNP,0.46,9,0.142,-12.114,1,Gati Sangaskara,1,1921,0.0349,129.828
0.759,1921,0.995,['Georgius'],0.561,154000,0.3670000000000001,0,6rQflsrQLKpV3RY78jOWhp,0.0,9,0.34,-15.549,1,Pour Se Faire Remarquer,0,1921,0.354,75.554
0.667,1921,0.995,['Ignacio Corsini'],0.32299999999999995,162333,0.111,0,6z1LtPEtDYQX6S2V0bMKga,0.7809999999999999,5,0.102,-24.571,0,Mis Ilusiones Perdidas - Remasterizado,0,1921-03-20,0.0418,99.349
0.792,1921,0.95,['Morton Downey'],0.6679999999999999,165907,0.2,0,72tqohY1oMA5n1vdHvWNZ5,0.0,8,0.153,-14.985,1,Molly Brannigan,1,1921,0.157,140.791
0.306,1921,0.995,"['Felix Mendelssohn', 'Arturo Toscanini']",0.456,252467,0.0923,0,7AIjpopQN5ojA2KXCqCKP3,0.0526,0,0.275,-18.975,1,"A Midsummer Night's Dream, Op. 61: Wedding March",0,1921,0.0374,76.428
0.061,1921,0.977,['KHP Kridhamardawa Karaton Ngayogyakarta Hadiningrat'],0.277,464065,0.14300000000000002,0,7D97NlUR1DwwNRSbZD0ei0,0.885,9,0.159,-13.089,1,Gati Mardawa,1,1921,0.0302,99.407
0.551,1921,0.9,['Emma Liebel'],0.371,162467,0.454,0,7FOdz0ddtjeG7WREJQOVa1,0.0,6,0.332,-15.691,1,La Femme A La Rose,0,1921,0.0781,110.567
0.0515,1921,0.971,['KHP Kridhamardawa Karaton Ngayogyakarta Hadiningrat'],0.264,448052,0.22,0,7GH0i9aPD7ZGNxoIVS4Fhf,0.922,8,0.0894,-13.305,1,Gati Raja,2,1921,0.0328,111.811
0.5329999999999999,1921,0.995,['Ignacio Corsini'],0.374,144827,0.122,0,7LZfPBcXlGnMlhXuTgpH5Z,0.8809999999999999,7,0.101,-25.462,0,La Muerte de Milonguita - Remasterizado,0,1921-03-20,0.0981,69.889
0.0494,1921,0.916,['KHP Kridhamardawa Karaton Ngayogyakarta Hadiningrat'],0.261,496065,0.16399999999999998,0,7agPeo1jNiA5OEXGFDzl7I,0.0574,9,0.104,-11.019,1,Gati Wiwaha,1,1921,0.0331,105.664
0.3,1921,0.772,"[""Scarlet D'Carpio""]",0.56,249370,0.313,0,7b4eHImKQ51DYaQvNTdtEp,4.52e-06,6,0.115,-8.346,0,Himno Nacional del Perú,0,1921-09-23,0.0376,107.501
0.0348,1921,0.8490000000000001,"['Sergei Rachmaninoff', 'Yuri Temirkanov', 'St. Petersburg Philharmonic Orchestra']",0.0663,537733,0.0257,0,7j8gfyLLffcs9pL4ig7aCf,0.956,6,0.0709,-31.134,0,"No. 14, Vocalise",0,1921,0.0472,74.282
0.6579999999999999,1921,0.993,"['Georges Bizet', 'Arturo Toscanini']",0.528,181293,0.355,0,7sp9mMFEXppoWclAC6v3wJ,0.0362,2,0.275,-16.665,1,IV. Farandole,0,1921,0.0676,95.69
0.6890000000000001,1921,0.995,['Maurice Chevalier'],0.408,138600,0.242,0,7vlnvBX2t1eYdgVNkoremm,1.31e-05,8,0.546,-16.625999999999998,1,Quand Il Y A Une Femme Dans Un Coin,0,1921,0.0722,79.072
0.534,1921,0.995,['Ignacio Corsini'],0.5870000000000001,184200,0.158,0,7wTMgZPCxgSurQmcETTvR4,0.224,10,0.69,-22.643,1,La Brisa - Remasterizado,0,1921-03-20,0.208,130.317
0.659,1921,0.996,['Ignacio Corsini'],0.514,139507,0.127,0,7xeH7l1BpezoHDCerjLBIe,0.958,0,0.109,-26.264,1,La Payasa - Remasterizado,0,1921-03-20,0.0688,69.873
0.512,1921,0.984,"['Georges Bizet', 'Arturo Toscanini']",0.441,139533,0.2,0,7zph0VMbYl7KoqReyowKiv,0.598,10,0.17800000000000002,-19.763,1,Aragonaise (Act IV Entr'acte),0,1921,0.0392,124.762
0.127,1922,0.674,['Uli'],0.645,126903,0.445,0,35iwgR4jXetI318WEWsa1Q,0.7440000000000001,0,0.151,-13.338,1,Carve,6,1922-02-22,0.451,104.851
0.457,1922,0.994,['Ignacio Corsini'],0.434,181640,0.177,0,07A5yehtSnoedViJAZkNnc,0.0218,1,0.212,-21.18,1,Vivo para Quererte - Remasterizado,0,1922-03-21,0.0512,130.418
0.397,1922,0.995,['Ignacio Corsini'],0.321,176907,0.0946,0,08FmqUhxtyLTn6pAh6bk45,0.918,7,0.104,-27.961,1,El Prisionero - Remasterizado,0,1922-03-21,0.0504,169.98
0.727,1922,0.965,['Francis Marty'],0.51,134467,0.355,0,0Dd9ImXtAtGwsmsAD69KZT,0.0,4,0.155,-12.833,1,La Butte Rouge,0,1922,0.124,85.75399999999998
0.654,1922,0.993,['Mistinguett'],0.563,161427,0.184,0,0IA0Hju8CAgYfV1hwhidBH,1.55e-05,4,0.325,-13.757,1,La Java,0,1922,0.0512,133.088
0.544,1922,0.62,['Greg Fieler'],0.488,310073,0.475,0,0IgI1UCz84pYeVetnl1lGP,0.00645,0,0.107,-16.222,0,Old Fashioned Girl,0,1922,0.0399,139.952
0.612,1922,0.996,['Ignacio Corsini'],0.5479999999999999,181173,0.0391,0,0JV4iqw2lSKJaHBQZ0e5zK,0.933,6,0.14800000000000002,-23.228,1,Martín Fierro - Remasterizado,0,1922-03-29,0.153,75.595
0.402,1922,0.521,['Uli'],0.298,157333,0.46,0,0PH9AACae1f957JAavhOl2,0.856,1,0.436,-18.645,1,Lazy Boi,0,1922-02-22,0.453,87.921
0.897,1922,0.995,['Lucien Boyer'],0.703,186800,0.28,0,0QiT0Oo5QdLXdFw6RDOj7h,6.840000000000001e-05,0,0.163,-15.39,1,Tu Verras Montmartre,0,1922,0.174,127.531
0.84,1922,0.967,['Félix Mayol'],0.7090000000000001,172027,0.289,0,0TWsNj5iSvbMTtbEDP7A4V,0.0,2,0.119,-14.978,1,Elle Prend L'boulevard Magenta,0,1922,0.18,107.515
0.414,1922,0.996,['Victor Boucher'],0.35200000000000004,188000,0.334,0,0kCB1bDVBC8gWCFcnJyIZc,0.00746,5,0.36,-13.038,1,Ca C'est Une Chose,0,1922,0.0594,76.403
0.753,1922,0.985,['Ignacio Corsini'],0.37,153533,0.3720000000000001,0,0l3BQsVJ7F76wlN5QhJzaP,0.000681,2,0.929,-17.137999999999998,1,El Vendaval - Remasterizado,0,1922-03-21,0.0865,159.66899999999995
0.215,1922,0.996,['Jeanne Saint Bonnet'],0.335,180933,0.304,0,0pXUGQcBxfoQXg2e7G9Wwk,0.0832,7,0.102,-14.062,1,Ta Bouche,0,1922,0.0506,76.57600000000002
0.219,1922,0.994,['Ignacio Corsini'],0.339,181440,0.0958,0,0xJCJ9XSNcdTIz0QKmhtEn,0.969,8,0.123,-26.94400000000001,1,La Maleva - Remasterizado,0,1922-03-29,0.053,86.279
0.546,1922,0.972,['Adolphe Bérard'],0.5820000000000001,168000,0.152,0,10u9ZWsOnhEyqFJCC2rQVy,0.0,10,0.31,-13.742,1,J'ai Vendu Mon Âme,0,1922,0.0914,95.779
0.4,1922,0.994,['Louis Lynel'],0.42,180800,0.28800000000000003,0,112adU33vo4C1eRZct2hWy,0.000216,7,0.196,-14.005,1,Nuits De Chine,4,1922,0.0701,139.575
0.383,1922,0.994,['Ignacio Corsini'],0.373,150160,0.17600000000000002,0,15BEv0mKGqHHxyDAcLJ7ei,0.866,4,0.157,-22.045,0,En la Huella del Querer - Remasterizado,0,1922-03-29,0.0703,106.595
0.7659999999999999,1922,0.993,['Perchicot'],0.5920000000000001,180400,0.408,0,1CZkVPFUK7wO1sMOlBHxJr,1.54e-06,10,0.413,-11.585,0,C'est La Mode Et Voila Tout,0,1922,0.271,81.126
0.568,1922,0.992,['Perchicot'],0.55,177400,0.31,0,1FnTOwM5cW5N9wzCWziLKC,0.0,10,0.204,-15.423,0,La Ronde De Nuit,0,1922,0.168,125.829
0.33,1922,0.996,['Ignacio Corsini'],0.482,145627,0.0283,0,1HJRj2XztAhgO7dLBw6b7s,0.77,0,0.0989,-23.414,0,El Patotero Sentimental - Remasterizado,0,1922-03-29,0.0732,77.642
0.414,1922,0.974,['Ignacio Corsini'],0.273,168107,0.318,0,1KLKkACG16o5crQPiaF1Tz,0.163,6,0.778,-18.597,1,Tus Suspiros - Remasterizado,0,1922-03-29,0.0694,74.542
0.623,1922,0.993,['Ignacio Corsini'],0.373,194200,0.244,0,1KgBLlvPR6BxDyBNDtCUP0,0.0478,8,0.214,-22.711,1,Ojos Funestos - Remasterizado,0,1922-03-21,0.0538,115.51
0.407,1922,0.996,['Ignacio Corsini'],0.462,171013,0.119,0,1PGLk4jyXA8oWTBtMyYlwX,0.88,4,0.0773,-20.938,0,El Huerfano - Remasterizado,0,1922-03-21,0.0793,122.895
0.508,1922,0.995,['Maurice Chevalier'],0.532,204773,0.375,0,1QDTYyfndMN9SDtRKDv9XO,1.22e-06,7,0.276,-13.321,1,Pas Pour Moi,0,1922,0.298,80.37899999999998
0.28600000000000003,1922,0.992,['Ignacio Corsini'],0.458,141440,0.17800000000000002,0,1VuFIir7DL0mc6bppGMa3r,0.8170000000000001,8,0.413,-18.754,1,La Canción del Cabaret - Remasterizado,0,1922-03-29,0.0614,69.128
0.575,1922,0.994,['Dréan'],0.52,164600,0.262,0,1ZYRk4U7EuJwdRZNHpEBIz,0.000852,11,0.227,-12.619000000000002,0,Éléonore,0,1922,0.132,69.125
0.431,1922,0.989,['Mistinguett'],0.4270000000000001,223440,0.18,0,1b8HZQCqcqwbzlA1jRTp6E,0.0,10,0.128,-15.375,1,En Douce,0,1922,0.067,78.459
0.6709999999999999,1922,0.996,['Victor Boucher'],0.457,145400,0.193,0,1lia44teZBfbv0PnPkc5dK,0.348,4,0.0809,-16.816,1,Machinalement,0,1922,0.0655,177.097
0.792,1922,0.626,['Jim Chapman'],0.491,111256,0.439,0,1v0HtSUeQOu3ba28pvYE5y,0.0,4,0.321,-11.356,0,Chicago (That Toddlin' Town),0,1922,0.105,180.653
0.409,1922,0.995,['Ignacio Corsini'],0.236,169853,0.124,0,213QIyv1KZIeGg7oXAMbah,0.981,1,0.149,-22.971,1,Mi Guitarra - Remasterizado,0,1922-03-29,0.0515,71.524
0.4370000000000001,1922,0.995,['Ignacio Corsini'],0.43,138587,0.168,0,21yni4TcBS35MlxLjzV51t,0.928,7,0.246,-19.558,1,Practicante - Remasterizado,0,1922-03-29,0.0622,58.863
0.648,1922,0.995,['Ignacio Corsini'],0.545,180253,0.268,0,2B9d7LBGJvQEKiLEAexCOP,0.92,1,0.112,-23.029,1,Toda Alma - Remasterizado,0,1922-03-21,0.191,126.614
0.701,1922,0.991,['Adolphe Bérard'],0.467,156960,0.328,0,2BVWvGSdgUZtC2La5P3Jtv,1.57e-05,7,0.0705,-13.227,1,L'amour Au Clair De Lune,0,1922,0.0354,87.132
0.636,1922,0.996,['Ignacio Corsini'],0.484,155093,0.0558,0,2Be2FRskn33cqPyeSdTqFd,0.278,8,0.202,-25.33,0,No Me Olvides - Remasterizado,0,1922-03-21,0.0575,99.555
0.7490000000000001,1922,0.981,['Ignacio Corsini'],0.218,151040,0.394,0,2MHbLEapczIltPOYYEzQtE,0.301,10,0.505,-19.492,0,Como una Flor - Remasterizado,0,1922-03-21,0.0388,82.287
0.396,1922,0.926,['Uli'],0.634,87040,0.00399,0,2SiNuAZ6jIU9xhClRKXcST,0.919,5,0.105,-29.97300000000001,0,Sketch,0,1922-02-22,0.0377,79.895
0.659,1922,0.99,['Ignacio Corsini'],0.5429999999999999,130987,0.424,0,2UU5t5j325ofKGcg7oUQNh,0.0379,5,0.861,-18.425,1,Sin Amor - Remasterizado,0,1922-03-21,0.269,68.567
0.344,1922,0.994,['Ignacio Corsini'],0.36,153133,0.0954,0,2cK20o1IdLmUIC4NoPWzOt,0.726,0,0.107,-24.17,0,Flor Marchita - Remasterizado,0,1922-03-29,0.064,76.3
0.5429999999999999,1922,0.995,['Ignacio Corsini'],0.431,183720,0.2,0,3ROtnqCtqrMbaDkivZyV5n,0.821,5,0.139,-23.557,0,Entrerriana - Remasterizado,0,1922-03-21,0.0322,108.65
0.407,1922,0.996,['Ignacio Corsini'],0.564,159800,0.053,0,3XxlglpLYkpZIfU1c1C5e4,0.927,6,0.117,-25.041,0,Pobre Cotorro - Remasterizado,0,1922-03-21,0.127,140.216
0.56,1922,0.992,['Adolphe Bérard'],0.4970000000000001,176000,0.218,0,3aynsWyvRwa1r5ekqaWxD3,0.0,4,0.311,-13.547,1,Mirage,0,1922,0.0345,88.412
0.8959999999999999,1922,0.996,['Ignacio Corsini'],0.527,177773,0.142,0,3c8AbdpLH4SSbTHsN71XDN,0.907,8,0.113,-20.701,0,Un Placer - Remasterizado,0,1922-03-21,0.0612,126.702
0.601,1922,0.979,['Georgius'],0.564,187040,0.433,0,3d8zXYhG3sFx4uL9vv8IRu,3.74e-06,2,0.226,-14.619000000000002,0,Le Tango Neurasthénique,0,1922,0.35600000000000004,72.003
0.552,1922,0.996,['Ignacio Corsini'],0.53,183027,0.147,0,450NWyAOOQ4cOPrp7ZRp13,0.894,9,0.114,-22.26,1,Pobre Madrecita - Remasterizado,0,1922-03-29,0.0663,69.45100000000001
0.83,1922,0.993,['Ignacio Corsini'],0.388,160267,0.202,0,45QQGQZMPaVxlg0edajDgk,0.917,8,0.111,-26.173,1,Primera Ilusión - Remasterizado,0,1922-03-21,0.0517,181.105
0.969,1922,0.987,['Félix Mayol'],0.716,151573,0.301,0,4CjnVzvSu86vqI5gY8SjPx,0.0,5,0.277,-14.07,1,Elle Vendait Des P'tits Gateaux,0,1922,0.105,129.153
0.708,1922,0.996,['Ignacio Corsini'],0.541,161080,0.161,0,4RR5RKLA2vTQxkWrMIeHem,0.907,3,0.129,-21.25,1,Cap Polonio - Remasterizado,0,1922-03-21,0.094,143.105
0.62,1922,0.995,['Fortugé'],0.5539999999999999,183840,0.204,0,4iy1fsAHBgR2STJjPDhjY2,1.24e-06,7,0.153,-14.764,1,Mes Parents Sont Venus Me Chercher,0,1922,0.0598,97.337
0.562,1922,0.994,['Ignacio Corsini'],0.442,174453,0.177,0,4sAPfFxCxKIF571z6JwL4r,0.0008960000000000002,9,0.491,-19.632,1,De Mil Amores - Remasterizado,0,1922-03-29,0.0571,128.395
0.413,1922,0.996,['Ignacio Corsini'],0.45,190653,0.0522,0,4vRhdBugLI9JQGsx3UfrAt,0.929,1,0.158,-29.357,0,Cachonguita - Remasterizado,0,1922-03-21,0.0583,72.40100000000002
0.105,1922,0.199,['Uli'],0.657,40000,0.325,0,4vV7uBcF2AnjNTOejBS5oL,0.856,10,0.0931,-14.319,0,L'enfer,0,1922-02-22,0.254,81.944
0.6829999999999999,1922,0.996,['Ignacio Corsini'],0.493,155653,0.0763,0,4xDAzKsPZg7kMOhsnXHOO7,0.909,4,0.16899999999999998,-25.843000000000004,1,Metejón - Remasterizado,0,1922-03-29,0.0612,75.313
0.42,1922,0.996,['Ignacio Corsini'],0.53,164653,0.0468,0,56GdrUlLtRUtcF4afPH40o,0.937,3,0.0982,-24.856,0,Remembranza - Remasterizado,0,1922-03-29,0.0853,129.602
0.138,1922,0.14400000000000002,['Uli'],0.644,104400,0.684,0,598LlBn6jpEpVbLjmZPsYV,0.802,7,0.0847,-8.247,1,Graphite,0,1922-02-22,0.199,100.031
0.8079999999999999,1922,0.984,['Georgius'],0.625,192933,0.35,0,5P35CyOEQiMqf8Hd6Pty5p,0.0,10,0.0988,-15.916,1,Méfiez Vous D'anatole,0,1922,0.312,81.567
0.564,1922,0.995,['Ignacio Corsini'],0.43,151027,0.155,0,5PJCXNLtJSB3XerASHg7eA,0.952,1,0.202,-26.685,0,Ensueño de Oro - Remasterizado,0,1922-03-29,0.116,96.58
0.515,1922,0.996,['Ignacio Corsini'],0.366,159800,0.0749,0,5cUFFY2Atw4QeFitueQCt2,0.924,7,0.117,-26.34,1,El Huerfano - Remasterizado,0,1922-03-29,0.0806,90.969
0.481,1922,0.995,['Mistinguett'],0.511,208267,0.206,0,5d5gQxHwYovxR5pqETOIAa,0.0,0,0.418,-15.514,1,J'en Ai Marre,0,1922,0.0592,70.443
0.34700000000000003,1922,0.995,['Ignacio Corsini'],0.496,139760,0.158,0,5kAxzo7Dog9Buovp3xXVO7,0.638,8,0.206,-18.494,1,Nostalgia - Remasterizado,0,1922-03-29,0.0423,79.87100000000002
0.528,1922,0.98,['Ignacio Corsini'],0.422,179813,0.561,0,5wfVO3v2ZiWmQvJuRgJANe,3.41e-06,5,0.966,-18.573,0,Monigote - Remasterizado,0,1922-03-21,0.461,121.542
0.5870000000000001,1922,0.996,['Ignacio Corsini'],0.493,158587,0.0997,0,5wg1nnx7c2kri8kx5xlCFH,0.481,5,0.192,-23.446,1,El Beso de la Muerte - Remasterizado,0,1922-03-21,0.0607,127.023
0.67,1922,0.996,['Jeanne Saint Bonnet'],0.6559999999999999,120760,0.28300000000000003,0,63IcPgVIW0PWeJTaIY7GCu,0.0059700000000000005,4,0.155,-14.113,1,Le Petit Amant,0,1922,0.191,126.085
0.312,1922,0.985,['Ignacio Corsini'],0.313,186200,0.102,0,69mWzKmxFFwIAJS8nzcCgO,0.97,10,0.102,-30.026,0,Recuerdo Criollo - Remasterizado,0,1922-03-29,0.0436,67.575
0.509,1922,0.98,['Ignacio Corsini'],0.425,178373,0.308,0,6E4t6Sor5rWOLQDCAdI0vN,0.0,1,0.631,-21.085,0,Despedida - Remasterizado,0,1922-03-29,0.0534,64.738
0.412,1922,0.474,['Uli'],0.6509999999999999,172803,0.574,0,6MD9XSLD4VmVI5SFRPm6By,0.713,10,0.0597,-11.999,0,Car Loans,0,1922-02-22,0.104,99.878
0.255,1922,0.992,['Ignacio Corsini'],0.32299999999999995,164320,0.106,0,6eew1OP57TeUDUMcjYE6A0,0.918,8,0.182,-25.138,1,La Muchacha - Remasterizado,0,1922-03-29,0.0483,71.432
0.635,1922,0.995,['Ignacio Corsini'],0.476,155253,0.131,0,6qXSeW8iUiHpbgRiqQO3aJ,0.929,2,0.102,-29.575,0,Pobre Gaucho - Remasterizado,0,1922-03-29,0.0523,69.40899999999999
0.5589999999999999,1922,0.993,['Ignacio Corsini'],0.35700000000000004,172800,0.244,0,6tl1bsB5SXbsLjOndGiM7Q,0.0455,1,0.274,-21.2,1,El Poder de Tus Ojos - Remasterizado,0,1922-03-21,0.0478,72.51
0.706,1922,0.995,['Ignacio Corsini'],0.564,158573,0.17800000000000002,0,7mFmbNkbJjrvDMukkza3OF,0.921,9,0.112,-26.435,1,Pobre China - Remasterizado,0,1922-03-21,0.0432,60.422
0.5579999999999999,1922,0.994,['Fortugé'],0.537,165200,0.153,0,7p94hrYktZStgIu6TCj3cZ,0.0,8,0.419,-15.217,1,Antoine,0,1922,0.0898,129.134
0.634,1922,0.995,['Georgius'],0.528,187733,0.343,0,7yWdEDmuqweoRkhZeftRtR,0.0,0,0.385,-14.963,0,Sur La Pointe Des Pieds,0,1922,0.315,83.2
0.901,1923,0.984,"['Louis Armstrong', 'Earl Hines']",0.831,161933,0.262,0,3eMrYc092k7SIJfWJ7oasR,0.912,8,0.204,-12.386,1,Weather Bird,42,1923,0.0942,104.606
0.211,1923,0.996,['Bessie Smith'],0.614,177133,0.0423,0,2wAfHM7Whz67VFbdanhZlk,0.00293,4,0.183,-12.033,1,Nobody Knows You When You're Down and Out,42,1923,0.0535,89.822
0.13699999999999998,1923,0.996,['Bessie Smith'],0.537,206600,0.0443,0,2AZgaYZSwUosJD71J2N2Zo,0.000265,3,0.152,-16.474,0,'Tain't Nobody's Bizness If I Do,29,1923,0.0343,80.468
0.503,1923,0.976,['Louis Armstrong'],0.665,192600,0.254,0,7lRFR5GJCxK87ZbVMtQSeS,0.00217,8,0.644,-9.879,1,Ain't Misbehavin',32,1923,0.108,125.734
0.601,1923,0.986,['Bessie Smith'],0.7709999999999999,201480,0.0905,0,0V1iYWPXCBTaB6dhbiprGF,0.00014099999999999998,3,0.152,-7.7879999999999985,1,Send Me to the 'Lectric Chair,26,1923,0.0613,87.571
0.402,1923,0.992,['Bessie Smith'],0.693,167640,0.027000000000000003,0,6qRvnXftofjYJm1Mg98UWL,0.0,0,0.134,-13.505999999999998,0,Need a Little Sugar in My Bowl,26,1923,0.0562,75.749
0.411,1923,0.995,['Bessie Smith'],0.525,187960,0.232,0,6sOKopKyVWwEJKh8zztYp5,0.0181,8,0.461,-7.649,1,Young Woman's Blues,24,1923,0.0335,76.14
0.5529999999999999,1923,0.995,['Bessie Smith'],0.7090000000000001,181173,0.062,0,6XTvSCqGLLH0vzQQRn55hz,0.0034100000000000003,5,0.12,-12.207,1,"Empty Bed Blues, Pt. 1",27,1923,0.048,85.854
0.294,1923,0.994,"['Bessie Smith', 'Louis Armstrong']",0.408,190107,0.145,0,4ejUoPIMggFTVrAyvodqJQ,4.73e-05,10,0.138,-10.99,1,St. Louis Blues (with Louis Armstrong),22,1923,0.0501,68.8
0.494,1923,0.99,['Bessie Smith'],0.71,169960,0.0735,0,1yjck0Owf0HfhY5kWHiXIQ,0.0,5,0.0941,-12.526,1,Me and My Gin,22,1923,0.0488,90.917
0.44,1923,0.996,['Bessie Smith'],0.6829999999999999,176067,0.0534,0,5lpBC66XQzpVDJuknDUuZd,0.000335,0,0.141,-16.704,1,Baby Won't You Please Come Home,22,1923,0.0356,79.488
0.483,1923,0.992,['Bessie Smith'],0.5870000000000001,205053,0.175,0,0rUf1j43orpfi6f4LbVo8D,0.00031800000000000003,2,0.073,-9.935,1,Careless Love,22,1923,0.0384,98.523
0.258,1923,0.991,"['Bessie Smith', 'Louis Armstrong']",0.355,189600,0.114,0,50zXyjVdFb3xAr3hnyYYn1,0.00686,10,0.108,-15.968,1,St. Louis Blues,22,1923,0.0588,69.902
0.902,1923,0.994,"[""King Oliver's Creole Jazz Band""]",0.708,194533,0.361,0,1xEEYhWxT4WhDQdxfPCT8D,0.883,0,0.103,-11.764,0,Snake Rag,20,1923,0.0441,105.695
0.412,1923,0.993,['Bessie Smith'],0.516,198053,0.146,0,2gyqc4p3WoxKsc6zaXF4hM,0.0223,2,0.172,-8.985,1,Backwater Blues,20,1923,0.0454,71.14399999999998
0.556,1923,0.996,['Bessie Smith'],0.491,205440,0.0583,0,6ktCV1ZtqlnXQeRFQvcXON,0.376,0,0.13699999999999998,-17.785,1,Down Hearted Blues,18,1923,0.0431,166.27
0.5579999999999999,1923,0.971,['Bessie Smith'],0.691,208827,0.198,0,6N1wS1e5bMOubmVtkDLNrt,0.008879999999999999,7,0.154,-11.164,0,Gimme a Pigfoot and a Bottle of Beer,17,1923,0.0784,103.901
0.5539999999999999,1923,0.996,"[""King Oliver's Creole Jazz Band""]",0.546,170827,0.189,0,3rauXVLOOM5BlxWqUcDpkg,0.908,0,0.339,-15.984000000000002,1,Chimes Blues,13,1923,0.0581,80.318
0.411,1923,0.985,['Louis Armstrong'],0.544,195000,0.181,0,3U6L5KW48YOsksN9Qvlydl,0.0256,5,0.401,-11.729,1,I've Got The World On A String,12,1923,0.0387,129.803
0.443,1923,0.995,"['Bessie Smith', 'Louis Armstrong']",0.415,180533,0.0795,0,7GRsQLXMzDHYb8zZAnMCDK,3.73e-05,0,0.426,-19.172,1,Sobbin' Hearted Blues,13,1923,0.0908,74.683
0.484,1923,0.989,['Louis Armstrong & His Hot Five'],0.586,168533,0.113,0,08XPnovoMlLsFB3LDGq0rX,0.276,10,0.181,-12.211,1,Muggles,13,1923,0.0607,85.235
0.49,1923,0.96,['Louis Armstrong'],0.5710000000000001,182707,0.269,0,5WlMyDvyQedom0kQ3MCTow,0.0129,4,0.121,-11.728,0,Lazy River,13,1923,0.067,101.845
0.411,1923,0.996,['Bessie Smith'],0.417,201267,0.0498,0,0F5F4GWA0Tz1ebZlLar2wG,0.123,5,0.16899999999999998,-13.523,1,Work House Blues,11,1923,0.0344,78.663
0.319,1923,0.995,"[""Clarence Williams' Blue Five""]",0.52,197493,0.153,0,1UdqHVRFYMZKU2Q7xkLtYc,0.131,0,0.353,-14.042,1,Pickin' On Your Baby,11,1923,0.044,102.937
0.491,1923,0.993,['Bessie Smith'],0.703,171027,0.185,0,1h0wyCVd12PDSd6CLoGaVL,0.00209,8,0.22,-8.325,1,Preachin' the Blues,10,1923,0.0441,104.916
0.35100000000000003,1923,0.996,['Bessie Smith'],0.602,208360,0.132,0,3tkC9PMf19ffJlh65EdANg,0.025,0,0.16399999999999998,-11.319,1,You've Been a Good Old Wagon,10,1923,0.0532,77.087
0.523,1923,0.986,['Louis Armstrong & His Hot Five'],0.621,195400,0.274,0,4ep3h4btBtuxsNeLFVzq5A,0.63,3,0.113,-12.094,1,West End Blues,16,1923,0.0514,84.788
0.494,1923,0.991,['Bessie Smith'],0.557,206253,0.0792,0,527J3xtyY4MdrpKtWcJNtL,0.0,0,0.18600000000000005,-13.094,1,Long Old Road,11,1923,0.0541,79.768
0.753,1923,0.994,"[""King Oliver's Creole Jazz Band""]",0.359,187227,0.35700000000000004,0,5SvyP1ZeJX1jA7AOZD08NA,0.8190000000000001,3,0.29,-11.81,1,Tears,10,1923,0.0511,205.053
0.58,1923,0.99,['Bessie Smith'],0.72,199213,0.214,0,7qxfKQ5qlcunexI4f0qifa,6.03e-06,7,0.14800000000000002,-6.5710000000000015,0,There'll Be a Hot Time in the Old Town Tonight,11,1923,0.07,82.921
0.665,1923,0.996,"[""Clarence Williams' Blue Five""]",0.514,152507,0.193,0,0Vl2DO5U6FjgBpzCtBN3OA,0.199,2,0.248,-13.92,0,Everybody Loves My Baby,9,1923,0.238,180.674
0.889,1923,0.98,['Louis Armstrong & His Sebastian New Cotton Club Orchestra'],0.759,187627,0.454,0,1mngGai1eXbHcBXuA6Z4jZ,0.81,5,0.18,-11.245,1,I'm A Ding Dong Daddy,9,1923,0.0822,109.79
0.609,1923,0.995,['Bessie Smith'],0.6409999999999999,187507,0.063,0,2CStrJiuFeHNS84A3kaT8s,2.21e-06,0,0.153,-12.193,1,Black Mountain Blues,10,1923,0.0727,65.673
0.735,1923,0.969,['Jimmie Rodgers'],0.76,157373,0.251,0,2ivh0kwd7QIViw6YqDPdBA,2.43e-06,3,0.0561,-11.491,1,Blue Yodel No. 9,8,1923,0.0602,108.456
0.7509999999999999,1923,0.971,['Louis Armstrong & His Hot Seven'],0.745,192027,0.396,0,1L0puqUCoINHyHjzzWXrHC,0.00179,0,0.238,-10.57,1,A Monday Date,8,1923,0.481,117.753
0.961,1923,0.949,['Louis Armstrong & His Hot Five'],0.733,177240,0.418,0,20VPM7ePvpxTQyZFjOiP1g,0.792,3,0.229,-12.287,1,Beau Koo Jack,7,1923,0.0765,121.289
0.489,1923,0.994,['Bessie Smith'],0.8,200093,0.0466,0,2AYdjRjSm49s6MFZiSlcSX,0.000165,5,0.111,-12.145,1,"Empty Bed Blues, Pt. 2",10,1923,0.0578,84.544
0.59,1923,0.995,['Louis Armstrong & His Hot Five'],0.63,172493,0.232,0,4FINjzgcPjqR2PPpnWrCKF,0.00627,8,0.124,-13.627,1,Heebie Jeebies,8,1923,0.0569,164.02700000000004
0.381,1923,0.976,['Louis Armstrong'],0.603,208200,0.13,0,4GOd9yNQrpl6omACRgvCX2,0.765,8,0.0943,-13.74,1,Song of the Islands,7,1923,0.0426,143.497
0.848,1923,0.995,['Fletcher Henderson & His Orchestra'],0.59,179360,0.268,0,4t1G1nGmPOms95TB9wz8FF,0.252,3,0.6459999999999999,-14.313,1,Naughty Man,8,1923,0.0725,189.266
0.8540000000000001,1923,0.973,['Louis Armstrong & His Hot Seven'],0.792,179667,0.321,0,5bfjNeQIU43IJPNY6c56fB,0.795,8,0.129,-15.633,1,Hotter Than That,8,1923,0.131,108.607
0.929,1923,0.936,['Louis Armstrong & His Hot Seven'],0.5870000000000001,175227,0.29,0,5c6hPSOnuiLnTve5b9s7ZS,0.254,5,0.115,-10.463,1,Potato Head Blues,7,1923,0.177,183.352
0.716,1923,0.996,['Louis Armstrong & His Hot Five'],0.602,161800,0.21600000000000005,0,02smo7WfO95Ww8MZw06h1p,0.524,0,0.0973,-12.264,1,Gut Bucket Blues,7,1923,0.0676,146.183
0.504,1923,0.994,['Louis Armstrong & His Hot Five'],0.6579999999999999,181027,0.0841,0,0HUCWtOLhJhXwSRn6pvzQC,0.767,5,0.08800000000000001,-14.759,1,Skid-Dat-De-Dat,6,1923,0.0496,121.494
0.629,1923,0.985,['Louis Armstrong'],0.604,203307,0.325,0,1v6v5llnekLbreJYIRfkKc,0.84,10,0.195,-10.48,1,Chicago Breakdown,9,1923,0.213,168.50599999999997
0.58,1923,0.976,['Maggie Jones'],0.584,199293,0.201,0,2cmUadaXBixJGY2x87EMOa,0.0,9,0.6890000000000001,-13.271,0,Anybody Here Want to Try My Cabbage?,6,1923,0.0575,82.54899999999998
0.889,1923,0.979,['Louis Armstrong'],0.7170000000000001,205533,0.209,0,300WVfsVnOUJM2KXAm9IGS,0.439,1,0.0609,-13.224,1,Stardust,8,1923,0.0622,127.401
0.718,1923,0.923,['Louis Armstrong & His Savoy Ballroom Five'],0.496,201267,0.311,0,3DzcB6weYL3L7oRNmsJCaV,0.0127,5,0.252,-11.202,1,No One Else But You,6,1923,0.124,191.035
0.469,1923,0.995,"[""Clarence Williams' Blue Five""]",0.519,186427,0.272,0,3IL7X89mdAJ4ISGrGXi3sB,0.7829999999999999,11,0.35100000000000003,-15.573,1,Texas Moaner Blues - 78rpm Version,7,1923,0.0627,80.523
0.657,1923,0.968,['Louis Armstrong & His Sebastian New Cotton Club Orchestra'],0.606,197000,0.261,0,3tlygdsn8Jl6D0XA7RRslx,0.124,10,0.12,-13.995,1,Sweethearts On Parade,6,1923,0.0679,128.025
0.624,1923,0.984,['Louis Armstrong'],0.5,169733,0.193,0,4E0HHRQlEdBFhsQHrKWXRR,0.7440000000000001,10,0.227,-10.373,1,When You're Smiling - Non Vocal Take,6,1923,0.0347,147.29
0.514,1923,0.971,['Louis Armstrong & His Hot Five'],0.561,197067,0.353,0,4m1Th0JSQkevDsHiOpoxlQ,0.13,10,0.922,-9.617,1,Basin Street Blues - rec. 1928,6,1923,0.0538,107.711
0.496,1923,0.968,['Louis Armstrong'],0.454,184533,0.233,0,4qTkOBmwGFamB3V9QEFwDS,0.0333,7,0.218,-11.394,0,When Your Lover Has Gone,6,1923,0.0433,119.956
0.879,1923,0.983,['Fletcher Henderson & His Orchestra'],0.78,169267,0.207,0,4ubnmGMXNLgQpj5YKoldMm,0.0291,10,0.101,-14.127,1,Sugar Foot Stomp,7,1923,0.0771,100.376
0.767,1923,0.83,['Louis Armstrong'],0.642,194227,0.274,0,4yZ7B7yoMjDMH4oInYA36l,0.898,3,0.0398,-9.874,1,Mahogany Hall Stomp,6,1923,0.101,184.923
0.415,1923,0.988,['Louis Armstrong & His Sebastian New Cotton Club Orchestra'],0.479,201200,0.14,0,5CwOaZmAAsFfbQ5qCKS6sn,0.65,3,0.153,-14.753,1,I'm Confessin' (That I Love You),6,1923,0.0725,81.67399999999998
0.75,1923,0.928,['Louis Armstrong'],0.579,183800,0.204,0,5EFXgEnibXPumWosZtJqkx,0.00459,0,0.0901,-12.634,1,I Can't Believe That You're In Love With Me,6,1923,0.0804,154.333
0.84,1923,0.995,"[""Clarence Williams' Blue Five""]",0.634,175573,0.435,0,5WfYFtwzOo8Ne7DA1qhtWl,0.8809999999999999,7,0.204,-12.422,0,Cake Walking Babies (From Home),6,1923,0.0474,121.516
0.772,1923,0.97,['Louis Armstrong'],0.614,213667,0.298,0,5eXOIVUkW17FqnEoLR2wTX,0.6459999999999999,3,0.0514,-11.004,0,Stardust,6,1923,0.0541,122.319
0.89,1923,0.942,['Fletcher Henderson & His Orchestra'],0.809,171373,0.408,0,5pIiw01BoIPnkQQI1AZHQL,0.0398,1,0.307,-12.035,1,T.N.T.,6,1923,0.0846,113.494
0.6759999999999999,1923,0.882,['Louis Armstrong'],0.7879999999999999,193760,0.395,0,6azxqS9u7eO5DslqJCWMNd,0.8440000000000001,10,0.124,-14.032,1,Knockin' A Jug - 78 rpm Version,6,1923,0.301,113.336
0.825,1923,0.963,['Louis Armstrong'],0.726,179840,0.212,0,06Q9isDLNDaHJNPa5lM4Cg,0.688,8,0.0798,-14.744000000000002,1,Struttin'With Some Barbecue,5,1923,0.126,97.21
0.37,1923,0.989,['Louis Armstrong'],0.527,200200,0.17800000000000002,0,0QfWOoNZibrxHpzdKWEHBZ,9.85e-06,3,0.104,-14.814,1,When It's Sleepy Time Down South,4,1923,0.0793,105.093
0.675,1923,0.995,"[""Clarence Williams' Blue Five""]",0.713,183200,0.231,0,180gKK9WXgetU7EAxhCn7t,0.0,7,0.436,-13.375,1,You Can't Shush Katie,6,1923,0.067,108.482
0.8059999999999999,1923,0.97,['Louis Armstrong'],0.7190000000000001,180600,0.388,0,18NiVMY4Fz6MjnhrX8xFiM,0.526,1,0.132,-11.337,1,That Rhythm Man,5,1923,0.154,118.272
0.256,1923,0.992,['Louis Armstrong & His Sebastian New Cotton Club Orchestra'],0.615,191800,0.13,0,1h0lfbm5uARsmDAkBikqfz,0.0805,3,0.146,-15.372,1,Memories Of You,4,1923,0.0466,108.873
0.537,1923,0.978,['Louis Armstrong'],0.598,187707,0.31,0,1t2zq9TXj7mlSX8fcKwCbm,0.0337,5,0.0766,-10.794,1,Blue Again,4,1923,0.0714,110.346
0.387,1923,0.988,['Louis Armstrong'],0.6809999999999999,180307,0.188,0,2DAK09fP0bobALaArOEeCI,0.00732,0,0.345,-12.133,1,(What Did I Do to Be So) Black and Blue,6,1923,0.0482,103.095
0.965,1923,0.907,['Louis Armstrong & His Hot Seven'],0.573,177307,0.246,0,2GnYkuVM8jQh4sFGGmDfcV,0.867,5,0.0752,-13.553,1,Weary Blues,4,1923,0.224,205.419
0.5760000000000001,1923,0.989,['Louis Armstrong'],0.585,174373,0.228,0,2SRy24tTjBERSmb3FHqzdb,8.55e-06,0,0.55,-11.651,1,On The Sunny Side Of The Street - Part 1,5,1923,0.0475,98.685
0.5579999999999999,1923,0.963,['Louis Armstrong & His Hot Five'],0.713,172667,0.294,0,2gwppa6p7HymxbyxEooUNI,0.348,5,0.387,-10.672,1,Two Deuces,4,1923,0.073,85.29899999999998
0.5539999999999999,1923,0.994,['Louis Armstrong & His Hot Five'],0.536,183133,0.168,0,2n13QpmPEINmoTLUAlLCd7,0.121,2,0.29,-15.701,1,King Of The Zulas,5,1923,0.114,169.06099999999995
0.741,1923,0.937,['Louis Armstrong'],0.625,176400,0.203,0,2nwxT2BLHn5NjQj0wuEXAu,0.0208,5,0.0868,-12.257,1,Between The Devil And The Deep Blue Sea,5,1923,0.077,133.909
0.96,1923,0.994,"[""Erskine Tate's Vendome Orchestra""]",0.6920000000000001,174893,0.477,0,31N4so4BNr6e0Hz2NtmU33,0.929,8,0.369,-13.342,1,"Stomp Off, Let's Go",6,1923,0.363,118.604
0.593,1923,0.977,['Louis Armstrong & His Hot Five'],0.653,184133,0.131,0,377bagPbNQx6K6RKjuUFQ3,0.733,8,0.6,-19.164,1,Skip The Gutter,5,1923,0.0628,124.1
0.647,1923,0.994,['Margaret Johnson'],0.583,161560,0.214,0,3GuVFPnSVW036wmwUrXQ9Q,3.3e-05,10,0.446,-13.687,1,Changeable Daddy Of Mine,6,1923,0.0423,101.916
0.794,1923,0.945,['Louis Armstrong'],0.562,193667,0.525,0,3MUeRkKpLxxyRFzqMTj1HY,0.0949,3,0.129,-8.992,1,"Chinatown, My Chinatown",5,1923,0.142,158.373
0.816,1923,0.927,['Louis Armstrong'],0.741,195960,0.284,0,3jic1HtQwJwaKnBL4ykuwZ,0.0788,3,0.0633,-10.406,1,My Sweet,4,1923,0.0505,105.84
0.957,1923,0.98,"[""Carroll Dickerson's Savoyagers""]",0.78,191400,0.368,0,3pcaFPeiPvuLD46XTuVNiF,0.907,5,0.0798,-13.855,1,Symphonic Raps,6,1923,0.0958,115.401
0.637,1923,0.995,['Nolan Welsh'],0.657,211800,0.136,0,3qByw3YrQnpjMttThvwclS,7.64e-05,11,0.118,-14.723,1,The Bridwell Blues,4,1923,0.339,72.492
0.43,1923,0.996,['The Southern Serenaders'],0.66,191173,0.184,0,3yJC2QZqAm1i2wSob2Cpyv,0.941,10,0.305,-13.993,1,Alone At Last,5,1923,0.0322,107.328
0.946,1923,0.912,['Louis Armstrong'],0.68,176333,0.47,0,43WZyNbzOJOnKQStu8if8E,0.907,11,0.0819,-8.644,0,St. Louis Blues - Alternate Take B,6,1923,0.11,181.038
0.5870000000000001,1923,0.995,"[""Clarence Williams' Blue Five""]",0.6729999999999999,178827,0.132,0,46ddI0x8tLiOjDFqb2TQ5R,0.108,10,0.26,-15.685,1,Papa De Da Da,6,1923,0.0771,105.5
0.6509999999999999,1923,0.953,['Lillie Delk Christian'],0.851,191307,0.221,0,4Bk8r390pyafdSPtWoUKwz,7.36e-06,8,0.0692,-12.89,0,I Must Have That Man,5,1923,0.0932,116.444
0.5770000000000001,1923,0.951,['Louis Armstrong & His Savoy Ballroom Five'],0.66,213000,0.118,0,4Ewzp7BFfvcXofZnvrYwFx,0.452,7,0.0841,-13.172,1,I Can't Give You Anything But Love,5,1923,0.0648,108.305
0.82,1923,0.933,['Louis Armstrong & His Hot Seven'],0.679,194293,0.14400000000000002,0,4PD69KQwh9GccLW2647tTL,0.168,3,0.0915,-14.081,1,Gully Low Blues,6,1923,0.0975,108.832
0.544,1923,0.986,['Louis Armstrong & His Hot Five'],0.8109999999999999,208040,0.151,0,4j1w8LCA1MLSnTYxMVXQ63,0.8690000000000001,7,0.0965,-14.297,1,Savoy Blues,5,1923,0.0823,127.944
0.638,1923,0.975,['Louis Armstrong'],0.5529999999999999,171533,0.255,0,5EMxMmB4iSzA8jMNgLcTtO,0.804,10,0.531,-8.575,1,Song Of The Vipers,5,1923,0.0874,181.769
0.534,1923,0.995,['Maggie Jones'],0.551,192200,0.196,0,5SM5voPROPhpgLuqRpGnNp,0.00325,0,0.384,-14.692,1,Good Time Flat Blues,6,1923,0.0594,76.598
0.465,1923,0.98,"['Bertha ""Chippie"" Hill']",0.4920000000000001,172973,0.115,0,5rgmvqVTH38BKIhzEHanMq,0.0,9,0.037000000000000005,-15.788,1,Low Land Blues,5,1923,0.0898,172.97099999999998
0.6920000000000001,1923,0.995,['Louis Armstrong & His Hot Five'],0.5579999999999999,194267,0.19,0,6JLKiy1LMbmYY8JOM38UR9,0.5720000000000001,3,0.113,-14.621,1,Cornet Chop Suey,5,1923,0.0869,170.06599999999997
0.882,1923,0.99,['Lillie Delk Christian'],0.603,173173,0.28600000000000003,0,6TBNeFMHsIarzHz8cz74KA,0.000713,7,0.0682,-13.73,1,Too Busy,4,1923,0.0806,176.56599999999997
0.564,1923,0.988,"['Hociel Thomas', 'Louis Armstrong']",0.536,198467,0.128,0,7H5X09Fl9MN0FhICH4TSF6,0.0,2,0.314,-13.093,1,Listen To Ma,5,1923,0.0435,91.937
0.895,1923,0.995,['Louis Armstrong & His Hot Five'],0.6990000000000001,177093,0.273,0,7eKV3eq2hqgAkYaWF3voms,0.3670000000000001,7,0.108,-11.624,1,Big Butter And Egg Man,5,1923,0.0886,102.375
0.575,1923,0.996,"['Bertha ""Chippie"" Hill', 'Louis Armstrong']",0.6609999999999999,178707,0.134,0,0YIo0uq3o867nFkE9I9hf2,0.0011,2,0.119,-12.61,1,Pleadin' for the Blues,4,1923,0.0763,71.497
0.456,1923,0.982,['Louis Armstrong & His Hot Five'],0.726,197627,0.254,0,0fuLzjcUhMW9s6NBsDb22L,0.33,1,0.0398,-10.298,0,Tight Like This,3,1923,0.124,110.86
0.8140000000000001,1923,0.992,['Seger Ellis'],0.564,186467,0.203,0,0oqDrehB6TLZNZk7J4sTKA,5.45e-06,4,0.457,-11.501,1,To Be In Love,4,1923,0.0743,160.767
0.5760000000000001,1923,0.989,['Louis Armstrong'],0.5589999999999999,185973,0.266,0,2ohtXE5y4GhN0Zxvalubes,0.847,0,0.448,-9.804,1,On The Sunny Side Of The Street - Part 2,4,1923,0.0512,101.279
0.594,1923,0.986,['Louis Armstrong & His Hot Five'],0.604,207000,0.279,0,4Q5I6riVFNV4mJaqSCmB0C,0.237,10,0.275,-11.588,1,Basin Street Blues - rec. 1928,4,1923,0.0446,123.271
0.8370000000000001,1923,0.981,['Louis Armstrong & His Hot Seven'],0.6659999999999999,192760,0.278,0,5f5zQytojoUSXcJKSJ4hJO,0.405,7,0.107,-14.148,1,Put 'Em Down Blues,4,1923,0.0926,101.729
0.807,1923,0.995,['Francisco Canaro'],0.501,172187,0.39,0,0CvmUvqBk83K7aD1FitfXn,0.963,2,0.173,-14.475,1,Sol Mio - Remasterizado,0,1923-07-09,0.05,83.162
0.6859999999999999,1923,0.988,['Dranem'],0.653,139707,0.319,0,0GBMsGrBHw8rifEpXZabKx,0.0,7,0.266,-13.706,1,Le Moment De M'en Aller,0,1923,0.0519,102.225
0.597,1923,0.992,['Ignacio Corsini'],0.47,152947,0.28,0,0GkpS6KjxFsNt61hOpB2j9,0.926,11,0.107,-19.32,1,La Payasa - Remasterizado,0,1923-03-29,0.129,130.445
0.532,1923,0.992,['Ignacio Corsini'],0.414,174387,0.248,0,0fdCpczLwvzvAyzCGGOZtX,0.884,6,0.172,-21.685,1,Entre Criollos - Remasterizado,0,1923-03-29,0.0905,74.08800000000002
0.57,1923,0.996,['Ignacio Corsini'],0.5720000000000001,120093,0.0909,0,0pfb51HxNzI3bNVjKasaKK,0.908,11,0.246,-24.536,1,Vencida - Remasterizado,0,1923-03-29,0.139,131.55
0.767,1923,0.992,['Gaby Montbreuse'],0.435,160907,0.353,0,1B9DQSfiDWhYZmkqbYyonp,0.0,2,0.303,-14.907,1,C'est Au Bal Musette,0,1923,0.0992,77.699
0.8029999999999999,1923,0.991,['Edmée Favart'],0.7829999999999999,141040,0.341,0,1C24gb2rQwSd262BP09DNB,0.0,2,0.589,-14.903,1,Chanson De Route De Ciboulette,0,1923,0.873,121.287
0.759,1923,0.98,['Georgius'],0.635,204400,0.285,0,1HfsGFkj5HdvEUyiWAr5Bv,0.0,1,0.446,-16.475,1,Ma Gosse,0,1923,0.217,123.849
0.823,1923,0.989,['Hafız Ahmet Celâl Tokses'],0.234,175541,0.401,0,1IM5GNo7ctGQ6cfHS8C6XE,0.993,4,0.393,-15.225,0,Pala Oyunu,0,1923-12-18,0.04,77.395
0.444,1923,0.989,['Francisco Canaro'],0.424,166587,0.28300000000000003,0,1VtCBfQf6KdQfmBgpRUUdY,0.968,6,0.289,-15.550999999999998,1,Fakir - Remasterizado,0,1923-07-09,0.0509,138.19
0.621,1923,0.995,['Robert Jysor'],0.496,184427,0.32,0,1YjHwSX3Y7X8586eaXM1Kk,0.0,0,0.272,-12.255,1,Tu Voudrais Me Voir Pleurer,0,1923,0.0847,108.512
0.182,1923,0.994,['Safiye Ayla'],0.227,204173,0.423,0,1aN3D9FqE9P7slzb60Eqwj,0.787,6,0.439,-8.111,1,Hicran,0,1923-01-04,0.095,81.23899999999998
0.556,1923,0.99,['Adolphe Bérard'],0.38,183133,0.235,0,1eLbwzyHyUne68R2yXPidS,0.0,4,0.457,-15.970999999999998,1,Le Tapis Vert,0,1923,0.053,82.78299999999999
0.19,1923,0.995,['Hafız Ahmet Celâl Tokses'],0.26,167680,0.333,0,1lxRFRONmnUxRz5YhQAAwX,0.917,4,0.51,-17.084,1,Pek Muztaribim,0,1923-12-18,0.0896,78.08
0.618,1923,0.992,['Francisco Canaro'],0.377,170800,0.335,0,1u9zTLc3iWTud0cZM83CDr,0.961,1,0.173,-16.295,1,Cuando Buda Sonríe - Remasterizado,0,1923-07-09,0.0426,79.422
0.733,1923,0.994,['Francisco Canaro'],0.563,174667,0.426,0,1xci8Zmd0JnJD5g2WwXpNx,0.96,11,0.209,-13.831,0,Electric Girl - Remasterizado,0,1923-07-09,0.14800000000000002,80.204
0.66,1923,0.996,['Ignacio Corsini'],0.574,178147,0.0119,0,1yMDC3pVzxKlcKwwwiFSmt,0.936,5,0.099,-28.427,0,Sacate la Caretita - Remasterizado,0,1923-03-29,0.102,125.425
0.89,1923,0.994,['Francisco Canaro'],0.515,180387,0.272,0,21QQ5ZuQUjPQQRi1JzR8GY,0.97,4,0.15,-15.873,0,Veranito de San Juan - Remasterizado,0,1923-07-09,0.108,130.063
0.453,1923,0.815,['Harry Curtis'],0.433,162064,0.422,0,25SMQZnHTtKcUxFIpG7Mhp,9.67e-06,10,0.114,-12.455,1,The Loveliest Night of the Year,0,1923,0.0418,160.02100000000004
0.424,1923,0.996,['Francisco Canaro'],0.397,156587,0.229,0,2626aAS6eQgc6CvdLVnoOw,0.8370000000000001,6,0.379,-15.284,0,La Danza de las Libélulas - Remasterizado,0,1923-07-09,0.0365,80.086
0.599,1923,0.996,['Ignacio Corsini'],0.493,150640,0.109,0,282GBb96Uc1l3nvDZU14Wr,0.8220000000000001,2,0.4,-23.485,0,La Garconniere - Remasterizado,0,1923-03-29,0.423,120.344
0.843,1923,0.993,['Gaby Montbreuse'],0.6409999999999999,206000,0.28300000000000003,0,2DMT63ps2b8F2PmbVG1Jtu,6.98e-06,8,0.15,-16.471,1,D'la Vraie Amour,0,1923,0.316,65.865
0.614,1923,0.994,['Francisco Canaro'],0.6,151467,0.243,0,2TdBHm411Q9eU09zF24HHW,0.992,4,0.15,-15.922,0,Padre Nuestro - Remasterizado,0,1923-07-09,0.055,125.772
0.934,1923,0.978,['Félix Mayol'],0.623,173427,0.292,0,2d3OQvoLSn9NA4sMGIYxNT,0.0,4,0.341,-11.501,1,La Valse Du Faubourg,0,1923,0.0558,61.28
0.253,1923,0.996,['Ignacio Corsini'],0.415,153147,0.0359,0,2dnaGKlRop5kaBJjEKW7j0,0.914,1,0.105,-29.191,0,Juventud - Remasterizado,0,1923-03-29,0.0562,70.347
0.51,1923,0.995,['Ignacio Corsini'],0.502,171107,0.298,0,2gFUqcLFUDVXcWmeKAOnGd,0.919,5,0.285,-15.321,0,Pobre Cotorro - Remasterizado,0,1923-03-29,0.0805,135.238
0.5489999999999999,1923,0.994,['Ignacio Corsini'],0.391,146827,0.14300000000000002,0,2p6Iprr9YSwoPEr9Z24uVj,0.318,7,0.147,-23.364,1,Beso de Sol - Remasterizado,0,1923-03-29,0.0425,78.544
0.56,1923,0.994,['Ignacio Corsini'],0.335,185853,0.305,0,2yqz75MA7AtLje5drtf8Gq,0.89,11,0.407,-19.576,0,Mi Alazan Tostado - Remasterizado,0,1923-03-29,0.0427,100.941
0.536,1923,0.995,['Mlle Davia'],0.519,171933,0.292,0,2zFWLv60Tyz6D7SUQUNZtH,0.0502,0,0.474,-15.185,1,Elle N'est Pas Si Mal Que Ca,0,1923,0.0852,83.334
0.8490000000000001,1923,0.975,['André Baugé'],0.607,127893,0.279,0,34rdVyVGI2u6I0tNWc8v0Y,0.0,5,0.219,-13.411,1,Nous Avons Fait Un Beau Voyage,0,1923,0.174,73.673
0.942,1923,0.995,['Francisco Canaro'],0.47,171187,0.43,0,35gyMzxIMFL4e2YL5hkpH6,0.981,5,0.177,-13.013,1,I Ain't No Body's Darling - Remasterizado,0,1923-07-09,0.0516,166.475
0.8059999999999999,1923,0.758,['Harry Curtis'],0.725,130064,0.377,0,3DWEcGDSXu42LYHbSVYguU,1.19e-06,11,0.118,-12.955,1,There's No Tomorrow,0,1923,0.0324,109.982
0.698,1923,0.995,['Ignacio Corsini'],0.435,153187,0.212,0,3IOmj6NIiknYGtIuFGBSBG,0.0165,6,0.252,-21.562,0,Muchachita Loca - Remasterizado,0,1923-03-29,0.0479,122.928
0.727,1923,0.995,['Francisco Canaro'],0.618,176200,0.306,0,3V2R1hDixOyRYEIWdYm0OC,0.967,8,0.12,-13.928,0,Nubes de Humo - Remasterizado,0,1923-07-09,0.0535,122.623
0.76,1923,0.995,['Francisco Canaro'],0.336,157867,0.415,0,3XHUxnjmA15lbMDcGYiWwZ,0.984,0,0.264,-15.088,1,Eleonore - Remasterizado,0,1923-07-09,0.17,167.96
0.804,1923,0.992,['Robert Jysor'],0.6659999999999999,188840,0.366,0,3ZKOtk1YGKwrQkDhi73zJr,0.0,1,0.336,-12.874,0,Dans Les Jardins De L'alhambra,0,1923,0.0682,108.158
0.885,1923,0.758,['Harry Curtis'],0.718,143073,0.506,0,3erNdiLPou8N2daJMvaaWv,9.75e-06,7,0.0615,-10.519,1,Dinah,0,1923,0.0362,130.062
0.7290000000000001,1923,0.7140000000000001,['Harry Curtis'],0.627,147069,0.415,0,3f4HAZPUTSrQbK6jCwQhnx,0.0,0,0.16399999999999998,-11.671,1,You Broke the Only Heart That Ever Loved You,0,1923,0.0462,133.901
0.779,1923,0.8590000000000001,['Harry Curtis'],0.733,184059,0.516,0,3lWtpc2gKflv5xG7qGVA9l,0.0,2,0.0913,-11.97,1,I Can't Give You Anything But Love,0,1923,0.0475,139.964
0.561,1923,0.906,['Harry Curtis'],0.743,150570,0.417,0,3zsFs71s4rmanTNdQUatzS,0.0,5,0.0982,-10.234,1,You Never Miss the Water till the Well Runs Dry,0,1923,0.0313,119.96
0.236,1923,0.88,['Harry Curtis'],0.475,209058,0.294,0,41RLkvyELWv5ydLwQ6FsLu,0.0,10,0.109,-12.168,1,You Always Hurt the One You Love,0,1923,0.0381,126.301
0.711,1923,0.996,['Francisco Canaro'],0.407,160787,0.407,0,4IZb9POk9nkymYNibJkUxh,0.982,0,0.29600000000000004,-16.127,0,Negro Veio - Remasterizado,0,1923-07-09,0.116,134.869
0.59,1923,0.994,['Ignacio Corsini'],0.537,130347,0.273,0,4Oy82y4C7BmmbRKwqtnHP9,0.866,9,0.161,-21.049,1,Fin de Fiesta - Remasterizado,0,1923-03-29,0.114,126.42
0.88,1923,0.995,['Ignacio Corsini'],0.52,138387,0.168,0,4aBACPRAZ0c9aE4hANFqQC,0.916,6,0.106,-25.089,0,El Ranchito - Remasterizado,0,1923-03-29,0.0598,133.933
0.785,1923,0.818,['Harry Curtis'],0.825,161071,0.476,0,4eM1VXQJL2BUF8oS5z0aMg,0.0,1,0.0901,-10.491,1,Sleepy Time Gal,0,1923,0.0328,119.979
0.684,1923,0.992,['Ignacio Corsini'],0.375,165787,0.345,0,4k5a1oCScvCZQitzrWsND1,0.898,4,0.266,-20.106,0,La Vuelta de Mi Amor - Remasterizado,0,1923-03-29,0.337,74.236
0.706,1923,0.976,['Georgius'],0.613,182440,0.457,0,4qCTrMjyVYDIGVKSGbuBNF,0.0,7,0.192,-15.501,1,Il N'osait Pas Se Decider,0,1923,0.51,76.682
0.584,1923,0.995,['Gaby Montbreuse'],0.599,185067,0.227,0,4rU4TQ59s6Z91flH6bqPKM,4.49e-05,10,0.129,-14.867,0,Le Roudoudou,0,1923,0.0646,78.265
0.6609999999999999,1923,0.838,['Harry Curtis'],0.7020000000000001,124056,0.3720000000000001,0,4xHyPfnrvKvatqt2oj3b4V,0.0,0,0.13,-10.667,1,I Don't Know Enough About You,0,1923,0.0894,156.09
0.593,1923,0.995,['Francisco Canaro'],0.332,179987,0.29100000000000004,0,4xoxTpgNnolA6lk5yIVtmB,0.858,1,0.404,-16.271,1,Nerón - Remasterizado,0,1923-07-09,0.0555,186.573
0.779,1923,0.993,['Ignacio Corsini'],0.394,164867,0.327,0,50x81sb0gBee8tf30mm8C9,0.764,1,0.14,-20.112,1,Pelele - Remasterizado,0,1923-03-29,0.12,63.228
0.807,1923,0.992,['Maurice Chevalier'],0.564,145973,0.247,0,51aC0HxEnEvhiuCRRXwipW,0.0,7,0.201,-16.23,1,Si Vous N'aimez Pas Ca,0,1923,0.29100000000000004,76.223
0.795,1923,0.969,['Maurice Chevalier'],0.496,201400,0.297,0,52LOYFwwceYeK0A0XCA8CG,0.0,2,0.165,-16.775,1,C'est Paris,0,1923,0.0816,84.27799999999998
0.272,1923,0.905,['FanChants: Navijači Radnički 1923'],0.406,117944,0.947,0,52rqxBsKzlyuWPkZDTryPJ,0.00225,11,0.821,-4.784,1,Ekipa Je Na Nogama,0,1923,0.282,129.659
0.316,1923,0.994,['Francisco Canaro'],0.433,176147,0.381,0,53RV0sULomDyKTBNttT8rP,0.0,3,0.236,-8.127,0,Dejeme Que la Acompañe - Remasterizado,0,1923-07-09,0.0433,129.194
0.762,1923,0.996,['Francisco Canaro'],0.5660000000000001,170667,0.312,0,545izoN6zrJPVbxnuWWv6e,0.951,11,0.252,-16.077,0,Pelele - Remasterizado,0,1923-07-09,0.0853,129.161
0.8190000000000001,1923,0.995,['René De Buxeuil'],0.511,145427,0.267,0,55ihYpQJAmCxrStWCqbyLz,0.000242,0,0.16,-17.493,1,Y'a Des Loups,0,1923,0.0862,133.22
0.675,1923,0.7709999999999999,['Harry Curtis'],0.721,115069,0.394,0,56nYVNAo1pyeR5lNyQDkaw,0.0,2,0.371,-10.624,1,Linda,0,1923,0.0651,107.884
0.706,1923,0.993,['Ignacio Corsini'],0.337,188067,0.311,0,59wHAfTZzQLjlRuki5fQbA,0.977,2,0.745,-19.693,1,Cariño Eterno Irene - Remasterizado,0,1923-03-29,0.0549,115.48
0.888,1923,0.994,['Francisco Canaro'],0.512,139733,0.29100000000000004,0,5G5CFwLItSxfy3lsiaL6D7,0.944,4,0.247,-14.599,1,La Java - Remasterizado,0,1923-07-09,0.0407,150.63
0.335,1923,0.000591,['Hykoski Studios'],0.779,136800,0.121,0,5GUQeC4Yp5G89gxfRPJB4G,0.805,1,0.105,-23.027,1,Long Live Love Life,0,1923-03-25,0.0547,100.003
0.8220000000000001,1923,0.973,['Maurice Chevalier'],0.55,194533,0.333,0,5NVr3qEKa1YJiFs4W04JbF,0.0,7,0.213,-15.12,1,Ose Anna,0,1923,0.0543,89.669
0.36,1923,0.986,['Ignacio Corsini'],0.345,140013,0.237,0,5To3LZIEi3F2Uto6huARlu,0.93,6,0.168,-19.972,0,Juan de los Santos Arena - Remasterizado,0,1923-03-29,0.0527,62.794
0.278,1923,0.996,['Francisco Canaro'],0.431,124613,0.241,0,5kY4Yotw4QhL4OCGoJ41NA,0.877,4,0.153,-13.486,1,Los Ojazos de Mi Suegra - Remasterizado,0,1923-07-09,0.0651,117.048
0.564,1923,0.994,['Francisco Canaro'],0.6,173067,0.329,0,5nrgo1baweZCJCSa0gx30D,0.964,7,0.14800000000000002,-14.876,1,La Ratonera - Remasterizado,0,1923-07-09,0.0683,125.571
0.77,1923,6.54e-05,['Macarti'],0.7879999999999999,414749,0.898,0,5wBkFVpjJiuRi8ZomCngAU,0.843,6,0.0393,-9.377,1,Beis Ep,0,1923-02-06,0.0704,125.031
0.473,1923,0.988,['Emma Liebel'],0.219,173960,0.301,0,6B23Olc7unlf1u4g7fKcC9,7.16e-06,3,0.159,-14.602,1,Rien Qu'une Nuit,0,1923,0.0457,77.506
0.727,1923,0.995,['Ignacio Corsini'],0.459,138173,0.129,0,6DIS3aMViX5Fa3TpSn5VZa,0.973,2,0.436,-24.289,1,Sombras - Remasterizado,0,1923-03-29,0.0847,85.152
0.8370000000000001,1923,0.757,['Harry Curtis'],0.74,130064,0.512,0,6DT6nvj99xYdNwh4zc2qVM,0.0,7,0.361,-8.373,1,Glow Worm,0,1923,0.0507,146.037
0.8009999999999999,1923,0.962,['Dranem'],0.57,146693,0.277,0,6FY2h8LhZnDLz2qLiDu0kw,0.0,5,0.318,-15.736,1,Aime Moi Emma,0,1923,0.0648,76.632
0.743,1923,0.995,['Maurice Chevalier'],0.481,115160,0.221,0,6Gevw7gzy3smhlriQzlCVG,1.78e-06,1,0.47,-17.99,0,Couplets De La Haut,0,1923,0.163,88.538
0.542,1923,0.97,['Francisco Canaro'],0.32299999999999995,186080,0.458,0,6LAMHr6Zzx6q8h0BtL2toL,0.928,1,0.112,-15.815,1,Camel - Remasterizado,0,1923-07-09,0.0526,186.768
0.152,1923,0.784,['4509 STARPASS Prodcutions'],0.628,256981,0.091,0,6VWSJhuxjaIQdsE37xXfDj,0.000944,0,0.102,-18.878,1,Great is Thy Faithfulness,0,1923,0.0398,130.486
0.524,1923,0.987,['Perchicot'],0.374,198507,0.383,0,6nL3RDerJ8lSOX1anIzpdz,0.0,5,0.241,-15.804,1,Quand On Aime On A Toujours Vingt Ans,0,1923,0.188,169.83599999999996
0.758,1923,0.7490000000000001,['Harry Curtis'],0.667,135053,0.408,0,6wgJnau215hVv6zrtPkBuz,0.0,8,0.0748,-9.513,1,Bye Bye Blackbird,0,1923,0.0286,132.023
0.552,1923,0.8690000000000001,['Harry Curtis'],0.489,180062,0.392,0,6yqYqwtzaMNOHDiNScVuwc,0.0,0,0.0618,-11.049,1,Paper Doll,0,1923,0.0333,140.085
0.765,1923,0.993,['Fortugé'],0.687,187933,0.173,0,71tnorDlCFZ4g2c1VEaQkR,0.0,5,0.86,-14.726,1,C'est Jeune Et Ca N'sait Pas,0,1923,0.0772,114.198
0.8140000000000001,1923,0.996,['Francisco Canaro'],0.684,177173,0.262,0,7EvnfhaPaXURHPoLaFZyRE,0.975,10,0.149,-14.356,1,Ave María - Remasterizado,0,1923-07-09,0.0666,120.389
0.659,1923,0.996,['Ignacio Corsini'],0.335,128547,0.096,0,7Hto89Th3bfsBMaBV70PWW,0.7659999999999999,11,0.158,-27.47300000000001,0,La Cabeza del Italiano - Remasterizado,0,1923-03-29,0.0883,147.183
0.6679999999999999,1923,0.99,['Ignacio Corsini'],0.396,144680,0.246,0,7IP5SZ3br2KrmaU4zVvUGk,0.893,6,0.165,-21.15,1,Veni Pebeta - Remasterizado,0,1923-03-29,0.0565,63.823
0.588,1923,0.992,['Francisco Canaro'],0.594,182907,0.231,0,7cXBqrsP9vw9n31zBR3HFg,0.932,6,0.14800000000000002,-15.425,0,Sacate la Caretita - Remasterizado,0,1923-07-09,0.0608,117.917
0.488,1923,0.815,['Harry Curtis'],0.7240000000000001,134060,0.32299999999999995,0,7dkz2VUbSc7Q884erTp7pG,0.0,2,0.0997,-13.774,0,You Can't Fool a Broken Heart,0,1923,0.0303,109.014
0.0661,1923,0.994,"['Qatar Concert Choir', 'Giovanni Pasini']",0.419,230910,0.114,0,7li6UhaaGIR6qcrZKdj1V6,0.96,5,0.0681,-18.409,0,"The Four Seasons: 'Winter' in F Minor, RV 297: Allegro non Molto - Choral Version",0,1923,0.0476,127.638
0.664,1923,0.955,"['Eugénie Buffet', 'René De Buxeuil']",0.515,186693,0.219,0,7uLMgGFcaP2GFyyXzcgSXj,0.0,0,0.31,-15.755999999999998,1,Ma Chanson,0,1923,0.108,85.385
0.8270000000000001,1923,0.995,['Dréan'],0.6459999999999999,170040,0.345,0,7xHvQztpZzhaR9JRaeXDhM,3.82e-06,1,0.196,-11.057,1,Si Tu Vois Ma Tante,0,1923,0.07200000000000001,122.159
0.655,1924,0.994,"['Jean Goldkette and his Orchestra', 'Bix Beiderbecke']",0.721,148493,0.238,0,6rEw2OvQHSwaPfYSv9proK,0.162,2,0.135,-12.591,1,In My Merry Oldsmobile,12,1924,0.0419,111.372
0.8320000000000001,1924,0.816,"['Paul Whiteman & His Orchestra', 'Bix Beiderbecke']",0.6779999999999999,206000,0.395,0,59UEylF5pnWCXm91Hzk2Q9,0.24,3,0.1,-9.825,1,Mississippi Mud (feat. Bix Beiderbecke),13,1924,0.133,184.446
0.542,1924,0.818,"['The Chenille Sisters', ""James Dapogny's Chicago Jazz Band""]",0.7120000000000001,133200,0.312,0,0JisTodwlw4iokUY4zEfMb,0.0,8,0.171,-11.535,1,Low Gravy,11,1924,0.0552,76.98100000000002
0.648,1924,0.946,"['Paul Whiteman & His Orchestra', 'Bix Beiderbecke']",0.693,169867,0.319,0,5l3GHotrnIYZcaxvDgHbst,0.0121,8,0.4970000000000001,-11.152,0,Changes,7,1924,0.0545,107.014
0.8540000000000001,1924,0.981,"['Jean Goldkette and his Orchestra', 'Bix Beiderbecke']",0.865,178773,0.326,0,3mKyLrlesMkJpHAarbeXCU,0.236,8,0.249,-12.64,1,Sunday,7,1924,0.0492,108.316
0.763,1924,0.989,"['Jean Goldkette and his Orchestra', 'Bix Beiderbecke']",0.625,181933,0.275,0,5fihSggqWM5vABDBrKxGhE,0.8240000000000001,0,0.483,-11.668,0,Slow River,6,1924,0.0358,104.05
0.923,1924,0.983,"['Jean Goldkette and his Orchestra', 'Bix Beiderbecke']",0.7809999999999999,193000,0.303,0,6ElNcnaA5qDK4VlXrLrqvx,0.0821,10,0.0582,-9.205,1,I'm Looking Over a Four-Leaf Clover (feat. Bix Beiderbecke),6,1924,0.0417,110.684
0.962,1924,0.952,"['Bix Beiderbecke', 'Jean Goldkette and his Orchestra']",0.618,161800,0.568,0,7zdqEebfxYBKKYfLpRDcZb,0.868,7,0.106,-8.876,1,My Pretty Girl,7,1924,0.083,128.99
0.688,1924,0.94,"['Bix Beiderbecke', 'Hoagy Carmichael & His Orchestra']",0.61,169000,0.784,0,0B6ttII7PpRQXgreuJCLv1,0.105,8,0.0835,-8.734,1,Barnacle Bill The Sailor,5,1924,0.266,131.186
0.825,1924,0.995,"['Jean Goldkette and his Orchestra', 'Bix Beiderbecke']",0.614,185000,0.504,0,7AO6HiSVKT8WjYGc5Oh9ws,0.243,3,0.569,-10.579,1,I Didn't Know,6,1924,0.0332,101.04
0.7759999999999999,1924,0.93,"['Jean Goldkette and his Orchestra', 'Bix Beiderbecke']",0.679,171227,0.287,0,3t9Atfmz1AsCUoltGcOWm6,0.212,10,0.0627,-10.867,0,Idolizing,4,1924,0.0427,111.344
0.6579999999999999,1924,0.995,"['Paul Whiteman & His Orchestra', 'Bix Beiderbecke', 'Bing Crosby']",0.588,211987,0.209,0,4qdExp8yEjjREnW6qe59qT,0.853,5,0.119,-13.757,1,There Ain't No Sweet Man That's Worth the Salt of My Tears,4,1924,0.114,169.049
0.366,1924,0.987,"['Hoagy Carmichael & His Orchestra', 'Bix Beiderbecke']",0.488,189000,0.204,0,661CAsOnUSYImyPn8PwtfN,0.0954,10,0.327,-13.313,1,Georgia On My Mind (feat. Bix Beiderbecke),5,1924,0.0447,104.229
0.905,1924,0.973,"['Paul Whiteman & His Orchestra', 'Bix Beiderbecke']",0.6779999999999999,202000,0.458,0,6tWzn21SATD02S0ts7BSPA,0.929,10,0.0675,-11.597,0,San,4,1924,0.0478,111.731
0.961,1924,0.987,"['Jean Goldkette and his Orchestra', 'Bix Beiderbecke']",0.625,181173,0.34600000000000003,0,7otUCdCHZmbKknO9fVKSNx,0.928,8,0.373,-12.467,1,Clementine (From New Orleans) - Remastered 1989,4,1924,0.0686,177.112
0.7809999999999999,1924,0.8590000000000001,"['Paul Whiteman & His Orchestra', 'Bix Beiderbecke']",0.765,196000,0.378,0,0WpK3FoUfvOcfTtU6X0hbH,0.8370000000000001,7,0.25,-12.191,1,Sugar,3,1924,0.0796,105.349
0.871,1924,0.951,"['Hoagy Carmichael & His Orchestra', 'Bix Beiderbecke', 'Bud Freeman']",0.826,175720,0.447,0,1WVXxCQtAvzwerdF1oBiXy,0.24,5,0.0764,-10.71,1,Bessie Couldn't Help It,4,1924,0.0547,95.616
0.741,1924,0.99,"['Paul Whiteman & His Orchestra', 'Bix Beiderbecke']",0.622,172000,0.527,0,1eesahm8KPMP9hTEv9W3QL,0.879,3,0.263,-10.487,1,Lonely Melody,3,1924,0.0468,96.512
0.918,1924,0.84,"['Paul Whiteman & His Orchestra', 'Bix Beiderbecke']",0.491,181267,0.33,0,3JCJs6b2Midbvum3qechgd,0.8959999999999999,5,0.269,-11.657,1,Dardanella,2,1924,0.0763,207.459
0.924,1924,0.986,"['Bix Beiderbecke', 'Jean Goldkette and his Orchestra']",0.736,185667,0.28600000000000003,0,3iBSWcxxl5xrw5w5iDYIFq,0.0878,7,0.124,-9.82,1,I'm Proud of a Baby Like You,4,1924,0.0457,104.57
0.665,1924,0.932,"['Bix Beiderbecke', 'Hoagy Carmichael & His Orchestra']",0.657,207000,0.363,0,4Lf3YhfAE55vTfRyj5SUIq,0.0348,8,0.189,-12.306,1,Rockin' Chair,3,1924,0.4,161.306
0.8690000000000001,1924,0.966,"['Paul Whiteman & His Orchestra', 'Bix Beiderbecke']",0.664,151693,0.273,0,4SQ6xU6Q9AP6bua8bldBoe,0.861,7,0.371,-13.326,0,Coquette,2,1924,0.0445,105.798
0.921,1924,0.889,"['Paul Whiteman & His Orchestra', 'Bix Beiderbecke', 'Bing Crosby']",0.422,166333,0.392,0,5vZwWZvoqDYiDqO6u7fIZm,0.515,7,0.327,-11.201,1,(What Are You Waiting For) Mary,3,1924,0.0388,189.586
0.25,1924,0.992,"['Paul Whiteman & His Concert Orchestra', 'Bix Beiderbecke']",0.536,253800,0.0815,0,01ZZRn5vix6WJfvQqXLtpP,0.0261,10,0.111,-16.192999999999998,1,Washboard Blues,2,1924,0.0494,112.243
0.315,1924,0.8959999999999999,"['The Chenille Sisters', ""James Dapogny's Chicago Jazz Band""]",0.581,355440,0.132,0,09MlY8XZXec36c8z27raVd,0.0405,10,0.105,-16.464000000000002,1,Sentimental Journey,2,1924,0.033,71.587
0.481,1924,0.992,['Louis Armstrong'],0.674,187400,0.17600000000000002,0,0mvVIlqmAJnk4S1zWz8Pye,0.0264,11,0.273,-12.537,1,(What Did I Do to Be So) Black and Blue,1,1924,0.0574,98.984
0.753,1924,0.922,"['Bix Beiderbecke And His Orchestra', 'Bix Beiderbecke']",0.565,181000,0.448,0,0xOgGPN7fDszF6wLpPBE6r,0.0434,7,0.107,-11.397,0,"Deep Down South (From ""Pardon My Gun"")",1,1924,0.0554,85.618
0.684,1924,0.99,"['Paul Whiteman & His Orchestra', 'Bix Beiderbecke']",0.563,168000,0.23,0,3SzSfiYWgjMNdUNi3bCk5B,0.908,8,0.348,-12.341,1,Back In Your Own Backyard,1,1924,0.0328,99.411
0.659,1924,0.983,"['Paul Whiteman & His Orchestra', 'Bing Crosby', 'Bix Beiderbecke']",0.649,184000,0.5870000000000001,0,3pKHJwxKDCnhv6I5Jqhz8s,0.495,10,0.138,-10.376,1,From Monday On (with Bing Crosby & Bix Beiderbecke),2,1924,0.147,110.947
0.909,1924,0.964,"['Jean Goldkette and his Orchestra', 'Bix Beiderbecke']",0.624,177933,0.404,0,3sTY4w8SiETVl4BJyGTNpd,0.0587,9,0.71,-9.894,1,Hoosier Sweetheart,3,1924,0.0474,112.317
0.436,1924,0.887,"['Bix Beiderbecke And His Orchestra', 'Bix Beiderbecke']",0.508,186000,0.262,0,4SGCTwZyY0uTOJuMMsYKWl,0.0343,7,0.115,-12.632,1,"I'll Be a Friend ""With Pleasure""",2,1924,0.0405,137.012
0.763,1924,0.974,"['Bix Beiderbecke', 'Bix Beiderbecke And His Orchestra']",0.416,173000,0.24,0,4YJ5hX2TZiBMAlwcUyfu8c,0.023,8,0.0789,-14.319,1,I Don't Mind Walking in the Rain (If I'm Walking in the Rain with You),2,1924,0.0656,171.83
0.711,1924,0.988,"['Paul Whiteman & His Orchestra', 'Bix Beiderbecke']",0.636,176800,0.26,0,5v1mU1giXqokrOnNhCPDkP,0.0502,5,0.114,-12.630999999999998,0,Louisiana,2,1924,0.0449,97.797
0.8420000000000001,1924,0.971,"['Paul Whiteman & His Orchestra', 'Bix Beiderbecke']",0.6709999999999999,181427,0.383,0,6nVSuzjKSZ9y6NrxUtmimA,0.0306,5,0.175,-12.275,1,Lovable,1,1924,0.0385,116.628
0.968,1924,0.981,"['Jean Goldkette and his Orchestra', 'Bix Beiderbecke']",0.741,163000,0.535,0,7mjBXTOlhlaxX3qZDLfX6G,0.765,1,0.152,-9.173,0,I'm Gonna Meet My Sweetie Now,2,1924,0.0411,118.205
0.564,1924,0.995,['Ignacio Corsini'],0.29100000000000004,156293,0.153,0,00ZoQFjisje8cmTJKpO3uQ,0.0188,5,0.187,-22.092,1,Tristeza Criolla - Remasterizado,0,1924-03-29,0.0586,177.144
0.746,1924,0.989,['Ignacio Corsini'],0.439,132787,0.158,0,00dYkxYZB1sChcRL6aUK85,0.862,6,0.109,-20.976,0,A Lo Lejos - Remasterizado,0,1924-03-29,0.0732,168.59599999999998
0.35200000000000004,1924,0.996,['Francisco Canaro'],0.589,170533,0.254,0,00jK3BvNcO3lf2TdxHwo9d,0.952,2,0.255,-16.081,1,Fantasio - Remasterizado,0,1924-07-11,0.0576,116.602
0.556,1924,0.996,['Francisco Canaro'],0.6859999999999999,176880,0.235,0,06GtF3borSXnkXfCyeUUmX,0.978,9,0.307,-14.023,1,El Vazquito - Remasterizado,0,1924-07-12,0.104,118.773
0.799,1924,0.995,['George Olsen'],0.396,134360,0.28,0,06JcOHxs3UZbdTIGaP4ieA,0.939,0,0.0671,-13.775,1,A Sun-Kist Cottage In California,0,1924-01-01,0.049,211.83900000000003
0.63,1924,0.996,['Francisco Canaro'],0.524,177693,0.532,0,08SpaYq4TuWsuqHoxJg3xM,0.943,3,0.131,-14.630999999999998,1,Ki Ki - Remasterizado,0,1924-07-11,0.385,116.661
0.397,1924,0.996,['Francisco Canaro'],0.601,199667,0.177,0,0BWjkLpY5E5DWWbwtsZtEG,0.941,8,0.265,-17.316,0,La Cabeza del Italiano - Remasterizado,0,1924-07-11,0.0701,72.738
0.276,1924,0.612,['Jailess'],0.755,150909,0.65,0,0DXeuoAUgY4kkFuC3AvhmE,0.000153,0,0.101,-7.107,1,Pelco y Trama,0,1924-08-31,0.42,90.951
0.619,1924,0.995,['Francisco Canaro'],0.682,170667,0.3,0,0GJn6cusRANNfmv25i1hPZ,0.979,10,0.14,-13.108,0,Una Noche en París - Remasterizado,0,1924-07-12,0.0607,121.616
0.688,1924,0.996,['Francisco Canaro'],0.605,167040,0.154,0,0GVfm14q2ESYGTf3ukH0Pi,0.931,2,0.16699999999999998,-18.3,1,Sobre el Pucho - Remasterizado,0,1924-07-11,0.0626,124.756
0.547,1924,0.987,['Ignacio Corsini'],0.332,134840,0.278,0,0GXSIHwSyddrKNddSMNABj,0.963,8,0.177,-19.895,1,Olga - Remasterizado,0,1924-03-29,0.0748,179.54
0.15,1924,0.98,['Ignacio Corsini'],0.408,144253,0.198,0,0OJgo5mwk8SirgbF8Ht4lA,0.9,4,0.114,-23.185,1,Juan de los Santos Arena - Remasterizado,0,1924-03-29,0.0552,120.807
0.6920000000000001,1924,0.996,['Francisco Canaro'],0.463,154653,0.24,0,0P50B0DOwk4Y7k3ERvlq5b,0.906,0,0.225,-16.523,1,Día de Lluvia - Remasterizado,0,1924-07-11,0.127,138.878
0.71,1924,0.996,['Francisco Canaro'],0.425,188147,0.652,0,0V29uZ25OVqdQeB7uOeUv3,0.843,10,0.715,-12.108,0,La Sulamita - Remasterizado,0,1924-07-11,0.0707,176.25599999999997
0.614,1924,0.996,['Francisco Canaro'],0.371,151000,0.429,0,0XxNSOBdA2uQSwXMthVPfO,0.968,0,0.193,-13.349,0,Francesita - Remasterizado,0,1924-07-11,0.3670000000000001,83.762
0.835,1924,0.994,['Adolphe Bérard'],0.462,195200,0.277,0,0cqYzfCNsc3ESTkEsE45Ns,3.57e-06,7,0.0991,-14.628,0,Les grains de beauté,0,1924,0.058,91.775
0.387,1924,0.975,['Duke Ellington & His Washingtonians'],0.5479999999999999,203427,0.181,0,0dFIPCkgtDTapTIN3PgQON,0.0213,6,0.226,-16.195999999999998,1,Black and Tan Fantasy,0,1924,0.0491,108.274
0.809,1924,0.6709999999999999,"['The Chenille Sisters', ""James Dapogny's Chicago Jazz Band""]",0.687,176533,0.557,0,0fSiph081hxiAPQ95Ra786,0.000468,8,0.0353,-11.106,1,I Want To Be Happy,0,1924,0.0594,121.011
0.835,1924,0.968,['Hot Lips Page'],0.626,200067,0.452,0,0ffe3xtnnDpGxRE3lHIwhD,0.0252,7,0.119,-12.341,0,Jump For Joy,0,1924,0.0698,125.293
0.101,1924,0.984,['Dombrova Piano Duo'],0.3720000000000001,1031014,0.0909,0,0g1SxfmgprLJXsBQ40pIYM,0.8540000000000001,2,0.077,-24.959,1,Rhapsody in Blue (for piano 4 hands),0,1924,0.0557,71.866
0.765,1924,0.996,['Francisco Canaro'],0.508,176520,0.491,0,0habaFvLjblyuJHUXOP1bu,0.931,6,0.192,-16.988,0,Sin Consuelo - Remasterizado,0,1924-07-12,0.219,74.513
0.841,1924,0.985,['Georges Milton'],0.7070000000000001,154893,0.316,0,0jevjABCJ7yA139ejmBjZY,0.0,0,0.16699999999999998,-16.541,1,J'aime pas ca,0,1924,0.0686,90.009
0.726,1924,0.985,"['Paul Whiteman & His Orchestra', 'Bix Beiderbecke']",0.778,170173,0.179,0,0lL9oZj00ktbJjmvJhuGnp,0.755,5,0.0889,-13.443,1,My Pet,1,1924,0.0502,96.408
0.29600000000000004,1924,0.772,['Sara Gee & Ramblin Matt'],0.59,283389,0.138,0,0ldBKPrhPqoqJcfwpQ4X0x,0.000221,7,0.12,-15.065,1,Wild Women Don't Have the Blues,0,1924,0.0628,81.219
0.893,1924,0.996,['Francisco Canaro'],0.588,162827,0.316,0,0oBftCwkss2MDilOow56oy,0.966,2,0.228,-14.435,1,Oh París - Remasterizado,0,1924-07-12,0.0668,172.762
0.588,1924,0.996,['Francisco Canaro'],0.634,164533,0.438,0,0odJX7Vaz6vyRdF7foaS19,0.956,5,0.273,-13.906,1,El Flechazo - Remasterizado,0,1924-07-11,0.253,127.552
0.901,1924,0.931,['Johann Sebastian Bach'],0.6609999999999999,170973,0.239,0,0sfPuqQFRqddMCwyntbyjC,0.0,9,0.0511,-13.361,1,Avec bidasse,0,1924,0.243,93.021
0.515,1924,0.992,['Bayan Sultan'],0.382,166699,0.222,0,0u2QMHIKMviLxV4afomuiP,0.902,2,0.12,-14.032,1,Gemi Kalkar Sular Aka,0,1924-12-18,0.0712,80.039
0.428,1924,0.996,['Francisco Canaro'],0.5329999999999999,173467,0.219,0,0zYxScpizOj2XkB9jU9LxQ,0.911,8,0.31,-14.809,1,Sentimiento Gaucho - Remasterizado,0,1924-07-12,0.0827,71.05
0.96,1924,0.624,"['The Chenille Sisters', ""James Dapogny's Chicago Jazz Band""]",0.657,180667,0.455,0,15SUltrayJlHNaoEVI1NgM,0.00194,10,0.214,-11.877,1,Rum and Coca Cola,0,1924,0.0547,143.431
0.552,1924,0.601,"['The Chenille Sisters', ""James Dapogny's Chicago Jazz Band""]",0.647,313707,0.5870000000000001,0,18OWcGarr66PybHGAF9nhr,0.635,5,0.128,-10.882,1,Bye Bye Blues,0,1924,0.0638,119.703
0.752,1924,0.996,['Francisco Canaro'],0.369,164320,0.506,0,1AnWsrmF3or0kUIASWQxfP,0.942,7,0.37,-14.262,1,Pato Alegre - Remasterizado,0,1924-07-12,0.182,120.913
0.949,1924,0.996,['Francisco Canaro'],0.628,172333,0.403,0,1DMuD0CaT8fJxx5pIbRJzP,0.898,2,0.693,-13.157,1,Pero Hay Una Melena - Remasterizado,0,1924-07-12,0.0352,77.773
0.7290000000000001,1924,0.991,['Mistinguett'],0.6559999999999999,161933,0.467,0,1EO65UEEPfy7CR0NK2sDxy,0.0,9,0.219,-12.392,0,Ils n'ont pas ca,0,1924,0.177,129.865
0.856,1924,0.89,"['Paul Whiteman & His Orchestra', 'Bix Beiderbecke']",0.727,170307,0.411,0,1FoAqfehAMBUEWKz01sVtr,0.105,5,0.249,-10.799,0,When,1,1924,0.0622,111.371
0.6890000000000001,1924,0.995,['George Olsen'],0.6659999999999999,190707,0.329,0,1IwWFWpxxjbnYjI7enSbJD,0.227,5,0.0813,-10.168,1,Nancy,0,1924-01-01,0.033,109.65
0.745,1924,0.821,['Lionel Hampton Orchestra'],0.589,500787,0.895,0,1JKGMzesB5AMCp9Yuqbcjj,0.675,10,0.593,-4.295,1,I Got Rhythm,0,1924,0.103,141.475
0.494,1924,0.995,['Ignacio Corsini'],0.5589999999999999,162507,0.138,0,1M4n1lkTiH1o6K2RKVuopE,0.907,2,0.238,-22.274,1,Galletita - Remasterizado,0,1924-03-29,0.117,111.322
0.623,1924,0.996,['Francisco Canaro'],0.585,152387,0.306,0,1QeEdPa3xSu8Vejf8YBMXx,0.954,4,0.28600000000000003,-12.408,1,Puentecito - Remasterizado,0,1924-07-12,0.0774,116.973
0.937,1924,0.975,['Fred Gouin'],0.722,162293,0.267,0,1Wa0hdSbicX9gehPufTzr3,0.0,4,0.265,-13.319,1,Elle a perdu son pantalon,0,1924,0.0926,126.281
0.517,1924,0.991,['Georgius'],0.61,197640,0.374,0,1agQgiViJVJrONfuBVGck6,0.0,3,0.159,-11.64,1,Passons la monnaie,0,1924,0.293,138.204
0.505,1924,0.99,['René De Buxeuil'],0.404,194760,0.314,0,1bpb5MLji9mbUPqRltTtIk,0.0,0,0.298,-16.797,1,L'âme des roses,0,1924,0.0785,74.166
0.693,1924,0.995,['Francisco Canaro'],0.374,148173,0.458,0,1dk1ilqdHCLXwAcqPsnMwM,0.911,8,0.422,-12.673,0,La Madrecita - Remasterizado,0,1924-07-11,0.0369,134.416
0.81,1924,0.995,['Dranem'],0.644,167560,0.262,0,1dxQ9woGE6ErHP4eoct4b8,7.66e-06,9,0.127,-15.243,0,J'ai eu tort,0,1924,0.0767,64.835
0.541,1924,0.996,['Francisco Canaro'],0.494,176747,0.232,0,1gxCV37YTTaWCPACNYdImn,0.927,9,0.174,-18.142,0,Juventud - Remasterizado,0,1924-07-11,0.175,65.9
0.556,1924,0.995,['George Olsen'],0.334,168027,0.382,0,1hTEyfuMYO88JjvSJEarcr,0.8859999999999999,5,0.114,-11.737,1,The Slave of Love,0,1924-01-01,0.0393,202.861
0.617,1924,0.784,['Duke Ellington'],0.602,180427,0.333,0,1iYULfwDSwsh4eQUkdSx3D,1.22e-06,0,0.127,-9.352,1,"Up and Down, Up and Down (I Will Lead Them Up and Down) [Puck]",0,1924,0.0284,77.438
0.8029999999999999,1924,0.996,['Francisco Canaro'],0.725,167120,0.284,0,1nS72qyMPIOcQGyxxglsNJ,0.961,0,0.223,-14.01,0,Solita - Remasterizado,0,1924-07-12,0.0691,119.168
0.7,1924,0.996,['Francisco Canaro'],0.653,171600,0.251,0,1oPGdfmHHEKUOQWKdqtqBN,0.96,2,0.114,-14.249,1,Mameluke - Remasterizado,0,1924-07-12,0.0681,116.703
0.705,1924,0.995,['Francisco Canaro'],0.225,172160,0.4320000000000001,0,1p6moJMYdQBIohT6LzFFtO,0.983,5,0.193,-15.683,0,Cotillón - Remasterizado,0,1924-07-11,0.058,171.9
0.451,1924,0.0008470000000000001,['Lionel Hampton Orchestra'],0.339,326093,0.623,0,1spxOSeCG8DUa5pwK6EPvZ,0.0125,7,0.354,-13.184,1,How High the Moon,0,1924,0.0481,80.847
0.721,1924,0.995,['Maurice Chevalier'],0.6,148760,0.256,0,1tVeausocI8kRJXlAm3kGP,1.72e-06,6,0.401,-14.619000000000002,1,Ca vient ou ca n'vient pas,0,1924,0.0932,81.477
0.647,1924,0.996,['Francisco Canaro'],0.3,188400,0.369,0,1uyUvOCTgWNn1cnQBclT5B,0.948,3,0.324,-13.854,1,El Borracho - Remasterizado,0,1924-07-12,0.0598,71.88
0.456,1924,0.991,['Bessie Smith'],0.494,193960,0.212,0,1vyWKqg4E54w3woxOqIduz,0.0,1,0.777,-10.61,1,Work House Blues,0,1924,0.0332,80.28699999999998
0.923,1924,0.988,['George Olsen'],0.438,180533,0.338,0,1zPZ6UI2IFvyw399Wqwuhk,0.925,3,0.151,-12.718,1,Save Your Sorrow For Tomorrow,0,1924-01-01,0.0479,209.855
0.7120000000000001,1924,0.993,['Maurice Chevalier'],0.616,159307,0.302,0,1zsq8owQ8KZ1yv7r0EZn3J,0.0,3,0.0865,-14.815,1,Les ananas,0,1924,0.161,136.155
0.322,1924,0.996,['Francisco Canaro'],0.487,191147,0.0849,0,22Zf2FtRJhCKdnCoshU53T,0.818,8,0.121,-17.366,1,Padre Nuestro - Remasterizado,0,1924-07-11,0.0969,132.86
0.236,1924,0.996,['Francisco Canaro'],0.389,174640,0.3720000000000001,0,23Wl0mfhHCa0wgGKP0lvfv,0.952,3,0.239,-11.583,1,Melodía de Amor - Remasterizado,0,1924-07-12,0.0709,133.53799999999998
0.475,1924,0.996,['Francisco Canaro'],0.393,186600,0.388,0,23xeY0EI4ZklNr7sm9hUvU,0.967,8,0.428,-11.936,0,Arrepentida - Remasterizado,0,1924-07-12,0.17600000000000002,213.448
0.6809999999999999,1924,0.996,['Francisco Canaro'],0.4320000000000001,189133,0.257,0,29qeRLMn8dC8namrmZzvpv,0.927,1,0.236,-10.682,1,Recuerdo de París - Remasterizado,0,1924-07-12,0.0805,71.063
0.601,1924,0.996,['Francisco Canaro'],0.467,165213,0.36,0,2EHCmcIdGcn282tF7hkt0P,0.897,2,0.29,-13.877,0,La Garconiere - Remasterizado,0,1924-07-11,0.0516,119.334
0.507,1924,0.995,['Francisco Canaro'],0.397,188347,0.334,0,2FcDRcHSSqtYjFnD5FUJOP,0.978,4,0.215,-16.767,1,Arabian Smiles - Remasterizado,0,1924-07-11,0.0706,136.523
0.7,1924,0.995,['Francisco Canaro'],0.53,170067,0.297,0,2JyKwljqsuRIrqHOQscLUd,0.912,10,0.13,-18.45,1,Pobre Madrecita - Remasterizado,0,1924-07-11,0.136,128.019
0.647,1924,0.995,['Francisco Canaro'],0.355,166667,0.299,0,2KQsH0OusGdovvY5XGvYoO,0.7709999999999999,10,0.14,-18.996,1,La Virgen de Estambul - Remasterizado,0,1924-07-11,0.0456,130.437
0.757,1924,0.995,['George Olsen'],0.585,179240,0.362,0,2LIwTk58Eb6g6Q6Rw4ekXD,0.769,0,0.341,-14.386,1,Nobody Knows What a Red-Head Mama Can Do,0,1924-01-01,0.0934,183.728
0.6859999999999999,1924,0.993,['George Olsen'],0.794,164093,0.327,0,2M6VDjIyknJqeZpyt0owZw,0.0294,5,0.112,-14.556,1,My Papa Doesn't Two-Time No Time,0,1924-01-01,0.0535,108.723
0.8009999999999999,1924,0.99,['George Olsen'],0.6890000000000001,185853,0.319,0,2SCAklEyF0ArIoCq9HotPy,0.523,0,0.0421,-12.398,1,You'll Never Get to Heaven with Those Eyes,0,1924-01-01,0.0612,97.806
0.0,1924,0.996,['Ignacio Corsini'],0.0,133947,0.0258,0,2WTtJDfCUjAyCZHRSfCLDn,0.768,5,0.0831,-24.894,1,La Mina del Ford - Remasterizado,0,1924-03-29,0.0,0.0
0.823,1924,0.6579999999999999,"['The Chenille Sisters', ""James Dapogny's Chicago Jazz Band""]",0.65,196560,0.599,0,2XIFockStn76X2Vt878GPq,0.000117,8,0.239,-10.187,1,Nagasaki,1,1924,0.0536,116.474
0.579,1924,0.994,['Ignacio Corsini'],0.443,186240,0.0558,0,2cOE5LUG1FViS4yX3C8YUD,0.929,3,0.313,-22.32,1,Mi Rosal Ha Florecido - Remasterizado,0,1924-03-29,0.119,74.416
0.6729999999999999,1924,0.5710000000000001,['Lionel Hampton Orchestra'],0.613,158853,0.578,0,2fKomnNDpVH4vvKPVnCq5f,0.0526,11,0.13699999999999998,-11.159,0,Wine Song,0,1924,0.0305,134.619
0.603,1924,0.996,['Francisco Canaro'],0.738,175893,0.285,0,2fzm8k973cmkJh1HBsgOu2,0.838,8,0.18600000000000005,-11.513,1,Porque - Remasterizado,0,1924-07-12,0.0537,112.954
0.628,1924,0.469,['Jimmy Rushing And His Orchestra'],0.59,207333,0.37,0,2gLGKPi8uCfRGV2Kkv2YJJ,0.0,8,0.304,-11.666,1,Down Hearted Blues,0,1924,0.0367,80.482
0.922,1924,0.996,['Francisco Canaro'],0.451,171827,0.599,0,2hBNaMVFeZ68GPOCXKw8G3,0.911,6,0.8490000000000001,-9.195,1,Yo Tuve un Amorcito - Remasterizado,0,1924-07-12,0.11,183.705
0.672,1924,0.996,['Francisco Canaro'],0.6890000000000001,172987,0.245,0,2mYyH216FlPzP4rFQAuIxo,0.916,7,0.273,-13.916,1,Marea Baja - Remasterizado,0,1924-07-11,0.0671,126.603
0.7440000000000001,1924,0.995,['Francisco Canaro'],0.64,170533,0.311,0,2v1xGuEPv8AtXzNSxDeCyV,0.973,3,0.201,-14.227,0,No me Digas Que la Quiero - Remasterizado,0,1924-07-12,0.0539,124.044
0.327,1924,0.996,['Francisco Canaro'],0.424,204053,0.309,0,2xDnVQfki042lphxbxDylR,0.946,5,0.175,-16.927,1,Sobin Blue - Remasterizado,0,1924-07-11,0.0591,127.24
0.872,1924,0.991,['Francisco Canaro'],0.5760000000000001,173693,0.487,0,2xK2jdLgjizVgc7pt3xjm1,0.963,5,0.145,-15.383,0,El Serrucho - Remasterizado,0,1924-07-11,0.0987,131.30700000000002
0.634,1924,0.995,['Ignacio Corsini'],0.494,159200,0.111,0,2xY6aTzgJS9nI9kcG3F2bh,0.684,5,0.17600000000000002,-23.239,1,El Beso de la Muerte - Remasterizado,0,1924-03-29,0.0653,127.714
0.575,1924,0.996,['Francisco Canaro'],0.209,168373,0.52,0,30JHWOyo2V4pvQu7Kttmk8,0.987,10,0.501,-15.655,1,Sueño Indio - Remasterizado,0,1924-07-12,0.0739,173.264
0.7809999999999999,1924,0.995,['Francisco Canaro'],0.436,172707,0.4920000000000001,0,31mfc5lwsASjh3fXAn5VCJ,0.967,2,0.3670000000000001,-14.29,1,Ahí Va el Dulce - Remasterizado,0,1924-07-11,0.0977,127.168
0.882,1924,0.713,"['The Chenille Sisters', ""James Dapogny's Chicago Jazz Band""]",0.6579999999999999,199533,0.398,0,36Cxe9CIlO1pcc7kPpm9nX,0.0,7,0.127,-10.054,0,Goody-Goody,0,1924,0.0434,157.969
0.453,1924,0.00262,['Lionel Hampton Orchestra'],0.478,449480,0.601,0,39hHy2RE5bbkjweHBOwyi7,0.0125,7,0.413,-15.063,1,Mr. John,0,1924,0.0434,140.472
0.902,1924,0.996,['Francisco Canaro'],0.315,148120,0.278,0,3A4KeGhXlHPpSWYIFyxYZk,0.975,10,0.423,-14.458,1,Melodía de Amor - Remasterizado,0,1924-07-11,0.0607,202.084
0.5539999999999999,1924,0.996,['Francisco Canaro'],0.37,170800,0.4,0,3CbLwi1sL1h4C1uOVLERLX,0.985,5,0.532,-15.612,1,La Mora - Remasterizado,0,1924-07-12,0.0697,127.293
0.953,1924,0.993,['Dréan'],0.6920000000000001,153973,0.273,0,3PVLFMxbSZMgzepT2O3zvE,8e-06,5,0.181,-14.492,1,Elle s'etait fait couper les cheveux,1,1924,0.0921,71.256
0.715,1924,0.995,['Bijoylal Mukherjee'],0.301,177348,0.312,0,3T8yr5lt6QxomDUG9CIkrt,0.916,4,0.422,-14.995,1,Nebe Aye Shyama Nebe Aye,0,1924-12-31,0.0527,68.673
0.726,1924,0.996,['Francisco Canaro'],0.386,169253,0.518,0,3W8SR4j4XfaSrRoJou1EYA,0.882,0,0.31,-10.86,1,Asi me Dejas - Remasterizado,0,1924-07-12,0.0446,117.085
0.745,1924,0.995,['George Olsen'],0.434,182773,0.322,0,3a1oQMnNoqob4NOSmTAsvr,0.883,10,0.128,-15.618,1,Biminy,0,1924-01-01,0.0497,203.564
0.8320000000000001,1924,0.861,['Mahalia Jackson'],0.524,161373,0.383,0,3dlYc2bWBp3AIPBaYzvqL8,0.0,0,0.24,-11.666,1,The Holy Babe,0,1924,0.0544,164.574
0.586,1924,0.996,['Francisco Canaro'],0.825,153613,0.251,0,3hnWzirtxXGoNp40x0WbAo,0.898,3,0.133,-12.484000000000002,0,Yo Busco a Mi Pebeta - Remasterizado,0,1924-07-12,0.0775,75.416
0.833,1924,0.992,['Maurice Chevalier'],0.723,159440,0.381,0,3k0JUV42pr3lm1MiXtN0sp,2.01e-06,9,0.0687,-11.463,0,Dites moi m'sieur chevalier,0,1924,0.482,118.719
0.7659999999999999,1924,0.996,['Francisco Canaro'],0.674,153240,0.318,0,3k7kqHlT7z3HAe8BVrk0Zd,0.931,10,0.153,-16.047,1,China - Remasterizado,0,1924-07-11,0.256,130.672
0.918,1924,0.977,['Louis Armstrong & His Hot Seven'],0.583,175200,0.301,0,3lToy7oVouc833ZPrXPGO0,0.515,5,0.18,-10.049,1,Potato Head Blues,0,1924,0.218,181.885
0.8220000000000001,1924,0.991,['Ignacio Corsini'],0.523,141733,0.189,0,3pfh479X2kg7sNFLZmscWE,0.94,8,0.21600000000000005,-20.918000000000006,1,Torcacita - Remasterizado,0,1924-03-29,0.106,123.954
0.436,1924,0.0126,['Lionel Hampton Orchestra'],0.387,644027,0.715,0,3sRZN0JyaVNLH33y7n1ioN,0.623,7,0.227,-13.2,1,Flying Home,0,1924,0.118,129.754
0.44,1924,0.996,['Francisco Canaro'],0.456,172493,0.325,0,3vNSAfq1Kpl8iKkb47oMJQ,0.95,4,0.327,-15.917,0,Muchachita Loca - Remasterizado,0,1924-07-11,0.129,127.493
0.675,1924,0.763,"['The Chenille Sisters', ""James Dapogny's Chicago Jazz Band""]",0.654,206693,0.326,0,3weXrCuH0BVpfGaonKxZ3c,0.0,0,0.0366,-11.12,1,Bob White,0,1924,0.0706,79.84
0.878,1924,0.995,['George Olsen'],0.8009999999999999,126307,0.398,0,46I2GKZAgZPBEPud1gzMlS,0.895,10,0.0802,-11.753,1,Toodles - My Baby's Baby Blue Eyes,0,1924-01-01,0.0459,106.301
0.354,1924,0.995,['Mlle Davia'],0.382,176240,0.274,0,46VoG8v7mJStzIkyJw4hJD,0.0201,5,0.293,-17.137,0,Pour un homme,0,1924,0.062,127.386
0.727,1924,0.995,['Maurice Chevalier'],0.534,176067,0.166,0,4BI5x2PIP4RtYUtfRD36gZ,0.0,5,0.139,-15.402,1,C'est pas grand chose,0,1924,0.0719,129.39600000000002
0.7759999999999999,1924,0.996,['Ignacio Corsini'],0.58,147267,0.117,0,4CRqnUrUiDEi1d3jSLKgTH,0.934,5,0.13699999999999998,-25.096,1,Fea - Remasterizado,0,1924-03-29,0.129,130.235
0.361,1924,0.951,"['The Chenille Sisters', ""James Dapogny's Chicago Jazz Band""]",0.5920000000000001,275667,0.115,0,4Eo9mdYFPtjBeUrHlHcnlx,6.61e-06,5,0.115,-13.934,1,Little White Lies,0,1924,0.041,115.759
0.443,1924,0.995,['Francisco Canaro'],0.456,189547,0.116,0,4GCADzGgIy4ywHIWCKkWNM,0.954,8,0.146,-17.128,1,Yo Tuve un Cariño - Remasterizado,0,1924-07-11,0.1,132.705
0.306,1924,0.995,['Ignacio Corsini'],0.47,175640,0.0838,0,4JcqL56M22aCDB37MSSnH1,0.8340000000000001,8,0.108,-25.666,1,El Olivo - Remasterizado,0,1924-03-29,0.0726,116.989
0.969,1924,0.995,['George Olsen'],0.6709999999999999,164507,0.4920000000000001,0,4L0ek0zTuWb9dYvSy5uUIL,0.898,10,0.156,-13.83,1,Sax-o-phun - A Study In Laugh and Slap Tongue,0,1924-01-01,0.0395,109.993
0.908,1924,0.995,['Francisco Canaro'],0.375,169253,0.319,0,4N3kXRigvFadWNy6Tq7ayJ,0.8740000000000001,4,0.172,-15.537,1,En la Vida Hay un Corazón - Remasterizado,0,1924-07-12,0.0441,163.387
0.69,1924,0.996,['Ignacio Corsini'],0.597,156160,0.113,0,4TuFMDzGgPrDEmXwZbGChX,0.904,4,0.115,-24.686,1,Melancolica Casita - Remasterizado,0,1924-03-29,0.16399999999999998,65.457
0.736,1924,0.996,['Francisco Canaro'],0.746,140547,0.231,0,4U6AcKBTdp67QToRpDHHb9,0.956,2,0.145,-15.838,1,China de Mi Amor - Remasterizado,0,1924-07-11,0.0842,115.355
0.385,1924,0.996,['Francisco Canaro'],0.731,181173,0.233,0,4WdaiZK4fMflUP8ruEYH8l,0.967,1,0.146,-15.861,0,Il Picolo Navio - Remasterizado,0,1924-07-11,0.264,124.516
0.5329999999999999,1924,0.994,['George Olsen'],0.619,203480,0.282,0,4YH89e5hyfAel9AAN97rvN,0.451,10,0.0872,-16.012,1,Sally Lou,0,1924-01-01,0.0412,103.758
0.495,1924,0.954,['Lionel Hampton Orchestra'],0.547,362587,0.568,0,4eNQvjOAqygtLY4i28x17x,0.35600000000000004,1,0.199,-10.012,1,Stompin' at the Savoy - Mix Two,0,1924,0.0301,135.524
0.412,1924,0.996,['Francisco Canaro'],0.457,136320,0.287,0,4eTrXVeB8bQza6nYQuxiae,0.917,7,0.162,-12.439,1,Un Metejón - Remasterizado,0,1924-07-12,0.193,95.47
0.775,1924,0.991,['George Olsen'],0.71,171747,0.311,0,4fsYspmSsMdX5lixH2B8Rs,0.923,3,0.201,-13.292,1,Follow the Swallow,0,1924-01-01,0.0374,106.585
0.487,1924,0.995,['Fortugé'],0.535,188067,0.151,0,4g4UXXZXrlGxdrXisWRTYo,0.0,10,0.376,-16.059,0,La chanson du trombone,0,1924,0.0675,81.78699999999998
0.541,1924,0.98,['Robert Marino'],0.327,192267,0.271,0,4ltnhOLm5o612B902ti2TV,9.24e-05,2,0.18600000000000005,-15.228,1,Les larmes de pierrot,0,1924,0.0429,93.289
0.8340000000000001,1924,0.995,['Francisco Canaro'],0.545,185160,0.439,0,4lwzPjx1blV6uaPLsduFTc,0.941,9,0.185,-16.679000000000002,1,Asaura - Remasterizado,0,1924-07-11,0.0815,121.012
0.493,1924,0.992,['Ignacio Corsini'],0.329,170253,0.17,0,4mLDZgVosOy0ZharLlerK0,0.401,10,0.14800000000000002,-27.037,0,El Pato Alegre - Remasterizado,0,1924-03-29,0.0627,64.447
0.8,1924,0.995,['Francisco Canaro'],0.499,178733,0.49,0,4srXADiC1aeEWPg8IcDfff,0.934,11,0.147,-16.745,1,El Rocío - Remasterizado,0,1924-07-11,0.123,122.224
0.883,1924,0.996,['George Olsen'],0.753,201253,0.316,0,4vLc0mWLQ8S8T6XR5Us97h,0.861,4,0.092,-13.68,0,Those Panama Mamas - Are Ruining me,0,1924-01-01,0.047,105.504
0.754,1924,0.99,['Georges Milton'],0.747,183573,0.289,0,4zuSkKlnNPCq7Bflx7JMQG,0.0,9,0.22,-16.035999999999998,1,Le trompette en bois,0,1924,0.107,65.831
0.965,1924,0.996,['George Olsen'],0.677,171413,0.456,0,503XlfLtlqdQhIu9WJK4zo,0.797,10,0.157,-15.781,1,Sax-o-phun,0,1924-01-01,0.041,104.675
0.5720000000000001,1924,0.995,['Francisco Canaro'],0.334,193267,0.311,0,53S2MU9AZtdPhAmAtxYdAf,0.97,6,0.147,-15.861,1,Reflejos - Remasterizado,0,1924-07-11,0.0748,168.437
0.68,1924,0.996,['Francisco Canaro'],0.591,177747,0.5379999999999999,0,58yxwImcolz0UxiBnXiU7o,0.9,4,0.316,-9.451,1,Amigazo - Remasterizado,0,1924-07-12,0.0724,115.426
0.757,1924,0.995,['George Olsen'],0.728,170587,0.32299999999999995,0,5AaoGLPAE3gNEdr7DAWyDe,0.764,0,0.139,-12.072,1,The Slave of Love,0,1924-01-01,0.0363,104.668
0.44,1924,0.996,['Francisco Canaro'],0.574,156587,0.524,0,5GHzONOO44agKZ0D1sUIoL,0.947,7,0.13,-10.125,1,La Maldita - Remasterizado,0,1924-07-12,0.105,127.607
0.789,1924,0.8640000000000001,"['The Chenille Sisters', ""James Dapogny's Chicago Jazz Band""]",0.54,155427,0.365,0,5H5BWIwlrKkWzx86VfGcuU,2.73e-06,0,0.0847,-10.057,1,At the Codfish Ball,0,1924,0.0537,158.53
0.83,1924,0.989,['Ignacio Corsini'],0.546,163293,0.305,0,5HrVPZAMDLW3qs0TNt6Wdv,0.9,8,0.114,-21.329,1,Martín Fierro - Remasterizado,0,1924-03-29,0.0517,83.00399999999998
0.759,1924,0.99,['Ignacio Corsini'],0.461,97493,0.5870000000000001,0,5IO4UbhRB6NKME2WHUgHN1,0.973,0,0.6829999999999999,-18.78,1,Maullidos - Remasterizado,0,1924-03-29,0.49,67.355
0.795,1924,0.996,['Francisco Canaro'],0.262,169307,0.515,0,5ItArcz1C4oLqsP0ynX0X0,0.966,3,0.303,-12.606,0,Entre Rejas - Remasterizado,0,1924-07-12,0.0685,74.955
0.688,1924,0.996,['Francisco Canaro'],0.616,172333,0.325,0,5IuSiHLUKKDzf1nTpdYjN0,0.96,11,0.312,-14.640999999999998,0,Alfredo - Remasterizado,0,1924-07-12,0.0441,118.544
0.605,1924,0.995,['Bijoylal Mukherjee'],0.34600000000000003,173375,0.339,0,5JHebWyrUzXXLGNCn1vVR4,1.6e-05,0,0.588,-14.342,1,Omon Kore Ma Tor Haasi,0,1924-12-31,0.039,92.245
0.622,1924,0.996,['Francisco Canaro'],0.535,128667,0.279,0,5K6eShQXgL65FitgXDl7sp,0.949,6,0.35700000000000004,-16.063,1,Madame Pompadour - Remasterizado,0,1924-07-11,0.0844,149.034
0.55,1924,0.996,['Francisco Canaro'],0.513,171320,0.305,0,5L4O8EOyMaeCeWz9X500Dm,0.897,2,0.16,-15.49,1,Mi Noche Alegre - Remasterizado,0,1924-07-12,0.248,116.572
0.55,1924,0.945,['Lionel Hampton Orchestra'],0.565,322587,0.605,0,5P6rLF53DKfDZElPgZrBF7,0.8759999999999999,10,0.0911,-11.482,1,Birth of the Blues,0,1924,0.0325,116.593
0.685,1924,0.996,['Ignacio Corsini'],0.51,139760,0.263,0,5PnoWOpiLKfTxnbTzP4pH9,0.961,2,0.46,-14.126,1,Sombras - Remasterizado,0,1924-03-29,0.0705,125.761
0.802,1924,0.606,['Teddy Wilson & His All-Stars'],0.778,178693,0.39,0,5R4vvUXYIn9tFoi68GsYwW,0.0303,0,0.136,-12.192,1,Sugar Plum,0,1924,0.0645,93.941
0.836,1924,0.929,"['Paul Whiteman & His Orchestra', 'Bing Crosby', 'Bix Beiderbecke']",0.753,171000,0.47,0,5SAzSfD1eAuuy3H93owYKk,0.00462,1,0.527,-10.059,0,You Took Advantage of Me (with Bing Crosby & Bix Beiderbecke),1,1924,0.118,102.994
0.46,1924,0.994,['Lionel Hampton Orchestra'],0.484,190627,0.387,0,5ab7VUgTYMtn0WYxfiVw7K,0.917,3,0.831,-12.306,1,I've Got a Feeling I'm Falling,2,1924,0.0315,91.558
0.76,1924,0.994,['George Olsen'],0.69,182067,0.4270000000000001,0,5bBLHhJzqqNqEX184N4pQp,0.845,10,0.248,-13.525,1,He's the Hottest Man In Town,0,1924-01-01,0.0406,105.231
0.92,1924,0.996,['Francisco Canaro'],0.735,175280,0.325,0,5eHqeM6dI4W30vqE1f7Ocy,0.911,9,0.509,-14.517,1,El Matrero - Remasterizado,0,1924-07-12,0.0549,112.052
0.84,1924,0.919,['Lionel Hampton Orchestra'],0.742,192680,0.805,0,5hGmr6KQWzcCGdTYxf4P4S,0.578,1,0.259,-5.122999999999998,1,Stompin' at the Savoy - Mix One,0,1924,0.036000000000000004,112.84
0.6970000000000001,1924,0.996,['Maurice Chevalier'],0.476,139293,0.149,0,5hKoJAuCgukMBXd0W9ZdVt,0.0,0,0.388,-16.185,1,Ca n'est pas la même chose,0,1924,0.0492,86.447
0.775,1924,0.732,['Lionel Hampton Orchestra'],0.76,195667,0.354,0,5hoLIJF3clip0VplseKOyG,5.24e-05,9,0.0854,-12.788,0,You're My Ideal,0,1924,0.0711,113.981
0.963,1924,0.982,['George Olsen'],0.778,176107,0.38,0,5ixjL1GSioVd8lGNkLwYDM,0.431,7,0.0922,-12.082,1,Say Arabella - What's A Fella To Do,0,1924-01-01,0.038,107.463
0.731,1924,0.996,['Francisco Canaro'],0.423,171347,0.441,0,5kSeMwoKtS12E5CM2nKva0,0.914,10,0.7879999999999999,-12.383,0,Llanto de Amor - Remasterizado,0,1924-07-12,0.0447,72.046
0.862,1924,0.8140000000000001,"['The Chenille Sisters', ""James Dapogny's Chicago Jazz Band""]",0.52,208240,0.381,0,5kgUhsCxWKTIl9HitccHTw,0.0227,5,0.201,-11.147,1,Button Up Your Overcoat,1,1924,0.0506,184.814
0.921,1924,0.993,['George Olsen'],0.595,186040,0.407,0,5nEG47pZrOxPo2HQLxnOFn,0.256,3,0.0874,-11.626,1,Beale Street Blues,0,1924-01-01,0.0654,200.905
0.5489999999999999,1924,0.996,['Francisco Canaro'],0.653,169333,0.211,0,5oK7hYOkBEkXz9d9lumSGd,0.862,0,0.223,-16.294,0,Cascabelito - Remasterizado,0,1924-07-11,0.066,123.96
0.401,1924,0.0231,['Lionel Hampton Orchestra'],0.477,375307,0.446,0,5pxZkT5e2TDtFBwFRtSB5D,0.0391,7,0.424,-15.050999999999998,1,Mr. J,0,1924,0.0402,83.291
0.0,1924,0.996,['Francisco Canaro'],0.0,170253,0.315,0,5tQsQaMquCXBREb1FNymi7,0.956,8,0.375,-15.969,0,Oh Mujer Mujer - Remasterizado,0,1924-07-12,0.0,0.0
0.7190000000000001,1924,0.765,"['The Chenille Sisters', ""James Dapogny's Chicago Jazz Band""]",0.731,240693,0.386,0,5tqBa2U9oKGIogbeXMsRUp,0.126,0,0.274,-11.018,1,"Tell Me, Tell Me, Baby",0,1924,0.0331,126.444
0.728,1924,0.8959999999999999,"['Jones-Smith, Incorporated']",0.767,186667,0.236,0,5v4GREJgz2A4IIsDAh6Xv1,0.0677,7,0.0967,-13.798,1,"Oh, Lady Be Good! (78rpm Version)",0,1924,0.0698,93.567
0.616,1924,0.995,['Francisco Canaro'],0.484,165880,0.35700000000000004,0,5xEaN9KWzxI7yodq5IChQB,0.943,7,0.232,-14.954,1,Yo Tartamudeo - Remasterizado,0,1924-07-11,0.223,174.226
0.743,1924,0.995,['George Olsen'],0.402,176373,0.244,0,61tPk9oU7n4Z0nqcIf7vQg,0.809,0,0.0775,-16.48,1,Why Couldn't It Be Poor Little Me,0,1924-01-01,0.0503,210.421
0.755,1924,0.993,['Georgius'],0.594,211040,0.329,0,62iSxXOvjCAAZO0uaQE00r,0.0,8,0.116,-15.134,1,Par politesse,0,1924,0.263,80.329
0.648,1924,0.996,['George Olsen'],0.618,184840,0.278,0,633pI004Sj1MzvGt0xazcy,0.866,0,0.16699999999999998,-14.328,0,Everybody Loves My Baby - But My Baby Don't Love Nobody But Me,0,1924-01-01,0.0628,176.77599999999995
0.6920000000000001,1924,0.996,['Francisco Canaro'],0.394,152387,0.375,0,693026zJdM7qLpwGAcAloy,0.901,9,0.7709999999999999,-16.496,1,Para Usted Mi Nenita - Remasterizado,0,1924-07-12,0.0437,83.214
0.6729999999999999,1924,0.995,['George Olsen'],0.426,185267,0.223,0,6BqGRSPdHkvRJ5XcRGfflf,0.913,5,0.123,-16.407,1,Put Away a Little Ray of Golden Sunshine,0,1924-01-01,0.0426,208.925
0.568,1924,0.995,['Francisco Canaro'],0.38,169173,0.459,0,6CTMrZvUsc3k3xm8oKXXQH,0.911,10,0.162,-19.284,1,Evocación - Remasterizado,0,1924-07-11,0.338,124.502
0.585,1924,0.996,['Ignacio Corsini'],0.313,172107,0.0773,0,6HX0QJiKsDUAb9QzH4EVs0,0.959,10,0.141,-27.583,0,Oh Mujer Mujer - Remasterizado,0,1924-03-29,0.052000000000000005,201.031
0.563,1924,0.966,['Count Basie'],0.524,140840,0.269,0,6OlnIrsPk9qv1hFLBtrXRb,0.825,8,0.123,-14.617,1,Moten Swing,0,1924,0.11,183.752
0.5870000000000001,1924,0.996,['Francisco Canaro'],0.4320000000000001,156267,0.264,0,6Po2YeMVr5Ee23OZoY9RgZ,0.925,4,0.38,-14.616,1,Todo Corazón - Remasterizado,0,1924-07-12,0.0585,118.359
0.479,1924,0.996,['Francisco Canaro'],0.742,173360,0.21,0,6SJEjLR19BlLNBxIJVX5zX,0.938,11,0.328,-17.135,0,Talan Talan - Remasterizado,0,1924-07-11,0.0801,117.433
0.705,1924,0.996,['Francisco Canaro'],0.406,175733,0.45,0,6U7X6rtxqIxdh2F9ScqIOI,0.97,8,0.364,-14.074000000000002,1,La Diana - Remasterizado,0,1924-07-12,0.25,72.514
0.58,1925,0.969,['Tommy Dorsey'],0.6779999999999999,194320,0.175,0,3XDharvL8vEyxdQwOQKmww,0.00105,3,0.177,-13.021,1,"On the Sunny Side of the Street (From ""Is Everybody Happy?"")",37,1925,0.0301,112.941
0.406,1925,0.98,['Tommy Dorsey'],0.455,275773,0.0804,0,2AATCpoin3pSsUwjLKNCYe,0.000317,8,0.136,-15.696,1,Manhattan Serenade,30,1925,0.04,77.926
0.805,1925,0.991,"['Tommy Dorsey', 'Jack Leonard', 'Bunny Berigan']",0.531,197787,0.17,0,47c6hVC9hL8KoAclJCVOXC,0.174,5,0.126,-14.5,1,Marie,30,1925,0.0771,165.165
0.149,1925,0.992,['Tommy Dorsey'],0.513,217253,0.108,0,3p0VwUCFW31rwgugbnAGhW,0.932,9,0.112,-16.835,1,I'm Gettin' Sentimental Over You,29,1925,0.0315,103.752
0.85,1925,0.982,['Louis Armstrong & His Hot Five'],0.6659999999999999,150160,0.336,0,2nOYxyusxAfqjZCUSxfNZ4,0.733,8,0.0789,-10.138,1,Muskrat Ramble,22,1925,0.222,183.833
0.657,1925,0.939,['Tommy Dorsey'],0.377,175920,0.4970000000000001,0,6C0bdY5MgM2WYu6yuxtzC5,0.946,0,0.322,-9.292,0,Opus #1,24,1925,0.0332,169.203
0.647,1925,0.981,['Ethel Waters'],0.68,181293,0.241,0,3Fc83pvJzQ5VcRFSGlvMCO,0.0,2,0.165,-9.866,1,Heat Wave,26,1925,0.0634,84.91
0.925,1925,0.915,['Louis Armstrong & His Hot Five'],0.7829999999999999,146267,0.3,0,7dXVSMwfH5X9y2ou0WtrzK,0.478,7,0.0288,-10.066,1,"Come Back, Sweet Papa",20,1925,0.13,99.102
0.634,1925,0.935,['Tommy Dorsey'],0.41,186960,0.23,0,4ou73CMygT62S9gubMZxIe,0.888,5,0.4270000000000001,-12.827,1,Song of India,23,1925,0.0602,174.06599999999997
0.917,1925,0.852,['Tommy Dorsey'],0.6890000000000001,189787,0.222,0,5YYbVEtvB0PHxYVXrJTDpM,0.924,5,0.104,-15.98,1,Boogie Woogie,22,1925,0.127,145.205
0.28800000000000003,1925,0.988,['Tommy Dorsey'],0.473,185747,0.0887,0,3fHgV9OfktqOegAvEP6zlv,0.0,0,0.118,-13.93,1,Star Dust,20,1925,0.0418,78.675
0.652,1925,0.984,['Jelly Roll Morton'],0.5720000000000001,200840,0.449,0,4HkUx8zJPUEh9sSYjO0ki6,0.0774,10,0.363,-7.5310000000000015,1,Doctor Jazz,15,1925,0.038,125.729
0.57,1925,0.983,['Louis Armstrong & His Hot Five'],0.6709999999999999,171800,0.324,0,5CLkYMVMOfqW3VWcjKKr1n,8.340000000000001e-05,8,0.14300000000000002,-10.637,1,Heebie Jeebies,13,1925,0.106,164.628
0.768,1925,0.993,['Louis Armstrong & His Hot Five'],0.583,170533,0.28800000000000003,0,2iHtgZVqtU2lGy0WBhwHnU,0.109,5,0.206,-9.204,1,Droppin' Shucks,11,1925,0.123,177.64700000000005
0.498,1925,0.945,"['Tommy Dorsey', 'Sy Oliver', 'Jo Stafford']",0.804,209987,0.217,0,7r9c3mqLjqfVe791cERNOI,0.0687,0,0.0849,-12.118,1,"Yes, Indeed!",14,1925,0.0602,131.11700000000002
0.784,1925,0.992,['Louis Armstrong & His Hot Five'],0.631,181933,0.34700000000000003,0,6xXlavKbZL6HqPfNWswZvp,0.0136,5,0.0889,-11.102,0,Don't Forget To Mess Around,10,1925,0.0601,101.803
0.43,1925,0.954,['Ethel Waters'],0.35,185840,0.213,0,6O89uMM5FDGGRJ6aYLG51B,0.0,0,0.254,-12.808,1,Stormy Weather (Keeps Rainin' All The Time) - 78rpm Version,14,1925,0.0399,85.369
0.852,1925,0.968,['The Dorsey Brothers'],0.731,180960,0.341,0,0aUTZjgkNG4jJ0wzqtXh2G,0.138,3,0.212,-9.87,1,My Melancholy Baby,13,1925,0.146,101.408
0.8270000000000001,1925,0.985,['Louis Armstrong & His Hot Five'],0.6920000000000001,142893,0.467,0,7y7gNlCv5WhDdBFXV1vGp2,0.0965,0,0.091,-7.237,0,My Heart,8,1925,0.0897,97.858
0.495,1925,0.985,['Louis Armstrong & His Hot Five'],0.625,194627,0.223,0,6bTkrQHnJUXAQtIITRhTg5,0.0255,8,0.111,-11.825,1,You're Next,7,1925,0.0577,125.495
0.77,1925,0.995,['Louis Armstrong & His Hot Five'],0.7509999999999999,156000,0.282,0,1qlX1t0ws9AyIksvKCzh83,0.000778,5,0.106,-9.918,1,Yes! I'm in the Barrel,6,1925,0.0697,154.265
0.451,1925,0.995,['Louis Armstrong & His Hot Five'],0.541,179333,0.258,0,5BnopTvfLza9CwvBl75iNv,0.614,5,0.16,-11.838,1,Oriental Strut,6,1925,0.0865,183.702
0.759,1925,0.996,['Louis Armstrong & His Hot Five'],0.618,168400,0.141,0,61wCa6mI8xxcZH2GGnWPBc,0.91,11,0.115,-17.2,1,Gut Bucket Blues,6,1925,0.113,138.691
0.209,1925,0.991,['Tommy Dorsey'],0.345,192027,0.127,0,6q9IP7wbfpocUiOEGvQqCZ,0.000133,0,0.72,-17.475,1,I'll Never Smile Again,7,1925,0.0372,71.003
0.809,1925,0.8490000000000001,['Tommy Dorsey'],0.6940000000000001,190120,0.363,0,06EAFIZpwSKY659b6KPtAR,0.552,10,0.103,-11.692,1,Hawaiian War Chant,9,1925,0.103,101.726
0.706,1925,0.897,['Louis Armstrong & His Hot Five'],0.73,151600,0.213,0,3mWcoPBHsrmcs1lj6uBfvz,0.0,8,0.152,-14.635,1,Georgia Grind,5,1925,0.0554,140.34
0.259,1925,0.983,['Bing Crosby'],0.326,192627,0.117,0,6DYnSk5zkvMQEK8Awm2acT,6.32e-06,6,0.674,-13.753,1,How Deep Is the Ocean?,6,1925,0.0446,92.875
0.489,1925,0.962,['Ethel Waters'],0.568,209000,0.112,0,6kKeXUi0zunKxWrB2uUyWb,0.0,1,0.327,-13.026,1,Harlem On My Mind,10,1925,0.0747,95.221
0.7509999999999999,1925,0.995,['Louis Armstrong & His Hot Five'],0.622,175067,0.287,0,7e1JFTRrpZIgr7lLE5XBKC,0.163,5,0.0671,-9.342,1,Cornet Chop Suey,5,1925,0.153,94.987
0.603,1925,0.988,['The Big Aces'],0.5379999999999999,192893,0.333,0,7iGSIYRmzu18rIMe8HrFkq,0.158,0,0.139,-10.38,0,Cherry,8,1925,0.0764,174.542
0.6779999999999999,1925,0.988,['Louis Armstrong & His Hot Five'],0.573,159933,0.295,0,0rEP2CDOuvUm4zbhIPZAkK,0.000139,5,0.0784,-10.096,1,Gut Bucket Blues,4,1925,0.0525,146.336
0.954,1925,0.85,"['Tommy Dorsey', 'Edythe Wright']",0.6679999999999999,164107,0.28800000000000003,0,5UXcT8kcQ0t0efFVp1m0Ma,0.25,5,0.155,-14.088,1,Head Over Heels in Love,5,1925,0.0747,95.922
0.565,1925,0.994,['Louis Armstrong & His Hot Five'],0.595,182773,0.257,0,7od83Q1ZlsQtpsvNT5nGWH,0.335,2,0.411,-9.774,1,The King of the Zulus,5,1925,0.215,166.855
0.56,1925,0.954,['Ethel Waters'],0.7,178293,0.197,0,0sSVsv3yHMSkL0qeLRoRDa,0.0,2,0.361,-11.915,1,(What Did I Do To Be So) Black and Blue?,6,1925,0.136,120.542
0.607,1925,0.97,['Louis Armstrong & His Hot Five'],0.672,182400,0.146,0,1qEXqZQkzIaUnhmfObk2sL,0.0182,0,0.101,-13.417,1,Skid-Dat-De-Dat,3,1925,0.0472,122.127
0.202,1925,0.992,['Connie Boswell'],0.376,189440,0.104,0,3V1sblJugg82L8yxgw6BMZ,8.15e-06,2,0.159,-16.625999999999998,1,Lullaby Of The Leaves,5,1925,0.0488,90.542
0.913,1925,0.949,['Louis Armstrong & His Hot Five'],0.551,162600,0.343,0,4hoxOG3DE2yQO4E7A7MmfS,2.44e-05,2,0.158,-11.366,0,I'm Gonna Gitcha,4,1925,0.118,203.051
0.902,1925,0.996,['The Golden Gate Orchestra'],0.797,181320,0.449,0,5PGXbXww1JWuVPNwYdzMwB,0.895,0,0.182,-12.592,1,"Dusting The Donkey - aka ""The Pay-Off""",5,1925,0.0826,113.216
0.494,1925,0.963,['Paul Whiteman & His Orchestra'],0.552,195067,0.266,0,6MWxok8M7vCTguRy8QR9gc,0.0152,5,0.4320000000000001,-11.338,1,It Won't Be Long Now,6,1925,0.142,157.75799999999995
0.674,1925,0.84,['Tom Dorsey'],0.7240000000000001,189827,0.324,0,6lGfkQqVuwJ0dOXPcb0MZx,0.872,0,0.0991,-9.842,1,It's Right Here For You,5,1925,0.0631,94.042
0.294,1925,0.987,['Louis Armstrong & His Hot Five'],0.594,182227,0.188,0,7lf1uY54Svtrc9PHPj7g9t,0.0,10,0.104,-12.796,1,Lonesome Blues,4,1925,0.0406,83.759
0.733,1925,0.956,['The Boswell Sisters'],0.6679999999999999,184707,0.132,0,7on1N979cYvlNt3Nfrqicv,4.84e-06,4,0.0776,-12.561,0,Sentimental Gentleman From Georgia,5,1925,0.094,122.527
0.823,1925,0.901,['Tommy Dorsey'],0.5579999999999999,212533,0.58,0,0TEzkFrM13PeyKjxXkcWJi,0.915,9,0.326,-9.065,0,March Of The Toys,4,1925,0.121,177.79
0.962,1925,0.938,['Louis Armstrong & His Hot Five'],0.8009999999999999,179667,0.341,0,12JgvibIIArYH4wWN8c8x8,0.15,5,0.15,-12.395,1,Jazz Lips,3,1925,0.0927,107.101
0.452,1925,0.982,['Tommy Dorsey'],0.435,306013,0.36,0,1OGRmZ42QZfpDc7tMbdbrG,0.0105,5,0.946,-11.138,0,Take The 'A' Train,3,1925,0.206,71.27600000000002
0.855,1925,0.959,['The Travelers'],0.934,169560,0.609,0,1Znnilxi9JGrqarvVHAgy3,0.889,2,0.0966,-9.479,1,Breakaway,4,1925,0.0636,107.321
0.16,1925,0.975,['Duke Ellington'],0.183,176947,0.141,0,1bQ2BR5kCUrnvuTgfDwdiZ,0.833,1,0.119,-14.981,1,Tonight I Shall Sleep,4,1925,0.0363,81.125
0.8640000000000001,1925,0.992,['Chick Bullock And His Levee Loungers'],0.7759999999999999,181467,0.376,0,1vEK2vbx8x7nWOHmAFpHUD,0.0341,0,0.0892,-10.126,1,Bend Down Sister,5,1925,0.0436,106.555
0.785,1925,0.981,"[""The Dorsey Brothers' Orchestra""]",0.573,207893,0.171,0,1xxZATxkPkllMCm204ctUR,0.0641,2,0.0752,-11.474,1,Mean To Me,5,1925,0.0442,147.841
0.955,1925,0.962,['The All-Star Orchestra'],0.6970000000000001,182200,0.429,0,2HBNPqCMuaAOHp6s9OzOLo,0.514,0,0.25,-9.241,1,Add A Little Wiggle,4,1925,0.0583,100.54
0.9,1925,0.989,['Louis Armstrong & His Hot Five'],0.597,163133,0.337,0,2UiPfmIWrBfzdfdiCZAVsu,0.8420000000000001,5,0.106,-10.079,1,Sweet Little Papa,2,1925,0.136,187.665
0.922,1925,0.985,['Sam Lanin & His Famous Players & Singers'],0.775,192360,0.285,0,2Ve5waZJJrExJDHajoxDb1,0.138,5,0.101,-9.884,1,Ten Little Miles From Town,5,1925,0.0597,83.803
0.97,1925,0.981,['Tommy Dorsey'],0.721,180013,0.493,0,2ZHUaQCwRLAVbmy6eiyOjD,0.728,5,0.8390000000000001,-10.955,1,Trombonology,3,1925,0.0354,104.167
0.7040000000000001,1925,0.915,['Tommy Dorsey'],0.617,190560,0.435,0,2lPV0bfNMgn7LGAXEyU1qR,0.00405,8,0.15,-8.283999999999999,1,At The Fat Man's,4,1925,0.0466,154.89
0.895,1925,0.846,['Ed Lang & His Orchestra'],0.823,178787,0.613,0,3Da0rFSGowkOPtcugvxKp5,0.8859999999999999,10,0.0534,-9.062,1,Bugle Call Rag - 78 rpm Version,5,1925,0.0674,114.038
0.882,1925,0.996,['Louis Armstrong & His Hot Five'],0.6859999999999999,157533,0.21600000000000005,0,3G2ioNaqXW8RXtlhSD1zHp,0.901,7,0.0595,-14.856,1,Muskrat Ramble,4,1925,0.0959,174.4
0.867,1925,0.993,['Louis Armstrong & His Hot Five'],0.7240000000000001,163640,0.335,0,3H6wCLijWnyr4Wq9E3mmNi,0.71,0,0.0691,-10.4,1,Who'sit,3,1925,0.0411,106.338
0.7859999999999999,1925,0.995,['Louis Armstrong & His Hot Five'],0.596,178040,0.341,0,3LQiqV3KZk3ZrzPeSBu8tI,0.0929,3,0.69,-10.838,1,Big Fat Ma and Skinny Pa,3,1925,0.271,170.338
0.429,1925,0.924,"['Frank Sinatra', 'Tommy Dorsey Orchestra']",0.499,193840,0.0748,0,3Ym9KAplnUsm8kIrwETUBy,0.014,1,0.55,-13.552,1,Imagination,4,1925,0.044,113.268
0.889,1925,0.937,['Harold Lem & His Orchestra'],0.848,195093,0.35,0,5n2a00lvFmgllxaBkEpYlr,0.117,10,0.0616,-9.963,1,I Got Rhythm,5,1925,0.0583,114.518
0.604,1925,0.973,"['Tommy Dorsey', 'Duke Ellington']",0.4320000000000001,182120,0.461,0,71SxKog2t1yfpQ6LTkEXjC,0.755,6,0.114,-12.228,1,The Minor Goes Muggin',4,1925,0.0533,178.09799999999996
0.431,1925,0.974,['Hoagy Carmichael & His Orchestra'],0.667,194227,0.122,0,7Dde47A4x0nAyOPMeuBDs9,0.197,8,0.1,-14.869000000000002,1,Moon Country,3,1925,0.0441,119.835
0.8909999999999999,1925,0.989,['The Columbia Photo Players'],0.759,191827,0.34,0,07Hbp0v6qpkMfNmNPpsz6X,0.0721,5,0.0734,-11.025,1,Dust,3,1925,0.0801,102.731
0.4970000000000001,1925,0.736,"['Tommy Dorsey', 'Jimmy Dorsey']",0.464,174400,0.867,0,0eqRYgft7ZKV9GJPbwNl35,0.5429999999999999,0,0.386,-7.9860000000000015,0,Dippermouth Blues (feat. Jimmy Dorsey),2,1925,0.135,119.664
0.784,1925,0.81,['Tommy Dorsey'],0.526,239133,0.428,0,0ldgrcj6lJNJLA0VMN73WL,0.86,8,0.785,-10.731,1,Easy Does It,2,1925,0.317,176.68099999999995
0.96,1925,0.718,['Tommy Dorsey & His Clambake Seven'],0.787,160373,0.502,0,1KZcikuC5qZiPfrLZJKY0z,0.105,9,0.0363,-10.509,0,Vol Vistu Gaily Star,3,1925,0.0529,111.209
0.685,1925,0.845,['Tommy Dorsey'],0.536,191173,0.494,0,1MF2r88Wbv0G4I2WXwuizw,0.00982,7,0.938,-11.52,0,Rhumboogie,2,1925,0.472,180.142
0.769,1925,0.826,['Tommy Dorsey'],0.597,199880,0.353,0,1SH94QAw754YgXxyHsQtzt,0.35,5,0.733,-10.993,0,Goin' Home,2,1925,0.166,92.098
0.787,1925,0.995,['Louis Armstrong & His Hot Five'],0.644,151960,0.123,0,1YobXiCCdnlBVzezl5nAt0,0.858,11,0.218,-18.648,1,"Come Back, Sweet Papa",3,1925,0.394,189.67
0.621,1925,0.923,['Tommy Dorsey'],0.59,195320,0.249,0,1cuaa5iKOB69rkBD4sI6U6,0.337,10,0.18,-11.499,0,Pussy Willow,3,1925,0.0313,139.101
0.327,1925,0.991,['Tommy Dorsey'],0.255,231653,0.13,0,1r5iGmVNpOEWHSWEkm2vFd,0.00114,5,0.594,-13.763,1,Every Night About This Time,2,1925,0.0358,80.426
0.601,1925,0.957,['Tommy Dorsey'],0.775,224573,0.235,0,2F8CnNSU7pExOSXzsgf2vz,0.0,0,0.955,-11.981,1,Oh! Look At Me Now,2,1925,0.108,120.288
0.6729999999999999,1925,0.958,['Ethel Waters'],0.628,192107,0.227,0,2nSjyu82yxXPzdMWyOE6Y3,0.0,5,0.133,-13.328,1,Please Don't Talk About Me When I'm Gone,3,1925,0.0824,128.357
0.324,1925,0.8009999999999999,['Tommy Dorsey'],0.223,265880,0.386,0,3MTesqagdJyJNtSAeTEp94,2.09e-05,10,0.866,-10.931,1,The Song Is You,2,1925,0.0653,62.335
0.675,1925,0.944,['Tommy Dorsey'],0.4270000000000001,184213,0.267,0,3NN2bocqQi0K2UyxGMcmPf,0.00331,9,0.193,-8.684,0,Our Love Affair,2,1925,0.0439,75.715
0.893,1925,0.972,"[""Clarence Williams' Jug Band""]",0.74,187014,0.604,0,3SBEbhHjV4zwqjqaj2Bab4,0.0719,5,0.0395,-10.616,1,Chizzlin' Sam,2,1925,0.123,123.043
0.7440000000000001,1925,0.941,['Jack Bland'],0.767,162227,0.69,0,3TyrWNoKRbNIf518AklVXx,0.272,3,0.0652,-9.304,1,Who Stole The Lock (On The Hen-House Door),3,1925,0.335,119.293
0.946,1925,0.97,['Tommy Dorsey & His Clambake Seven'],0.7959999999999999,182933,0.341,0,3lZDXtwP8CdwuSO2PPJfaX,0.0313,7,0.215,-13.195,1,One Night In Monte Carlo,3,1925,0.0567,117.325
0.29,1925,0.938,['Tommy Dorsey'],0.272,168467,0.379,0,3mQkgsL18klkojLlVOXB6y,0.0331,5,0.737,-8.337,0,Daybreak,2,1925,0.0316,114.589
0.918,1925,0.897,"['Tommy Dorsey & His Clambake Seven', 'Tommy Dorsey']",0.5770000000000001,200907,0.478,0,42hnnWqFTJCTRh0hxgtf9z,0.799,0,0.202,-13.166,1,Twilight In Turkey,2,1925,0.0859,175.273
0.8759999999999999,1925,0.951,['Mildred Bailey'],0.708,171627,0.424,0,4SUZxev3cGf4DOByQAc1WY,0.00024,5,0.117,-9.897,1,Shoutin' In That Amen Corner,3,1925,0.145,124.781
0.522,1925,0.968,['Art Jarrett'],0.517,198840,0.293,0,4i3hpDpsOEkgWgq7yv6zHt,0.035,8,0.15,-11.361,1,Goodbye Blues,3,1925,0.0416,131.702
0.8859999999999999,1925,0.921,['Tommy Dorsey'],0.575,176267,0.318,0,4nxFz8WqJtnWrgf95gO0mQ,0.735,5,0.0871,-11.331,1,Melody In F,3,1925,0.1,171.98
0.939,1925,0.995,['Louis Armstrong & His Hot Five'],0.625,149160,0.366,0,4xtbUCnNwcHBl8vsvUi0v6,0.741,11,0.0728,-13.557,0,My Heart,2,1925,0.056,94.231
0.55,1925,0.991,['Ethel Waters'],0.636,196000,0.038,0,4ywiiUqjEvx8RufPznNY8K,0.0,0,0.14300000000000002,-15.057,1,Shake That Thing,2,1925,0.0516,95.043
0.88,1925,0.906,['The Charleston Chasers'],0.799,210613,0.409,0,5Nzd6zrlxV5rA0xzn7qIUN,0.16699999999999998,3,0.331,-10.617,1,Cinderella Brown,3,1925,0.0825,88.61399999999998
0.8059999999999999,1925,0.969,"['Tommy Dorsey', 'Elvis Presley']",0.521,180813,0.539,0,5OhEHB9YEo9ZQxYQaC2rcC,0.000575,4,0.946,-9.161,1,Heartbreak Hotel,3,1925,0.508,93.412
0.12,1925,0.982,['Tommy Dorsey'],0.397,193187,0.165,0,5VSjFy6P2TNVFjubGBgS4T,0.000604,0,0.332,-14.849,0,Do I Worry?,3,1925,0.053,109.488
0.56,1925,0.757,['Tommy Dorsey'],0.5660000000000001,193627,0.642,0,5njTIocvVWLbfZ7Hxqyp2E,0.254,0,0.208,-7.815,0,Flagler Drive,3,1925,0.0472,137.34
0.875,1925,0.913,['Tommy Dorsey'],0.693,316867,0.332,0,5uzofUqcDnqHlt6XhIGm37,0.877,7,0.0687,-14.792,1,"Stop, Look and Listen",4,1925,0.139,163.991
0.882,1925,0.8009999999999999,['Tommy Dorsey'],0.841,233187,0.6940000000000001,0,61zSM8kaKDEhXev6AHPB8r,0.7290000000000001,10,0.0386,-9.603,1,Jimtown Blues,2,1925,0.0988,106.237
0.415,1925,0.985,['Ethel Waters'],0.481,181893,0.157,0,68nUatvdvTFOdu4YhSUhcj,1.3e-06,1,0.207,-12.936,1,"I Just Couldn't Make It, Baby",3,1925,0.0684,92.374
0.479,1925,0.955,['A Jam Session At Victor'],0.7170000000000001,178907,0.17800000000000002,0,6NgWKnyCfpCPRgzFla4JYP,0.519,3,0.0663,-15.267,1,Blues,3,1925,0.0607,84.079
0.573,1925,0.991,['Ethel Waters'],0.669,187942,0.309,0,6OkpVl92j9bQdpoXQx0oGS,0.0,6,0.483,-9.578,1,No Man's Mama - A Woman's Choice,3,1925,0.0723,112.189
0.436,1925,0.947,['Tommy Dorsey'],0.613,262373,0.127,0,6ePf49aaEame3gXDa7VhCx,0.000131,7,0.316,-13.712,1,East Of The Sun,2,1925,0.0793,122.776
0.902,1925,0.927,"['""Test for Victor Young""']",0.7340000000000001,175693,0.474,0,6ivMXI6YMOPvsiUyTDIV7b,0.0762,10,0.737,-10.544,1,Bugle Call Rag,3,1925,0.256,132.78799999999998
0.8140000000000001,1925,0.7859999999999999,['Tommy Dorsey'],0.545,138680,0.647,0,6rWXuCoH1xnnRFCKZzoGVL,0.727,7,0.764,-11.564,0,Put On Your Old Grey Bonnet,2,1925,0.14800000000000002,140.096
0.898,1925,0.945,['Joe Turner & His Memphis Men'],0.812,170806,0.491,0,78jJhC1gUOEodPawGCFNCj,0.8540000000000001,10,0.0877,-8.665,1,Freeze And Melt,2,1925,0.0511,130.289
0.312,1925,0.922,['Tommy Dorsey'],0.3,170480,0.215,0,7L7cJzX1RQm0CjLyKZz8p8,0.0398,10,0.213,-12.33,0,I Could Make You Care,3,1925,0.0351,97.463
0.638,1925,0.979,['Tommy Dorsey & His Clambake Seven'],0.7509999999999999,222133,0.378,0,7aXtdan5Jnpxd8FM5AmkUs,1.42e-06,4,0.759,-9.972,1,There's Good Blues Tonight,2,1925,0.462,128.665
0.735,1925,0.774,['Tommy Dorsey'],0.496,206920,0.418,0,7lTGnqo3hLHbVJNqExZGuE,0.637,5,0.6779999999999999,-9.183,0,Liebestraum,2,1925,0.197,172.257
0.722,1925,0.964,"['Tommy Dorsey & His Clambake Seven', 'Edythe Wright']",0.7440000000000001,202027,0.147,0,7ocEaCAhDXT9Uuyw5Jxu8c,0.526,2,0.0911,-13.56,0,After You,3,1925,0.0595,100.262
0.505,1925,0.99,['Ethel Waters'],0.468,180400,0.149,0,7rIJoIHeTkxJLNma31SODS,2.51e-06,10,0.0854,-12.323,1,My Kind Of Man,4,1925,0.0516,134.243
0.422,1925,0.978,['Sophie Tucker'],0.7170000000000001,186178,0.13699999999999998,0,0485yBvhfEDALeMoLAMgRY,0.0,8,0.384,-10.949000000000002,1,'Cause I Feel Lowdown,0,1925,0.149,120.821
0.49,1925,0.98,['Sarah Martin'],0.618,178422,0.214,0,05iQ8IGTqvGslDqNm91N31,0.0,3,0.43,-10.300999999999998,1,Take Your Black Bottom Outside,0,1925,0.195,74.541
0.667,1925,0.996,['Francisco Canaro'],0.669,173227,0.22,0,079U8WfmME31H7cVFsLmS0,0.901,6,0.194,-15.095,1,Organito de la Tarde - Remasterizado,0,1925-07-12,0.0718,115.552
0.512,1925,0.995,['Ignacio Corsini'],0.535,129293,0.0771,0,0IUCrCSZagXImLUmvAjnhp,0.902,3,0.118,-23.549,1,Destellos - Remasterizado,0,1925-04-25,0.067,116.449
0.187,1925,0.996,['Francisco Canaro'],0.42,166467,0.27,0,0MQQj0hAHO1inR2vZoPNRt,0.878,2,0.21600000000000005,-14.227,1,Quereme Serrana - Remasterizado,0,1925-07-12,0.13,79.458
0.6890000000000001,1925,0.987,['Pauline Carton'],0.535,110440,0.28,0,0QnRFZh9xov6LBNatS5hL9,9.5e-05,6,0.198,-13.416,1,Par Le Trou De La Serrure,0,1925,0.18600000000000005,70.40100000000002
0.159,1925,0.991,['Georges Thill'],0.321,221572,0.0307,0,0RZBIn9LXkMFF74ogMEg83,0.000371,1,0.147,-21.081,1,"Carmen, 14, Acte 2: ""La Fleur Que Tu M'avais Jetée""",0,1925-01-01,0.0521,62.307
0.828,1925,0.995,['Ignacio Corsini'],0.439,184720,0.136,0,0T6OzRD32ETtwy3Wu6zzap,0.93,11,0.122,-24.409,1,El Narcizo Negro - Remasterizado,0,1925-04-25,0.042,95.57
0.816,1925,0.976,['Don Redman and His Orchestra'],0.708,176565,0.295,0,0Un2w6TdNj8ghR9xPaFTVp,0.00496,5,0.126,-12.142,1,Two-Time Man,0,1925,0.28300000000000003,147.411
0.46,1925,0.991,['Ignacio Corsini'],0.343,152653,0.161,0,0Zh7SAqHbur0KxyY803Vn5,0.878,6,0.112,-23.61,0,El Flechazo - Remasterizado,0,1925-04-25,0.0546,127.287
0.898,1925,0.99,['Maurice Chevalier'],0.679,134000,0.438,0,0ah4iXssNB9uA8rrgU0Jto,0.0,10,0.112,-12.901,0,C'est Merveilleux,0,1925,0.075,113.682
0.784,1925,0.989,['Cab Calloway & His Orchestra'],0.8909999999999999,162200,0.486,0,0bmODwVIBbDxkiqdwD3EUP,0.017,2,0.0925,-7.605,0,Farewell Blues,0,1925,0.0741,114.923
0.733,1925,0.994,['Ignacio Corsini'],0.534,157160,0.11,0,0dddKchzYnQH4L23amUMVH,0.934,2,0.106,-25.113000000000003,0,Altar Criollo - Remasterizado,0,1925-04-25,0.0595,128.092
0.701,1925,0.969,['Jelly Roll Morton'],0.573,209493,0.414,0,0f6RVXKtgDxOjDOwbuAGqT,0.14800000000000002,8,0.232,-6.402,1,Sidewalk Blues,1,1925,0.0467,78.154
0.55,1925,0.987,['Ignacio Corsini'],0.469,166147,0.436,0,0iAhqFWOm8rBNLVbJpqj31,0.0276,11,0.917,-17.742,1,La Carrera - Remasterizado,0,1925-04-25,0.446,75.081
0.162,1925,0.314,['Old Grape God'],0.6779999999999999,822857,0.835,0,0lATdfQAizjfZqZdTdcbGp,0.00441,0,0.14800000000000002,-11.909,1,Hella Often Freestyle,0,1925-11-12,0.264,140.005
0.535,1925,0.975,['Yvonne George'],0.622,202760,0.155,0,0oJH3wVkNLSneZBxEtKYck,0.0,4,0.26,-16.195999999999998,1,C'est Pour Ca Qu'on S'aime,0,1925,0.173,107.4
0.531,1925,0.994,['Ignacio Corsini'],0.426,178253,0.0828,0,0tlfw6PGBvOc0pl2H6glvR,0.924,10,0.0966,-25.369,0,Añoranza - Remasterizado,0,1925-04-25,0.0711,131.868
0.659,1925,0.904,['Ethel Waters'],0.617,169827,0.267,0,0uQZYQqUY0bEEu7dNTiKkj,0.0,5,0.188,-11.869000000000002,1,Honey In The Honeycomb,1,1925,0.0392,106.781
0.779,1925,0.996,['Francisco Canaro'],0.731,170120,0.14300000000000002,0,0uwYigNgUmXOSxJvmP1hnR,0.966,5,0.193,-15.413,1,Muchachita de Montmartre - Remasterizado,0,1925-08-02,0.0911,116.323
0.509,1925,0.994,['Ignacio Corsini'],0.454,187253,0.0956,0,0vyPrfz2uJpZJZtzxmVbZz,0.936,9,0.102,-24.888,0,Mi Perdón - Remasterizado,0,1925-04-25,0.062,61.298
0.568,1925,0.991,['Ignacio Corsini'],0.462,131720,0.0762,0,0xPQBMO3cMaxZINENSeC7F,0.83,4,0.111,-23.872,1,Ojazos Color de Mar - Remasterizado,0,1925-04-25,0.0608,66.493
0.963,1925,0.989,"[""Henderson's Roseland Orchestra""]",0.667,151208,0.539,0,0xymKYYptd1H5z6ePQ8x49,0.893,3,0.21600000000000005,-8.665,1,Raisin' The Roof,0,1925,0.0341,121.589
0.564,1925,0.996,['Louis Armstrong & His Hot Five'],0.816,158360,0.111,0,144bl4trI7TCSotGEHZjXl,0.136,7,0.36,-16.78,1,Georgia Grind,1,1925,0.0789,133.454
0.75,1925,0.995,['Ignacio Corsini'],0.514,136067,0.158,0,14u67tUXk5qU0xHua0HKyR,0.943,5,0.273,-26.002,0,Ojerosa - Remasterizado,0,1925-04-25,0.0488,123.55
0.852,1925,0.995,['René Koval'],0.71,146200,0.315,0,1CX8k7KiYUDeC55NHwLOWv,3.46e-06,0,0.297,-13.262,0,Pas Sur La Bouche,0,1925,0.224,84.67399999999998
0.472,1925,0.995,['Ignacio Corsini'],0.503,171547,0.0943,0,1GyFn9OVcq2ZyH1GNha129,0.946,6,0.0968,-25.742,0,La Canción del Huérfano - Remasterizado,0,1925-04-25,0.0579,110.983
0.616,1925,0.996,['Francisco Canaro'],0.7290000000000001,149747,0.234,0,1J0TOwIqPPie8U8glGqMxA,0.843,7,0.311,-16.480999999999998,1,Personita - Remasterizado,0,1925-07-12,0.101,120.432
0.913,1925,0.996,['Francisco Canaro'],0.735,154960,0.371,0,1LQbY0hHq9hJaPxN33biJB,0.877,0,0.107,-15.524,1,"Hopa, Hopa, Hopa - Remasterizado",0,1925-07-12,0.0533,99.376
0.645,1925,0.996,['Louis Armstrong & His Hot Five'],0.716,175507,0.173,0,1LUThITCz9td2SNvTFkJbD,0.917,3,0.118,-16.527,0,Who'sit,1,1925,0.0546,98.769
0.794,1925,0.996,['Francisco Canaro'],0.764,147733,0.141,0,1OHIpTiYXDSZBr285seKbA,0.825,10,0.112,-14.538,0,Entrá Nomás - Remasterizado,0,1925-08-02,0.14300000000000002,121.741
0.5489999999999999,1925,0.996,['Francisco Canaro'],0.322,151600,0.45,0,1RhYzg8TrUuSXLZLw5HZrl,0.8440000000000001,1,0.7709999999999999,-14.922,0,Tierra Mia - Remasterizado,0,1925-07-12,0.39,72.69
0.556,1925,0.995,['Ignacio Corsini'],0.526,181187,0.0719,0,1VArvZy2yQYWnkJ66skPfp,0.875,5,0.221,-23.548,1,Perdón - Remasterizado,0,1925-04-25,0.147,125.436
0.7440000000000001,1925,0.942,['Jelly Roll Morton'],0.711,174427,0.635,0,1Wj1hBJKbEgyFHzraDL9aD,0.882,0,0.0744,-5.4579999999999975,1,The Chant,0,1925,0.0479,104.181
0.319,1925,0.979,['Ethel Waters'],0.326,198933,0.16899999999999998,0,1apQU5qZgyw6rm4wxvKxo4,0.0,1,0.129,-15.623,1,Cabin In The Sky,1,1925,0.0309,64.187
0.46,1925,0.992,['Ignacio Corsini'],0.32,159680,0.16899999999999998,0,1cTfZCuDHR0hyurrY8McD4,0.98,6,0.129,-23.69400000000001,0,Engualichaste Mi Corazón - Remasterizado,0,1925-04-25,0.053,118.373
0.8,1925,0.996,['Louis Armstrong & His Hot Five'],0.568,173760,0.156,0,1k4xhU1UoTGs2lYsA7xq4J,0.7340000000000001,11,0.209,-16.906,1,I'm Gonna Gitcha,1,1925,0.317,186.689
0.894,1925,0.984,['Dranem'],0.6709999999999999,149133,0.366,0,1usQRVBEb4UMMlUdsPPfOV,0.0,7,0.115,-13.625,1,Raymonde,0,1925,0.0618,109.651
0.733,1925,0.992,['Georgius'],0.541,196867,0.378,0,1xSOWXoINyYVF46ab8sKpb,0.000102,7,0.131,-15.167,1,Hortensia Ou La Fille Du Jazz Band,0,1925,0.0777,140.41899999999998
0.0543,1925,0.816,['Georges Thill'],0.298,217261,0.0436,0,1zPmz3rh854RXIho4RYtWi,0.00729,0,0.111,-19.321,1,"Faust, Acte 3, Scène Et Duo Du Jardin, Fin (4ème Partie): ""Tête Folle, Tu Nous Écoutais!""",0,1925-01-01,0.193,76.279
0.4270000000000001,1925,0.993,['Patrick Hunt'],0.906,119096,0.103,0,20Kjljtn4LFdxyQOJPLqBR,0.95,1,0.106,-21.967,0,Sweet Georgia Brown,0,1925,0.045,107.829
0.417,1925,0.996,"['Francisco Canaro', 'Azucena Maizani']",0.563,174667,0.242,0,230yKx4iJH3uW33JkEqP4g,0.912,0,0.398,-12.03,1,Silbando - Remasterizado,0,1925-08-02,0.147,113.549
0.502,1925,0.967,['Ethel Waters'],0.58,187133,0.225,0,23furE1azaxq02V6iHZHMt,0.0,0,0.118,-16.784000000000002,1,Come Up And See Me Sometime,1,1925,0.319,96.869
0.5920000000000001,1925,0.996,['Louis Armstrong & His Hot Five'],0.6859999999999999,181600,0.127,0,29735iAeYhkpYnVAURWpSa,0.3720000000000001,7,0.112,-17.711,1,Heebie Jeebies,1,1925,0.0818,156.359
0.379,1925,0.992,['Yvonne George'],0.5529999999999999,170173,0.0903,0,2AbVQuMyvNhUZEsNAQzp8V,0.0,3,0.259,-14.880999999999998,1,J'ai Pas Su Y Faire,0,1925,0.101,77.04899999999998
0.315,1925,0.993,['Francisco Canaro'],0.443,171533,0.265,0,2HHvjG9sSrs5uVeity8AvB,0.959,1,0.141,-17.090999999999998,1,Virgencita del Talar - Remasterizado,0,1925-07-12,0.46,69.038
0.544,1925,0.955,['Andrée Turcy'],0.654,185307,0.156,0,2HQhHBFe2kDksoRKdGCZXF,0.0,7,0.344,-12.899,1,Mon Anisette,1,1925,0.382,139.32299999999998
0.237,1925,0.969,['Georges Thill'],0.279,226639,0.179,0,2NhCNt7OL6CqHLEwgWjZaN,0.0684,10,0.31,-12.267,1,"Faust, Acte 1, 1er Tableau, 2ème Partie:""Salut Ô Mon Dernier Matin""",0,1925-01-01,0.0453,90.865
0.6659999999999999,1925,0.993,['Ignacio Corsini'],0.435,196027,0.239,0,2SFPIqnhQkrrqyxmVFJm0n,0.84,9,0.119,-20.321,0,Alfredo - Remasterizado,0,1925-04-25,0.0785,130.607
0.626,1925,0.993,['Ignacio Corsini'],0.4270000000000001,117533,0.361,0,2VRq4ROe0zs7rcVVDHEUUq,0.506,3,0.72,-19.103,1,Marinero - Remasterizado,0,1925-04-25,0.0829,71.589
0.627,1925,0.992,['Marguerite Deval'],0.469,179067,0.305,0,2aNIUgf8gshzUpIyXfnLE6,5.25e-05,9,0.355,-15.285,0,Si J'avais Été Un Homme,0,1925,0.0779,68.84899999999999
0.489,1925,0.996,['Francisco Canaro'],0.627,161080,0.255,0,2afVoyujGksnWxWAuqV92K,0.919,1,0.358,-13.333,1,París - Remasterizado,0,1925-08-02,0.0739,111.645
0.5670000000000001,1925,0.995,['Ignacio Corsini'],0.484,151760,0.101,0,2bV9JZ4rTDS3BmlHY93X76,0.7829999999999999,2,0.111,-24.966,1,Tu Promesa - Remasterizado,0,1925-04-25,0.0336,100.019
0.662,1925,0.996,"['Francisco Canaro', 'Azucena Maizani']",0.61,156773,0.343,0,2ezxccnGkAqUPnhlYNn9Z6,0.883,7,0.413,-12.121,0,Penas de Arrabal - Remasterizado,0,1925-08-02,0.353,71.72
0.805,1925,0.996,['Francisco Canaro'],0.828,163147,0.158,0,2fRfDHRDDSoFLnqHngDSeU,0.916,7,0.116,-12.071,1,Langosta - Remasterizado,0,1925-08-02,0.132,115.943
0.8809999999999999,1925,0.994,['Emma Liebel'],0.67,147227,0.222,0,2jodvzBbR6KwOq1S8N0yfl,7.85e-06,10,0.0725,-14.268,1,Mon Paris,0,1925,0.0682,133.096
0.579,1925,0.994,['Ignacio Corsini'],0.5489999999999999,135200,0.0829,0,2kxqxpB6nTkFNrDuBYxwhk,0.887,4,0.11,-22.695,0,Luna Gaucha - Remasterizado,0,1925-04-25,0.0556,65.139
0.8370000000000001,1925,0.996,['Francisco Canaro'],0.63,160867,0.309,0,2mVkVHKBoG54PaUJIuKw5N,0.7879999999999999,5,0.317,-15.324000000000002,0,Tita - Remasterizado,0,1925-07-12,0.0511,126.717
0.309,1925,0.95,['Georges Thill'],0.469,228416,0.0259,0,2nJLxjZFbrrhFF3AF1LQ6a,0.0,10,0.675,-19.539,0,"Carmen, 13, Acte 2, Duo De Carmen Et Don José (1ère Partie): ""Je Vais Danser En Votre Honneur""",0,1925-01-01,0.311,83.57600000000002
0.784,1925,0.994,['Ignacio Corsini'],0.53,179827,0.255,0,2wc9bV6XI32NNMSjlKvOTD,0.438,6,0.857,-20.043,0,Los Carreteros - Remasterizado,0,1925-04-25,0.478,67.319
0.75,1925,0.974,['Cliff Edwards'],0.758,148701,0.434,0,2xpAh8qSWSWlDSszgdMuOC,0.0,8,0.173,-9.317,0,That's My Weakness Now,0,1925,0.225,133.982
0.348,1925,0.929,['Ethel Waters'],0.496,209533,0.177,0,3194gT5ute5xvd87SGZlPG,0.0,7,0.153,-13.495,1,Hottentot Potentate - Live,1,1925,0.0717,97.915
0.527,1925,0.972,['Ethel Waters'],0.64,190000,0.129,0,31d4c389HCF9pQo3ODHXgZ,0.0,9,0.6559999999999999,-15.323,1,Taking A Chance On Love,1,1925,0.0619,126.108
0.125,1925,0.913,['Georges Thill'],0.294,243854,0.17600000000000002,0,32X6PAkvyHnBaBvLwRVYug,0.000214,5,0.174,-12.836,1,"Hérodiade: ""Air De Jean""",0,1925-01-01,0.0404,101.202
0.6729999999999999,1925,0.995,['Ignacio Corsini'],0.604,170333,0.112,0,32zbt9mbnA19OnGyTIudRB,0.931,9,0.17,-21.041,0,Campana de Plata - Remasterizado,0,1925-04-25,0.204,113.544
0.6679999999999999,1925,0.989,['Ethel Waters'],0.66,204573,0.11,0,33v3eC44xoY0brO1L6sDx6,0.0,10,0.0898,-12.595,1,You Can't Stop Me From Loving You,1,1925,0.0921,114.574
0.126,1925,0.965,['Georges Thill'],0.16699999999999998,188631,0.163,0,36DjPq4xxE6PFx8LQIXzBr,0.928,3,0.105,-15.896,1,"Carmen, 17, Acte 3: ""Entracte""",0,1925-01-01,0.0445,73.344
0.7659999999999999,1925,0.964,['Ignacio Corsini'],0.284,164387,0.293,0,39RpyXuSsKCPSRn7t8TBv8,0.35100000000000003,9,0.206,-22.059,0,China Ingrata - Remasterizado,0,1925-04-25,0.0584,95.38
0.643,1925,0.996,['Francisco Canaro'],0.6559999999999999,164213,0.175,0,3Fz0Tex4GxtWZNeLnTKU6V,0.925,4,0.174,-13.481,1,En Aquel Cuartito - Remasterizado,0,1925-08-02,0.0905,121.13
0.53,1925,0.995,['Francisco Canaro'],0.631,172493,0.222,0,3LFsQMhlxh56QnIfxy4SPO,0.97,5,0.218,-14.833,0,Juguete de Placer - Remasterizado,0,1925-08-02,0.0609,115.436
0.853,1925,0.948,['The Hot Air-Men'],0.703,189661,0.428,0,3LGBGcUHPxRqRmcReNtIK4,0.102,0,0.171,-10.027,1,Red Hot Chicago,1,1925,0.133,178.69799999999995
0.469,1925,0.986,['Ignacio Corsini'],0.392,171320,0.0474,0,3MXw4DICWE6vmEE3n9cZ0I,0.888,8,0.104,-27.093000000000004,0,El Centenario - Remasterizado,0,1925-04-25,0.0397,63.757
0.133,1925,0.959,['Georges Thill'],0.4,211932,0.127,0,3PxwHGNMTNcpq0pmDV1b4m,0.00176,1,0.109,-16.209,1,"Mireille, Acte 5: ""Anges Du Paradis""",0,1925-01-01,0.0834,131.828
0.431,1925,0.994,['Ignacio Corsini'],0.541,133013,0.126,0,3Q2O3hJW2FbiMzcbk3mRu1,0.843,6,0.321,-23.725,0,Medias de Seda - Remasterizado,0,1925-04-25,0.199,74.423
0.477,1925,0.981,['Ethel Waters'],0.5479999999999999,197760,0.157,0,3SDibiG9HuSpd31Rdoewog,0.0,7,0.578,-15.765,1,Theif In The Night,1,1925,0.0804,102.87
0.8420000000000001,1925,0.996,['Francisco Canaro'],0.659,172000,0.391,0,3WW7kJBtoWBKhV6KES1fO7,0.877,10,0.306,-10.866,1,Pico Blanco - Remasterizado,0,1925-08-02,0.0487,128.317
0.8240000000000001,1925,0.996,['Francisco Canaro'],0.3720000000000001,150973,0.361,0,3aLSgdsdfGnJC0DAT7P87b,0.936,8,0.266,-15.181,1,Tea For Two - Remasterizado,0,1925-08-02,0.0699,212.162
0.8270000000000001,1925,0.996,['Francisco Canaro'],0.7559999999999999,154107,0.25,0,3bF4rNEbDkB4ETRgZkTr9p,0.917,6,0.25,-13.816,1,Tomasito - Remasterizado,0,1925-07-12,0.0654,129.519
0.299,1925,0.987,['Ethel Waters'],0.428,188640,0.14800000000000002,0,3e2L9DmZ1GuWE5BeH8IvpL,0.0,8,0.107,-13.764,1,You're Lucky To Me,0,1925,0.0448,114.339
0.0377,1925,0.991,['American Concert Orchestra'],0.116,284735,0.17800000000000002,0,3gsHRi7WxGqzAd7kIPKyFy,0.804,4,0.902,-21.844,0,Extracts from the Ballet-Suite Scherazada - Remaster,0,1925-04-28,0.0427,83.15799999999999
0.307,1925,0.995,['Ignacio Corsini'],0.48,145573,0.0939,0,3hdG6AI3ObCO8OZgYuyWGM,0.6890000000000001,4,0.11,-23.486,0,Trago Amargo - Remasterizado,0,1925-04-25,0.206,94.007
0.705,1925,0.996,['Francisco Canaro'],0.5820000000000001,144413,0.28600000000000003,0,3izqufataLHCvwGKfsiSem,0.941,1,0.322,-15.647,0,Mimosita - Remasterizado,0,1925-07-12,0.0607,125.142
0.5429999999999999,1925,0.995,['Ignacio Corsini'],0.513,163920,0.0658,0,3pDMFFshCPFbNQMJWCJxnH,0.888,10,0.114,-24.642,1,Sarita - Remasterizado,0,1925-04-25,0.0677,113.2
0.5539999999999999,1925,0.996,['Francisco Canaro'],0.583,166387,0.338,0,3pni9bAPJPiFltXwDpV6xj,0.957,5,0.127,-14.555,1,Ramas Secas - Remasterizado,0,1925-07-12,0.0527,126.456
0.551,1925,0.995,['Ignacio Corsini'],0.516,139480,0.0422,0,3tl9k8QT0CRs9XAbVVH2to,0.843,6,0.105,-24.281,0,Anochecer - Remasterizado,0,1925-04-25,0.0648,80.733
0.7190000000000001,1925,0.978,['Mistinguett'],0.415,172840,0.33,0,3vuypSGFgGT7JKJiWPJURp,0.0,0,0.32,-14.533,1,Mon Bus'ness,0,1925,0.128,72.96
0.7190000000000001,1925,0.982,['Jelly Roll Morton'],0.6,173747,0.41,0,3zPUuRnmclI9WiLbmt8lmB,0.385,3,0.0771,-4.633,1,Black Bottom Stomp,0,1925,0.0382,136.793
0.8220000000000001,1925,0.969,['Maurice Chevalier'],0.705,158493,0.213,0,45OfpkoaAJTQhuJDy8zXND,0.0,2,0.228,-16.042,1,Je Ne Dis Pas Non,0,1925,0.5579999999999999,98.08
0.742,1925,0.995,['Ignacio Corsini'],0.5539999999999999,125107,0.0917,0,48uWNLgQTIuI2FKRDWrWus,0.862,6,0.107,-25.096,1,Resignación - Remasterizado,0,1925-04-25,0.105,115.904
0.815,1925,0.917,['Clarence Williams & His Orchestra'],0.8,207911,0.458,0,49wmJoUqLhM4shYvqYGdYB,0.0371,3,0.0833,-10.564,1,Papa De Da Da,0,1925,0.0546,91.611
0.52,1925,0.995,['Ignacio Corsini'],0.381,196827,0.075,0,4AUS8NJUzqXcGLOpZeY27v,0.917,7,0.14300000000000002,-25.665,1,Un Triste Despertar - Remasterizado,0,1925-04-25,0.0586,82.714
0.888,1925,0.953,['Perchicot'],0.65,185973,0.52,0,4IUls53mx64sfeX1LBxCM5,0.0,9,0.0629,-12.068,1,Je N'suis Pas Celle Que Vous Croyez,0,1925,0.0817,131.36700000000002
0.809,1925,0.996,['Ignacio Corsini'],0.56,146907,0.122,0,4KQqDGZsFJHGRqRiJgqzke,0.94,1,0.198,-23.506,1,Labios Pintados - Remasterizado,0,1925-04-25,0.0747,126.886
0.6779999999999999,1925,0.989,['Ignacio Corsini'],0.653,143693,0.151,0,4Kv5krOFkBEK9JaBJP7hVt,0.0,2,0.121,-16.657,0,El Cuchillo del Plata - Remasterizado,0,1925-04-25,0.156,120.634
0.7490000000000001,1925,0.972,['Annette Hanshaw'],0.687,172339,0.237,0,4MMJVh055Vo5yA83OtvMGM,0.0,10,0.0855,-8.725,1,I Got 'It' But It Don't Do Me No Good,0,1925,0.0678,94.444
0.84,1925,0.978,['Frankie Half-Pint Jaxon & His Hot Shots'],0.805,184320,0.293,0,4PhCv5cFe0F1vUXLOQx20d,0.000248,8,0.0946,-9.23,1,Fifteen Cents,0,1925,0.0968,84.55799999999998
0.629,1925,0.996,['Louis Armstrong & His Hot Five'],0.613,183133,0.114,0,4UrrnH02uRio9VJaOX2aAZ,0.8290000000000001,4,0.247,-17.569000000000006,1,Droppin' Shucks,1,1925,0.184,163.64600000000004
0.35,1926,0.821,['Fats Waller'],0.515,237773,0.222,0,3BFRqZFLSrqtQr6cjHbAxU,0.00193,0,0.19,-16.918,0,Ain't Misbehavin',49,1926,0.0575,98.358
0.54,1926,0.725,['Fats Waller'],0.6509999999999999,183560,0.0867,0,0eInL1bLAFdHJDL04R0OCP,6.54e-05,5,0.16899999999999998,-18.882,1,Two Sleepy People,45,1926,0.048,87.221
0.789,1926,0.912,['Fats Waller'],0.731,158427,0.179,0,0EYRLGRgsgnKetAVziaaLT,0.0075200000000000015,5,0.111,-17.177,1,Honeysuckle Rose,28,1926,0.0634,154.709
0.67,1926,0.917,['Fats Waller'],0.778,209133,0.101,0,5YZpAH2jWtOOvbe1jv936Q,0.00199,0,0.147,-20.193,1,I'm Gonna Sit Right Down and Write Myself a Letter,27,1926,0.0548,115.347
0.629,1926,0.728,['Fats Waller'],0.715,184053,0.0885,0,0fkfPggXhmXEkzCq0170MQ,2.55e-06,0,0.125,-20.028,1,Your Feet's Too Big,24,1926,0.191,117.142
0.83,1926,0.987,['George Olsen'],0.737,189427,0.287,0,4BforxQIGJnNduf8sjkLGw,0.282,10,0.0808,-11.605,1,Sunny,19,1926-07-01,0.0326,108.152
0.804,1926,0.753,['Fats Waller'],0.7509999999999999,185693,0.274,0,4NgQxw0duwOJhmovUZu8zJ,0.5429999999999999,5,0.0863,-13.229,1,Functionizin',21,1926,0.0863,173.782
0.89,1926,0.931,['Louis Armstrong & His Hot Five'],0.74,183960,0.319,0,43QRJNdGe4GaO0ucHHQnmS,0.8690000000000001,8,0.0507,-8.707,1,Struttin' with Some Barbecue - 78 rpm Version,22,1926,0.119,95.699
0.917,1926,0.971,['Louis Armstrong & His Hot Seven'],0.602,175293,0.35100000000000003,0,6v27P8xpwlYSaaV56levKN,0.345,5,0.142,-7.769,1,Potato Head Blues,21,1926,0.16699999999999998,181.591
0.782,1926,0.885,['Fats Waller'],0.715,194880,0.29600000000000004,0,0Eb41TbSJMswzv1ZBlkwOt,0.0159,0,0.0552,-15.082,1,"Patty Cake, Patty Cake",19,1926,0.0715,102.969
0.804,1926,0.987,"['Jelly Roll Morton', 'Johnny Dodds']",0.6459999999999999,199645,0.326,0,6cZfUYHBa8LJ6GcnWUQ7B6,0.7979999999999999,10,0.122,-15.245,1,Wolverine Blues - 1990 Remastered - Take 1,21,1926,0.0395,113.918
0.873,1926,0.828,['Fats Waller'],0.78,186200,0.425,0,2P1X7MLycJr7BFRuByn53z,0.359,5,0.215,-12.282,0,Dinah,16,1926,0.059,112.156
0.644,1926,0.97,['Louis Armstrong & His Hot Seven'],0.639,188907,0.211,0,5trUr8XzpbSzQo07ZnQnor,0.675,0,0.43,-9.139,0,Wild Man Blues,23,1926,0.0558,95.574
0.6859999999999999,1926,0.722,['Fats Waller'],0.85,165573,0.113,0,2nMIbw9NAjPGzkZa7c8Bre,1.82e-06,0,0.146,-18.821,1,All That Meat And No Potatoes,16,1926,0.0642,141.78799999999995
0.871,1926,0.982,['George Olsen'],0.889,198520,0.266,0,4AEoPGkwHI5f7SC875nUrG,0.534,3,0.0885,-13.342,1,Horses - Take 2,17,1926-07-01,0.0674,105.866
0.64,1926,0.912,['Fats Waller'],0.645,190400,0.285,0,00WwIdBVbLYRNbDpA4n9I5,0.000108,0,0.104,-14.223,0,Ain't Nothin' To It,15,1926,0.121,129.422
0.516,1926,0.926,['Fats Waller'],0.615,187600,0.0754,0,4FEHNITJSMx4lMq7YU0ZH1,0.0796,2,0.109,-21.62,1,Squeeze Me,16,1926,0.0389,91.528
0.8370000000000001,1926,0.89,['Fats Waller'],0.802,136413,0.348,0,5GXHilIWPNgswL89WQGeyI,0.642,3,0.309,-15.925999999999998,1,I'm Crazy 'Bout My Baby,13,1926,0.105,118.104
0.542,1926,0.991,['Fats Waller'],0.562,180320,0.179,0,7bqaKsfrVZtHOoaV78i7N9,0.7929999999999999,0,0.101,-16.708,1,"Ain't Misbehavin' - (from the musical comedy ""Connie's Hot Chocolates"")",15,1926,0.049,166.007
0.7120000000000001,1926,0.83,['Fats Waller'],0.7040000000000001,166707,0.233,0,0dg9GI2GbHjjswsDPrizOB,0.0367,0,0.0771,-15.376,1,How Can You Face Me?,13,1926,0.0646,144.045
0.8220000000000001,1926,0.959,"['Louis Armstrong & His Hot Seven', 'Carroll Dickerson Orchestra']",0.597,197867,0.315,0,6nIWphwUlDuSZYUd9vIZv1,0.636,10,0.0883,-9.583,1,Chicago Breakdown,13,1926,0.0991,174.815
0.226,1926,0.99,['Fats Waller'],0.565,176653,0.163,0,4JzoonYwqVoNs4HbZQJFfH,0.735,3,0.185,-20.056,1,Viper's Drag,12,1926,0.0597,114.554
0.655,1926,0.897,['Fats Waller'],0.6990000000000001,167800,0.412,0,4mo3AVxhJPwV4yQMIAhMou,9.64e-05,10,0.128,-16.051,1,The Joint Is Jumpin',12,1926,0.327,108.865
0.536,1926,0.8959999999999999,['Fats Waller'],0.746,189520,0.156,0,67lHQA6eJXtHPwha1PXvJl,0.000521,0,0.7090000000000001,-16.504,1,Sugar Rose,11,1926,0.0471,127.875
0.475,1926,0.975,['Fats Waller'],0.58,185693,0.126,0,6X5Viwfm2gWYjaEuEdKelA,0.232,5,0.12,-20.103,1,Lost Love,12,1926,0.038,95.862
0.411,1926,0.9,['Fats Waller'],0.6579999999999999,210040,0.108,0,5EOPkk6bd6NgYhjuPKWFtx,0.0177,3,0.135,-18.916,1,Our Love Was Meant to Be,11,1926,0.0435,81.085
0.626,1926,0.984,['Louis Armstrong & His Hot Five'],0.6709999999999999,171760,0.341,0,5hUP7BDeuNEXHYRIRp74gv,2.68e-05,8,0.14300000000000002,-9.597,1,Heebie Jeebies,13,1926,0.0894,164.49
0.764,1926,0.973,['Uncle Bunt Stephens'],0.467,178364,0.425,0,6pXovRXvSN6jZdmpeNsbv1,0.828,2,0.43,-10.594,1,Sail Away Lady - 2020 Remaster,12,1926,0.0517,125.385
0.6759999999999999,1926,0.868,['Fats Waller'],0.655,195173,0.193,0,1u8R1k0NGh3RGCpDrUERBn,0.00676,2,0.249,-16.625,1,The Panic Is On,11,1926,0.051,163.276
0.88,1926,0.924,['Louis Armstrong & His Hot Five'],0.61,192360,0.393,0,3GljPfJrELlzZTyK5DLD7A,0.0115,7,0.182,-11.365,1,Put 'Em Down Blues,11,1926,0.134,95.215
0.792,1926,0.645,['Fats Waller'],0.821,173920,0.297,0,7qd7lA9LjnUJsawEql0m0J,0.154,0,0.261,-15.573,1,It's A Sin To Tell A Lie,11,1926,0.0723,113.539
0.846,1926,0.994,['Louis Armstrong & His Hot Five'],0.6559999999999999,177227,0.295,0,2eyH4O0azQOth7dH0MRr8E,0.0377,7,0.111,-10.598,1,Big Butter And Egg Man,11,1926,0.0882,98.965
0.386,1926,0.976,['Fats Waller'],0.672,192707,0.0427,0,0sC7L64J9vnhojMN45aK0S,0.00139,0,0.113,-24.487,0,A Hopeless Love Affair,10,1926,0.0418,91.043
0.59,1926,0.872,['Fats Waller'],0.6609999999999999,197013,0.207,0,4zC4COjgpINYWZfAULgHs2,1.94e-05,7,0.197,-18.692,1,Honey Hush,10,1926,0.0404,102.944
0.4270000000000001,1926,0.8909999999999999,['Fats Waller'],0.6509999999999999,176040,0.0453,0,5nvRa7XTODdrFqGsuTcAjI,0.0,5,0.145,-23.104,0,I Can't Give You Anything but Love,11,1926,0.0757,95.157
0.6990000000000001,1926,0.921,['Fats Waller'],0.774,176173,0.301,0,19azfDLJijGlOwA0UbtAk0,0.078,5,0.0567,-13.865,1,Hold My Hand,9,1926,0.0605,102.415
0.334,1926,0.973,['Fats Waller'],0.642,171120,0.104,0,6w4XHLfGgJnBio2Si3WLKl,0.741,7,0.175,-14.055,1,St. Louis Blues,9,1926,0.0505,77.2
0.499,1926,0.983,['Fats Waller'],0.547,171040,0.171,0,07iw9DLedYT7J7qQgKbN4Y,0.95,7,0.136,-20.581,1,Numb Fumblin',9,1926,0.0326,112.481
0.487,1926,0.00746,['Future Rapper'],0.797,81000,0.516,0,0YFDGOIR9ubDqWCvsUQKY0,0.229,11,0.0972,-12.679,0,HF V CMV.Iii,7,1926-10-03,0.252,151.114
0.5870000000000001,1926,0.7959999999999999,['Fats Waller'],0.6409999999999999,164600,0.141,0,575F747gQWkmowDG5QiOLs,0.0004440000000000001,0,0.166,-20.027,1,Old Grand Dad,9,1926,0.28300000000000003,162.438
0.603,1926,0.981,['Louisiana Sugar Babes'],0.479,178573,0.208,0,0opATqwdecNexKKXwgVRov,0.8640000000000001,5,0.0912,-17.239,0,Thou Swell,8,1926,0.0544,114.38
0.369,1926,0.731,['Marbella Corella'],0.7509999999999999,272744,0.231,0,1jOtq4PEiGgfGNRp3fqc7C,2.59e-06,9,0.115,-10.745,0,Nostalgias,22,1926,0.0411,89.91
0.316,1926,0.987,['Fats Waller'],0.495,188067,0.14400000000000002,0,1rHLZDAI3KYUB0PFxMkqQL,0.857,2,0.103,-19.035,1,African Ripples,9,1926,0.0428,94.608
0.434,1926,0.731,['Fats Waller'],0.402,201347,0.198,0,3IeebgUYCGyhFra2EzUD29,0.182,0,0.121,-17.893,0,The Jitterbug Waltz,8,1926,0.0489,59.924
0.75,1926,0.7609999999999999,['Fats Waller'],0.754,192720,0.228,0,3qaDdnyJPvQgrAIbSQPi2z,0.000321,2,0.211,-17.338,1,Anita,8,1926,0.0609,126.515
0.531,1926,0.996,['George Gershwin'],0.568,186813,0.157,0,4pqZwOAqCc9cp46gXELTEO,0.923,3,0.13699999999999998,-19.184,1,Someone to Watch Over Me (Bonus Track),11,1926,0.0439,73.179
0.6,1926,0.82,['Fats Waller'],0.529,151493,0.207,0,549igzfp6h3PKv6FP39iJb,5.05e-05,7,0.162,-15.603,0,You Must Be Losing Your Mind,8,1926,0.0969,167.692
0.461,1926,0.0068,['Future Rapper'],0.151,51149,0.279,0,6Gb9wRpZp6p0VYuMBxuFHH,6.56e-05,1,0.188,-7.712999999999999,1,Past Ice and Ice and Even More,7,1926-10-03,0.034,81.184
0.54,1926,0.994,['Louis Armstrong & His Hot Five'],0.596,182773,0.252,0,6xVCdroOORUMHucbfROQdQ,0.489,11,0.406,-9.836,0,The King of the Zulus,10,1926,0.179,166.735
0.191,1926,0.987,['Fats Waller'],0.659,192640,0.0656,0,7JwtsF0G5xTilRm8nVlQtt,0.657,0,0.297,-20.399,1,Star Dust,9,1926,0.0746,88.666
0.7490000000000001,1926,0.8170000000000001,['Fats Waller'],0.741,179520,0.309,0,0vz33QAoQkWX3cUmqfquuo,0.0211,5,0.163,-16.244,1,'Tain't Nobody's Biz-Ness If I Do,7,1926,0.119,116.148
0.5579999999999999,1926,0.993,['Fats Waller'],0.634,158507,0.131,0,1l3gf1CJHHTGnrhtrvADzt,0.84,5,0.165,-20.531,0,Love Me or Leave Me - Take 3,7,1926,0.0403,95.215
0.322,1926,0.968,['Louis Armstrong & His Hot Five'],0.5760000000000001,198533,0.234,0,2wzGWv4nyzVJXhy21Eg24B,0.6459999999999999,3,0.0829,-11.531,1,West End Blues,8,1926,0.0537,83.02600000000002
0.201,1926,0.991,['Fats Waller'],0.649,192333,0.0709,0,3N2FXCkpZmIFHlqUgx6crA,0.863,0,0.139,-20.096,1,Keepin' Out of Mischief Now,7,1926,0.0478,111.303
0.649,1926,0.95,['Fats Waller'],0.62,197293,0.118,0,46ewJ4i4xwgUuMyGZFwJqW,0.119,10,0.223,-18.829,0,Up Jumped You With Love,7,1926,0.0485,122.267
0.485,1926,0.969,['Louisiana Sugar Babes'],0.4270000000000001,183493,0.141,0,4TZ5xHacg417VxJC2qkSdt,0.933,5,0.171,-19.769,0,'Sippi,8,1926,0.101,82.353
0.96,1926,0.937,['Louis Armstrong & His Hot Five'],0.802,179667,0.383,0,4hH2L62wG40hqrrcaFz3Dn,0.23,5,0.129,-11.351,1,Jazz Lips,9,1926,0.0906,107.059
0.715,1926,0.941,['Louis Armstrong & His Hot Seven'],0.6970000000000001,181067,0.18600000000000005,0,5pYWNge6xtzTmqOexSb1fa,0.846,5,0.0772,-9.133,1,Alligator Crawl,11,1926,0.0928,104.555
0.628,1926,0.867,['Fats Waller'],0.701,179787,0.0478,0,5tlLRDd1GRkHKFWIf4I0Il,4.33e-05,3,0.188,-20.807,1,"Bessie, Bessie, Bessie",7,1926,0.061,97.439
0.713,1926,0.9,['Fats Waller'],0.75,202267,0.139,0,7FwTP9tlB7L0fzXOnJYTXk,5.15e-05,3,0.242,-18.908,1,Cash for Your Trash,7,1926,0.0609,150.964
0.89,1926,0.988,['Fats Waller'],0.525,156320,0.302,0,7GUP6CQubCwyJdsUvO89jP,0.78,7,0.17,-17.964000000000006,1,Carolina Shout,7,1926,0.0419,121.195
0.644,1926,0.957,['Fats Waller'],0.802,190213,0.14800000000000002,0,048gn7xU3aWixBAEJFspEN,0.0485,7,0.205,-17.719,1,You're Not the Only Oyster In the Stew,7,1926,0.0581,96.144
0.313,1926,0.995,['Louis Armstrong & His Hot Five'],0.536,192560,0.115,0,04VbEMd4mpltd4CsBK0lHi,0.00176,9,0.105,-16.692999999999998,1,Lonesome Blues,10,1926,0.041,78.72800000000002
0.8290000000000001,1926,0.935,"['Fats Waller, His Rhythm and Orchestra']",0.728,186240,0.317,0,08TX1IJWR9K9oZwUnAA5oJ,0.00324,7,0.19,-15.351,0,The Sheik of Araby,7,1926,0.0597,105.792
0.8540000000000001,1926,0.982,['Louis Armstrong & His Hot Five'],0.665,150160,0.366,0,0o5rGmxu61uteBIMSym5fK,0.6659999999999999,8,0.0763,-9.064,1,Muskrat Ramble,8,1926,0.212,183.755
0.928,1926,0.931,['Louis Armstrong & His Hot Five'],0.7909999999999999,182333,0.401,0,1JHCXaQfAdO2llk8fGKSQT,0.5670000000000001,3,0.193,-10.28,1,Hotter Than That,8,1926,0.0864,107.604
0.923,1926,0.971,['Louis Armstrong & His Hot Seven'],0.58,175267,0.34,0,1TGnuUqI5bsIVspv4YYsvy,0.34,5,0.151,-8.282,1,Potato Head Blues,8,1926,0.17600000000000002,180.171
0.812,1926,0.982,['Fats Waller'],0.541,184920,0.247,0,2wZJjUPmBb9tJP9Xx2G6ez,0.868,0,0.131,-19.291,1,Smashin' Thirds,7,1926,0.0432,111.664
0.836,1926,0.926,['Fats Waller'],0.703,169920,0.285,0,2xllQZvVjAI8dKM9eznGDN,0.00932,10,0.163,-16.221,1,Christopher Columbus,7,1926,0.0631,133.982
0.8340000000000001,1926,0.8109999999999999,['Fats Waller'],0.762,155547,0.307,0,3VPirEcISU7rbDYX5lLJXb,0.000389,3,0.669,-16.266,1,Lulu's Back In Town,7,1926,0.104,108.806
0.943,1926,0.992,['Louis Armstrong & His Hot Five'],0.8190000000000001,162760,0.366,0,4uBVcsW9vWVH4zDQpOHf1f,0.048,5,0.0995,-9.257,1,Sunset Cafe Stomp,10,1926,0.0846,106.524
0.8270000000000001,1926,0.911,['Jack Teagarden And His Orchestra'],0.606,192360,0.364,0,5HS5WfcRVbMEmXDpTUGTM4,0.000493,5,0.0959,-11.549,1,(I'll Be Glad When You're Dead) You Rascal You,7,1926,0.0927,103.317
0.841,1926,0.922,['Louis Armstrong & His Hot Five'],0.6829999999999999,204040,0.254,0,64Qo1QPHkodjW9Bmmo1E35,0.851,10,0.067,-10.63,1,Got No Blues,9,1926,0.337,142.575
0.9,1926,0.942,['Louis Armstrong & His Hot Seven'],0.62,172760,0.23,0,66iLa3Cm2AA4hYnhMMsDJe,0.1,3,0.139,-9.867,1,S.O.L. Blues,8,1926,0.0849,106.551
0.925,1926,0.917,['Louis Armstrong & His Hot Seven'],0.737,182733,0.251,0,6d7Oj3m87JYBcM3l7aTdx4,0.67,3,0.1,-8.707,1,Twelfth Street Rag,9,1926,0.208,118.028
0.7559999999999999,1926,0.962,['Fats Waller'],0.74,175827,0.28,0,7L1leQfPAqVZXDddj1TYrH,0.0343,3,0.498,-14.505999999999998,1,Lounging At the Waldorf,7,1926,0.0693,91.015
0.88,1926,0.78,['Fats Waller'],0.6659999999999999,161867,0.304,0,7gQU7Q2HlQ1xsb4UOIxmks,0.25,7,0.03,-17.365,1,Darktown Strutters Ball,6,1926,0.133,107.246
0.44,1926,0.98,['Fats Waller'],0.628,160693,0.208,0,0Gowvqbu5TaTTYHmXuUcOG,0.938,5,0.14,-18.304,1,My Fate Is In Your Hands,7,1926,0.0558,134.126
0.736,1926,0.96,['Fats Waller'],0.62,201893,0.14,0,0IQuXNRQuSWahRcrdnUS3J,0.7070000000000001,5,0.0515,-18.103,1,In The Gloamin',6,1926,0.0572,144.375
0.963,1926,0.959,['Louis Armstrong & His Hot Five'],0.677,182493,0.493,0,0bHTqVi0vBmOtAjL3UqwVz,0.82,5,0.757,-9.078,1,Ory's Creole Trombone,8,1926,0.131,104.383
0.899,1926,0.995,['Louis Armstrong & His Hot Five'],0.614,189333,0.196,0,0jiH6Bf3OOm36ubMWZ0Sr5,0.892,4,0.0526,-14.019,1,Jazz Lips,9,1926,0.4270000000000001,201.11900000000003
0.843,1926,0.563,['Fats Waller'],0.8370000000000001,124613,0.267,0,0komRzofadMbK7goHcF92v,2.18e-05,7,0.267,-16.93,0,"Hold Tight (Want Some Seafood, Mama)",6,1926,0.324,95.735
0.904,1926,0.8690000000000001,['Louis Armstrong & His Hot Seven'],0.755,186067,0.408,0,0n4FLRhXMhkLtXc8Q3p5CR,0.82,5,0.0839,-9.16,1,Willie the Weeper,7,1926,0.0598,96.365
0.922,1926,0.921,"['Bunny Berigan', 'Tommy Dorsey', 'Fats Waller', 'Dick McDonough', 'George Wettling']",0.636,188040,0.468,0,0sbgH0KYc5ZvZBjfJtmeAB,0.8109999999999999,5,0.0726,-12.714,1,Honeysuckle Rose,7,1926,0.0575,109.831
0.883,1926,0.94,['Jelly Roll Morton & His Red Hot Peppers'],0.643,191147,0.597,0,1WTUn1PJVvvSIYgbwDTodX,0.934,0,0.198,-9.214,0,Black Bottom Stomp - 1992 Remastered,8,1926,0.0552,127.553
0.953,1926,0.8959999999999999,['Fats Waller'],0.7909999999999999,157133,0.341,0,1c3HSfaO8NRyZDMqiCqFIP,0.491,2,0.119,-13.496,0,Serenade For A Wealthy Widow,6,1926,0.0451,105.399
0.738,1926,0.866,['Louis Armstrong & His Hot Five'],0.757,195800,0.328,0,1zsftHmIQlP1kCIDxH54jg,0.8290000000000001,7,0.0436,-9.365,1,Once In a While,8,1926,0.0679,100.939
0.8320000000000001,1926,0.932,['Louis Armstrong & His Hot Five'],0.731,207440,0.249,0,2McWvcuPPsBIHnpvitA3yV,0.0219,0,0.112,-11.251,1,The Last Time,7,1926,0.0919,78.711
0.435,1926,0.794,['Fats Waller'],0.65,166733,0.0744,0,2REMgJ8r6BiAxXWyUdePXo,0.785,9,0.083,-20.496,0,Rosetta,6,1926,0.03,99.804
0.62,1926,0.97,['Louis Armstrong & His Hot Seven'],0.616,188973,0.2,0,3EPOAu5vlmjh8zvP3ao5f9,0.537,0,0.445,-9.716,0,Wild Man Blues,7,1926,0.0578,90.148
0.599,1926,0.7240000000000001,['Fats Waller'],0.69,182787,0.136,0,3ZwgQglycOY7m7idbpdoQo,8.58e-05,7,0.371,-19.43,1,"You Run Your Mouth, I'll Run My Business",6,1926,0.254,134.339
0.779,1926,0.946,['Fats Waller'],0.772,207507,0.35700000000000004,0,3dAD7dU16dqKmUuny47sV0,0.275,10,0.187,-13.468,1,Somebody Stole My Gal,6,1926,0.133,120.811
0.762,1926,0.945,['Fats Waller'],0.787,262653,0.3,0,3fbSEYYkemGkEETe8xSuMf,0.855,0,0.0866,-16.418,1,"Blue, Turnin' Grey Over You",6,1926,0.0466,90.081
0.7070000000000001,1926,0.994,['Louis Armstrong & His Hot Five'],0.7120000000000001,171440,0.331,0,4KYNsBI4NTX6h1Hh7al02T,0.0274,0,0.112,-10.021,1,You Made Me Love You,10,1926,0.0686,98.211
0.7859999999999999,1926,0.912,['Fats Waller'],0.6679999999999999,183600,0.22,0,5FzgkVitiLFdKZcxiMXclD,0.0205,0,0.219,-16.153,1,A Good Man Is Hard to Find,6,1926,0.0639,148.905
0.589,1926,0.905,['Louis Armstrong & His Savoy Ballroom Five'],0.7120000000000001,191693,0.197,0,5X9cqxhBN41jIq5rpXLJ5a,3.950000000000001e-05,5,0.133,-9.922,0,St. James Infirmary,6,1926,0.0475,116.727
0.8079999999999999,1926,0.843,['Fats Waller'],0.765,169493,0.202,0,7MpHsjhkcP9MWYQubWuRlS,0.00298,8,0.11,-19.525,1,'Tain't What You Do (It's The Way That You Do It),6,1926,0.0875,77.072
0.777,1926,0.76,['Fats Waller'],0.762,160693,0.34700000000000003,0,7fLzg5vvKbNMUXikhyCx95,0.403,9,0.0821,-15.264,1,Mamacita,6,1926,0.0681,91.115
0.914,1926,0.852,['Louis Armstrong & His Hot Seven'],0.7390000000000001,186067,0.43,0,7fbE6FdotcSEyjnRwhVlfV,0.84,5,0.0737,-8.623,1,Willie the Weeper,7,1926,0.0543,95.599
0.693,1926,0.986,['Louis Armstrong & His Hot Seven'],0.7490000000000001,180000,0.218,0,7ovcofZ0IabtMg7VbJOKEA,0.8420000000000001,5,0.754,-8.931000000000003,0,Melancholy,10,1926,0.08199999999999999,113.41
0.369,1926,0.8220000000000001,['Louis Armstrong & His Hot Five'],0.578,194973,0.16899999999999998,0,7xoKblVgkrpJ2ckky3SAB1,7.56e-05,10,0.851,-12.513,1,Basin Street Blues,7,1926,0.0513,109.418
0.503,1926,0.872,['Louis Armstrong & His Savoy Ballroom Five'],0.759,191800,0.244,0,0yrVHDPQF4HiwjGQAgYIb6,0.00419,2,0.0469,-11.738,1,Tight Like This,5,1926,0.111,114.098
0.963,1926,0.904,['Louis Armstrong & His Hot Seven'],0.778,178027,0.325,0,137vYD6w4TxssV0b4L2qpj,0.901,5,0.0849,-9.127,1,Weary Blues,6,1926,0.198,102.568
0.5489999999999999,1926,0.947,['Louis Armstrong & His Hot Seven'],0.723,202227,0.209,0,1YAD1jeMEk2OjFj1b6HjzT,0.0307,0,0.0963,-11.703,1,Squeeze Me,6,1926,0.0485,90.673
0.934,1926,0.963,['Jelly Roll Morton & His Red Hot Peppers'],0.763,174335,0.431,0,1eodLtI2tja7z5OQ7YUyJ0,0.9,0,0.124,-11.272,1,Grandpa's Spells (Take 2),8,1926,0.046,104.743
0.961,1926,0.958,['Louis Armstrong & His Hot Five'],0.6729999999999999,182533,0.485,0,1krKBveQvDvPExwp0mzdJp,0.6990000000000001,5,0.85,-9.404,1,Ory's Creole Trombone,6,1926,0.133,102.758
0.8420000000000001,1926,0.747,['Fats Waller'],0.7929999999999999,186747,0.333,0,3FElAk9AiSylE04JqVea41,0.0859,7,0.0473,-14.026,1,There'll Be Some Changes Made,6,1926,0.134,120.905
0.8490000000000001,1926,0.971,['Louis Armstrong & His Hot Seven'],0.6679999999999999,194493,0.245,0,3XP8PgEegJ7ZMm4c4ss5Q1,0.0187,3,0.0994,-9.833,1,Gully Low Blues,7,1926,0.0854,109.261
0.457,1926,0.907,['Fats Waller'],0.637,180893,0.0602,0,4AOBtdCRSMhnn4dyPVgW8k,0.000734,3,0.115,-19.47,1,Let's Get Away from It All,6,1926,0.185,94.213
0.774,1926,0.914,['Fats Waller'],0.682,156107,0.252,0,4FmdIDwlUhxswISRZZNFRI,0.155,5,0.0971,-19.542,1,"She's Tall, She's Tan, She's Terrific",5,1926,0.0989,110.677
0.716,1926,0.943,['Louis Armstrong & His Hot Seven'],0.7090000000000001,181093,0.193,0,4H9nOS1KgWl1VsxYoPJukt,0.828,5,0.0721,-8.592,1,Alligator Crawl,7,1926,0.0698,104.328
0.887,1926,0.934,['Louis Armstrong & His Hot Five'],0.75,184000,0.329,0,5Ld0aQqaZtmDJU2Oi6oefj,0.865,8,0.0478,-7.91,1,Struttin' with Some Barbecue - 78 rpm Version,6,1926,0.109,96.055
0.482,1926,0.972,['Louis Armstrong & His Hot Seven'],0.7170000000000001,169800,0.131,0,5Qe0jnw19N2kWBQt2EXFNL,0.000413,10,0.198,-12.129,1,Muggles,6,1926,0.0436,85.835
0.947,1926,0.831,['Fats Waller'],0.823,169747,0.32299999999999995,0,5TewqcSDltVwN9NHZBbWlm,0.0786,5,0.202,-18.041,1,What's The Reason (I'm Not Pleasin' You),5,1926,0.109,117.263
0.925,1926,0.8759999999999999,['Louis Armstrong & His Hot Five'],0.73,158467,0.389,0,7FBOxqPDKby3FmOzWEQpqq,3.99e-06,9,0.123,-12.072,0,Irish Black Bottom,8,1926,0.0723,99.4
0.551,1926,0.996,['Louis Armstrong & His Hot Five'],0.6759999999999999,193387,0.0337,0,7L3lNzoVn1th5t5qNPE3f7,0.74,11,0.114,-19.827,1,Skid-Dat-De-Dat,6,1926,0.054000000000000006,114.371
0.921,1926,0.979,['Louis Armstrong & His Hot Seven'],0.581,175293,0.34,0,1hn1anDgmYRxS9M3raq88c,0.47,5,0.177,-8.357000000000001,1,Potato Head Blues,6,1926,0.162,179.949
0.895,1926,0.967,"['Jelly Roll Morton & His Red Hot Peppers', 'Jelly Roll Morton']",0.49,204707,0.502,0,1riCFEK7PSSY9fKHsGfqdN,0.181,8,0.083,-9.387,0,Doctor Jazz,8,1926,0.0812,201.875
0.956,1926,0.913,['Louis Armstrong & His Savoy Ballroom Five'],0.78,178707,0.466,0,1xg3uCUEpqxBhNEITu3hIx,0.809,3,0.102,-9.048,1,Beau Koo Jack,5,1926,0.0865,120.703
0.731,1926,0.972,['Louis Armstrong & His Hot Seven'],0.7340000000000001,206467,0.238,0,29NXZoraEVtB8k6ufCBV9H,0.0452,7,0.22,-8.939,0,Keyhole Blues,6,1926,0.0851,107.381
0.963,1926,0.906,['Louis Armstrong & His Hot Seven'],0.78,178000,0.313,0,3mF2yzcl2Oo5y9JnpTNA3p,0.899,5,0.0785,-9.66,1,Weary Blues,7,1926,0.211,102.273
0.939,1926,0.994,['Louis Armstrong & His Hot Seven'],0.589,178773,0.259,0,4Uoea1KgB3nzoeP8JKalh0,0.895,2,0.175,-12.822,0,Potato Head Blues,6,1926,0.33,177.53599999999997
0.7390000000000001,1926,0.995,['Louis Armstrong & His Hot Five'],0.564,175333,0.265,0,4a84KAeFtpkPtoBmMircXK,0.29100000000000004,5,0.0659,-10.21,1,Cornet Chop Suey,6,1926,0.294,189.522
0.907,1926,0.984,['Louis Armstrong & His Hot Five'],0.757,162827,0.382,0,4kT1EDojFeN9tIvt3cyXOP,0.0021100000000000003,5,0.127,-9.945,1,I'm Gonna Gitcha,6,1926,0.0779,101.399
0.7809999999999999,1926,0.97,['Louis Armstrong & His Hot Seven'],0.708,174773,0.234,0,5jw8MJ15e0lrhARLPxSMmI,0.000134,5,0.156,-10.281,1,That's When I'll Come Back to You,6,1926,0.243,123.377
0.818,1926,0.996,['Louis Armstrong & His Hot Five'],0.61,170267,0.215,0,68AKl3qisoo7T5nuqJOxg3,0.892,4,0.16,-13.863,1,Sweet Little Papa,7,1926,0.363,180.075
0.125,1926,0.972,"['George Gershwin', 'P. G. Wodehouse', 'Barbara Ruick', 'Lehman Engel']",0.227,354240,0.0784,0,6f9LYAOD74464g0MPJuVSx,0.000534,8,0.102,-20.73,1,Oh Kay!: Someone to Watch Over Me,7,1926,0.0472,83.95700000000002
0.5379999999999999,1926,0.991,['Louis Armstrong & His Hot Seven'],0.573,194973,0.0714,0,6lAdR50GO5Vh9xA6hAazdm,0.6509999999999999,4,0.35200000000000004,-16.373,0,Wild Man Blues,6,1926,0.174,77.903
0.961,1926,0.941,['Louis Armstrong & His Hot Seven'],0.8220000000000001,204027,0.35100000000000003,0,2CzQp5PPDATR0CZzCZONgg,0.87,10,0.043,-13.299,1,Knee Drops,4,1926,0.138,105.113
0.909,1926,0.959,['Louis Armstrong & His Hot Five'],0.747,184160,0.278,0,2K5KdxtSzbREwmXuOWYXUB,0.848,8,0.0534,-10.137,1,Struttin' with Some Barbecue - 78 rpm Version,4,1926,0.149,96.085
0.778,1926,0.986,"['Jelly Roll Morton', 'Johnny Dodds']",0.708,171921,0.28300000000000003,0,2KbXEL4z74YT4xFPFiVTz8,0.889,10,0.181,-15.143,1,Mr. Jelly Lord,5,1926,0.0717,120.828
0.899,1926,0.983,['Louis Armstrong & His Hot Five'],0.7859999999999999,187493,0.39,0,4TYcu30D2Fbs6Uud6dHVsi,0.893,8,0.0526,-10.34,1,Fireworks,4,1926,0.102,117.542
0.7859999999999999,1926,0.996,['Louis Armstrong & His Hot Five'],0.61,188333,0.18,0,4pWJmJpmO4ZJcKPvwGdftT,0.438,6,0.14400000000000002,-15.011,1,Big Butter And Egg Man,5,1926,0.0941,96.489
0.797,1926,0.996,['Louis Armstrong & His Hot Five'],0.7140000000000001,167800,0.181,0,4yNLOqfjUKOammXXjob7Ki,0.438,1,0.358,-15.321,0,Irish Black Bottom,4,1926,0.229,92.418
0.745,1926,0.992,['Louis Armstrong & His Hot Seven'],0.736,187467,0.13699999999999998,0,5QVNWioCfr93v6z1lovxzN,0.8140000000000001,7,0.395,-14.349,0,Twelfth Street Rag,5,1926,0.403,113.649
0.7040000000000001,1926,0.993,['Louis Armstrong & His Hot Seven'],0.715,211133,0.13,0,5xP2RQHhL5Smj0h9U9qW49,0.389,9,0.122,-13.993,1,Keyhole Blues,6,1926,0.263,104.933
0.552,1926,0.992,['Louis Armstrong & His Hot Seven'],0.698,185640,0.136,0,657I3AxRiZoTkP41zopM10,0.726,5,0.516,-15.05,1,Alligator Crawl,5,1926,0.136,100.813
0.8440000000000001,1926,0.967,"['Louis Armstrong & His Hot Seven', 'Carroll Dickerson Orchestra']",0.596,197933,0.294,0,68TmlPJVOH5Du2gMrbQfKm,0.773,10,0.0952,-10.162,1,Chicago Breakdown,4,1926,0.104,173.5
0.865,1926,0.977,['Louis Armstrong & His Hot Seven'],0.5489999999999999,191053,0.292,0,6pZNMjGp089aOEHWlPvkTu,0.8540000000000001,9,0.5760000000000001,-13.882,1,Willie the Weeper,5,1926,0.258,185.197
0.482,1926,0.991,"['Jelly Roll Morton & His Red Hot Peppers', 'Jelly Roll Morton']",0.753,207122,0.168,0,75LecOmVXuRbvBm9oo6df7,0.836,7,0.131,-11.986,1,Smoke House Blues,5,1926,0.0493,91.282
0.913,1926,0.996,['Louis Armstrong & His Hot Five'],0.748,173573,0.16399999999999998,0,79SEQI96lWzU1d3OcbtuOj,0.6409999999999999,6,0.154,-15.883,0,Sunset Cafe Stomp,5,1926,0.228,99.143
0.584,1926,0.994,['Louis Armstrong & His Hot Seven'],0.73,185107,0.139,0,7EXn1bbCJaTseYTyUt9m3i,0.779,0,0.6829999999999999,-13.786,0,Melancholy,4,1926,0.14400000000000002,107.883
0.883,1926,0.982,['Louis Armstrong & His Hot Seven'],0.754,183213,0.259,0,7FCBObEAw0fMCC75WZbHp7,0.8220000000000001,9,0.125,-13.945,1,Weary Blues,4,1926,0.361,98.888
0.6829999999999999,1926,0.996,['Louis Armstrong & His Hot Five'],0.562,179507,0.162,0,7xa3AtEqYxbPUbT6fdO0iJ,0.119,11,0.0944,-15.236,1,You Made Me Love You,5,1926,0.197,186.162
0.7659999999999999,1926,0.995,['Louis Armstrong & His Hot Five'],0.65,182173,0.324,0,032d7xImO9LR7JdRKI1wRG,0.218,8,0.0676,-11.704,1,Don't Forget To Mess Around,3,1926,0.0726,101.437
0.48,1926,0.928,"['George Gershwin', 'P. G. Wodehouse', 'Oh, Kay! Orchestra (1955)', 'Cy Walter', 'Bernard Leighton', 'Lehman Engel']",0.373,235427,0.312,0,0NI4cK55W52HThYMJkw6hn,0.905,3,0.0923,-14.149,1,Oh Kay!: Overture,3,1926,0.0348,137.833
0.958,1926,0.965,['Louis Armstrong & His Hot Five'],0.809,179867,0.349,0,1Byu7lacJilhtOl2TAMzcn,0.655,5,0.162,-11.797,1,Jazz Lips,4,1926,0.103,107.197
0.962,1926,0.995,['Jelly Roll Morton'],0.52,101600,0.364,0,1ywBmCaCvQ0SqqvvZgI18V,0.961,1,0.136,-13.015999999999998,1,Jungle Blues,2,1926,0.0497,107.32
0.937,1926,0.984,['Jelly Roll Morton'],0.675,203453,0.679,0,24MZSH5QJHlDft2zNnvWpD,0.276,8,0.0625,-4.897,1,The Pearls,1,1926,0.0547,99.752
0.899,1926,0.951,['Jelly Roll Morton & His Red Hot Peppers'],0.784,172803,0.57,0,2U9QCAZMQdp8E1N49LOgq7,0.8740000000000001,0,0.069,-7.0360000000000005,1,Grandpa's Spells (Take 3),2,1926,0.0513,105.028
0.242,1926,0.581,"['Georgette Heyer', 'Irina Salkow']",0.7170000000000001,125167,0.254,0,2gQBKj0vLJfdFxpAXlHDvD,0.0,4,0.394,-23.432,0,Kapitel 1 - Der Page und die Herzogin,7,1926,0.909,116.411
0.555,1926,0.918,['Louis Armstrong & His Savoy Ballroom Five'],0.731,192040,0.207,0,3IwfJ9UORky7yUJWWCA1g3,0.0132,2,0.0407,-13.293,1,Tight Like This,3,1926,0.15,114.257
0.85,1926,0.866,"['George Gershwin', 'P. G. Wodehouse', 'Allen Case', 'Oh, Kay! Ensemble (1955)', 'Lehman Engel']",0.622,131267,0.507,0,40O0J7k78OJAMbhwiCMVcC,5.43e-06,5,0.28800000000000003,-11.591,1,Oh Kay!: Clap Yo' Hands,3,1926,0.0379,91.791
0.653,1926,0.987,['George Olsen'],0.708,205667,0.277,0,4urNOA4TMEOYNbIpdRP7UB,0.278,3,0.102,-13.288,1,Who?,5,1926-07-01,0.0356,107.67
0.763,1926,0.989,['Jelly Roll Morton & His Red Hot Peppers'],0.774,194630,0.213,0,4uvWBxGYLjd64hpiEumW5o,0.404,10,0.287,-14.887,1,Dead Man Blues - Take 1,3,1926,0.0869,128.421
0.649,1926,0.991,['Jelly Roll Morton'],0.524,212013,0.478,0,4y7Bed5ihLJ4lyOlAn4pPy,0.669,10,0.129,-6.8820000000000014,1,Original Jelly Roll Blues,2,1926,0.044,124.682
0.915,1926,0.973,['Jelly Roll Morton & His Red Hot Peppers'],0.667,209955,0.39,0,5AuUxXAROGkigaMsLmk7t2,0.8009999999999999,0,0.18600000000000005,-10.517,0,Billy Goat Stomp,2,1926,0.0522,104.036
0.8640000000000001,1926,0.965,['Jelly Roll Morton & His Red Hot Peppers'],0.723,192215,0.4970000000000001,0,5xoKOYyS2kCzxb9docXLaY,0.929,8,0.526,-10.347,1,The Chant,3,1926,0.0509,122.841
0.83,1926,0.965,['Jelly Roll Morton & His Red Hot Peppers'],0.5870000000000001,183856,0.53,0,5yUXVwuVsCxXjEBCzzEvmt,0.7659999999999999,3,0.16899999999999998,-7.48,1,Original Jelly-Roll Blues - Remastered 1995,2,1926,0.0668,76.45
0.539,1926,0.8240000000000001,['Louis Armstrong & His Hot Five'],0.718,181867,0.37,0,6FR9KQNhP4BaDHTfdNUrGG,0.706,8,0.119,-9.664,1,I'm Not Rough,3,1926,0.161,101.563
0.5479999999999999,1926,0.971,['Louis Armstrong & His Hot Seven'],0.733,202493,0.179,0,7BGXSpysMMs2zBS0uVh2mj,0.244,0,0.124,-13.213,1,Squeeze Me,4,1926,0.0564,91.574
0.5379999999999999,1926,0.898,"['Louis Armstrong & His Hot Seven', 'Carroll Dickerson Orchestra']",0.59,194467,0.16899999999999998,0,7JQJRI1nLnp1WfTklDZrRr,0.00141,0,0.0971,-15.725,1,"Save It, Pretty Mama",3,1926,0.0828,107.852
0.295,1926,0.456,"['Georgette Heyer', 'Irina Salkow']",0.7190000000000001,137157,0.19,0,006fbuXS6rRAWlUEaklCmt,0.0,8,0.307,-22.712,0,Kapitel 297 - Der Page und die Herzogin,1,1926,0.915,114.452
0.573,1926,0.16899999999999998,['Эрнест Хемингуэй'],0.7140000000000001,111200,0.263,1,015GfHsn37TX6TYpentlC8,0.0,1,0.362,-13.232,1,Часть 37.2 - Фиеста,0,1926,0.942,108.64
0.327,1926,0.996,['Francisco Canaro'],0.604,161160,0.165,0,01IHl3vTIl6O35e2ADUn0p,0.531,0,0.0934,-9.838,1,La Maestrita - Remasterizado,0,1926-07-15,0.0651,126.009
0.496,1926,0.0583,['Эрнест Хемингуэй'],0.7190000000000001,98752,0.25,1,01IlQGfYsymFySYHPsNAEf,0.0,1,0.303,-14.484000000000002,1,Часть 72.4 & Часть 73.1 - Фиеста,0,1926,0.943,112.664
0.964,1926,0.993,['Francisco Canaro'],0.7040000000000001,174000,0.426,0,01gVBCp26pEKA1oWqTYBhA,0.916,9,0.115,-15.601,1,Madona - Instrumental (Remasterizado),0,1926-08-15,0.0528,118.176
0.556,1926,0.996,['Ignacio Corsini'],0.494,123373,0.0663,0,01oH8fAOO58FEoypTjQqkv,0.916,6,0.105,-26.478,1,Derrotado - Remasterizado,0,1926-05-14,0.0596,67.73899999999999
0.27,1926,0.0311,['Future Rapper'],0.401,78000,0.61,0,02R3JMuw0E8uloMBpHG3Yz,0.97,2,0.637,-12.807,1,Submission Accomplice,0,1926-10-03,0.0277,160.24
0.312,1926,0.363,"['Georgette Heyer', 'Irina Salkow']",0.6629999999999999,121327,0.162,0,02iZa5gL9rVFa6qZyYmaRP,0.0,11,0.277,-22.452,1,Kapitel 265 - Der Page und die Herzogin,1,1926,0.94,82.335
0.317,1926,0.411,"['Georgette Heyer', 'Irina Salkow']",0.738,135616,0.163,0,02nINv52VmB4dKtOvtCH5E,0.0,9,0.34,-21.276,1,Kapitel 363 - Der Page und die Herzogin,1,1926,0.8640000000000001,115.452
0.297,1926,0.618,"['Georgette Heyer', 'Irina Salkow']",0.645,141310,0.205,0,03nXSQPb3mOYN2rvP8r6mu,0.0,0,0.238,-20.228,1,Kapitel 436 - Der Page und die Herzogin,1,1926,0.948,86.693
0.0,1926,0.958,['Iván Rolón'],0.7020000000000001,41719,0.00176,0,03xTkOTe36kugZ1pd6NxxN,0.622,11,0.0974,-38.295,0,"Cuatro melodías al unísono, No. III",0,1926,0.308,98.985
0.8009999999999999,1926,0.995,['Francisco Canaro'],0.473,162507,0.11,0,056LMajUc6GLM8Cb7GAkNz,0.84,5,0.114,-15.72,0,Katinka - Instrumental (Remasterizado),0,1926-08-15,0.229,214.817
0.277,1926,0.562,"['Georgette Heyer', 'Irina Salkow']",0.721,109467,0.172,0,05E2C4mspHNyHRPHpnCe09,0.0,0,0.173,-20.798,1,Kapitel 355 - Der Page und die Herzogin,1,1926,0.94,116.338
0.355,1926,0.5329999999999999,"['Georgette Heyer', 'Irina Salkow']",0.7120000000000001,110643,0.18,0,05kaM9NuTaBI7MxJsFdV82,0.0,11,0.161,-23.588,0,Kapitel 121 - Der Page und die Herzogin,1,1926,0.939,131.248
0.285,1926,0.411,"['Georgette Heyer', 'Irina Salkow']",0.72,135903,0.16699999999999998,0,065QKMAtm9ykIExcGtV4rD,0.0,4,0.236,-21.287,1,Kapitel 148 - Der Page und die Herzogin,1,1926,0.928,124.219
0.285,1926,0.263,['Эрнест Хемингуэй'],0.618,98200,0.31,1,06C1qyU9LisOkexJJc5X4L,0.0,1,0.414,-14.464,1,Часть 53.2 - Фиеста,0,1926,0.961,184.235
0.596,1926,0.0765,['Эрнест Хемингуэй'],0.728,97100,0.255,1,06oAAQ9JmIumRbuiQDyaKr,0.0,5,0.21,-15.532,0,Часть 7.4 - Фиеста,0,1926,0.95,81.873
0.277,1926,0.327,"['Georgette Heyer', 'Irina Salkow']",0.715,112419,0.16699999999999998,0,07Mkx2L4pbt7r68KRaBk8C,0.0,10,0.124,-22.57,1,Kapitel 260 - Der Page und die Herzogin,1,1926,0.904,110.881
0.8859999999999999,1926,0.987,['George Olsen'],0.56,182467,0.34700000000000003,0,07ng4nNcxkrDvULVPwkbfD,0.304,0,0.0602,-10.262,1,A Little Bit Bad,0,1926-07-01,0.128,202.705
0.28,1926,0.502,"['Georgette Heyer', 'Irina Salkow']",0.7170000000000001,110721,0.131,0,07nlDg6wUfc0YMXoweDJlI,1.58e-06,8,0.149,-22.531,0,Kapitel 295 - Der Page und die Herzogin,1,1926,0.902,126.411
0.789,1926,0.996,['Francisco Canaro'],0.318,161920,0.416,0,08YP5vVwvVT2lapzxNvVdY,0.982,8,0.339,-16.565,0,A Ti Te Contaré - Remasterizado,0,1926-07-15,0.0406,75.007
0.4920000000000001,1926,0.0337,['Эрнест Хемингуэй'],0.722,97617,0.215,1,09MTIoNIgD1dIFij1lyBVB,0.0,11,0.381,-13.139,0,Часть 74.5 & Часть 75.1 - Фиеста,0,1926,0.946,113.915
0.653,1926,0.879,['Max Roge'],0.654,190600,0.328,0,09nQudtxDyOqDzglklWu8m,0.00372,8,0.531,-15.878,1,C'est Une Chemise Rose,0,1926,0.47,114.908
0.261,1926,0.397,"['Georgette Heyer', 'Irina Salkow']",0.628,133813,0.17,0,0AqucZsx7HTklE1PFKGwQ6,0.0,9,0.234,-22.679,1,Kapitel 328 - Der Page und die Herzogin,1,1926,0.941,172.082
0.267,1926,0.517,"['Georgette Heyer', 'Irina Salkow']",0.723,131436,0.183,0,0B4LlD6Rx6Ma1v4qKgKF10,0.0,3,0.14800000000000002,-19.001,0,Kapitel 389 - Der Page und die Herzogin,1,1926,0.905,112.053
0.382,1926,0.459,"['Georgette Heyer', 'Irina Salkow']",0.634,119315,0.179,0,0BSU1mA1RpLr4YqyhTd2LZ,0.0,11,0.162,-20.774,1,Kapitel 292 - Der Page und die Herzogin,1,1926,0.948,171.208
0.358,1926,0.445,"['Georgette Heyer', 'Irina Salkow']",0.728,129581,0.132,0,0BiabBrmCw1XG6xaVRkf23,1.85e-06,11,0.325,-22.049,1,Kapitel 306 - Der Page und die Herzogin,1,1926,0.883,106.312
0.466,1926,0.509,"['Georgette Heyer', 'Irina Salkow']",0.7559999999999999,118532,0.184,0,0BjtCwfDH15trQGxhUwwxT,0.0,5,0.197,-22.445,1,Kapitel 358 - Der Page und die Herzogin,1,1926,0.943,103.189
0.5529999999999999,1926,0.996,['Francisco Canaro'],0.454,187693,0.541,0,0CdWVv6HzPxVy0UNLmC3Wz,0.958,3,0.7020000000000001,-14.28,0,La Piba Del Tabaris - Remasterizado,0,1926-07-12,0.8590000000000001,67.332
0.385,1926,0.0977,['Эрнест Хемингуэй'],0.6809999999999999,103000,0.304,1,0E34NDoA5tFsksVokrmFo1,0.0,9,0.14,-15.338,1,Часть 81.3 - Фиеста,0,1926,0.954,83.944
0.412,1926,0.623,"['Georgette Heyer', 'Irina Salkow']",0.623,129790,0.14400000000000002,0,0ESV6VtxZY3DVei945FjXa,0.0,0,0.24,-21.117,1,Kapitel 341 - Der Page und die Herzogin,1,1926,0.937,76.79
0.362,1926,0.0636,['Эрнест Хемингуэй'],0.696,96900,0.332,1,0EcPKCPdW2WdoUF1p5ubXa,0.0,0,0.259,-19.631,1,Часть 54.4 - Фиеста,0,1926,0.951,136.425
0.284,1926,0.396,"['Georgette Heyer', 'Irina Salkow']",0.639,120465,0.118,0,0EgzqM2yupwQJmKUdlymdP,0.0,4,0.134,-20.979,0,Kapitel 26 - Der Page und die Herzogin,2,1926,0.96,164.293
0.911,1926,0.994,['Georgius'],0.672,177627,0.38,0,0G74FXTvzdA57sWLAwJwXq,0.0,3,0.426,-14.833,1,Les Absents Ont Toujours Tort,0,1926,0.212,120.162
0.8320000000000001,1926,0.995,['Ignacio Corsini'],0.395,156027,0.245,0,0GaWz2dar8OB737eQA31Hy,0.931,5,0.114,-22.87,1,Acordes - Remasterizado,0,1926-05-14,0.0555,114.199
0.37,1926,0.317,"['Georgette Heyer', 'Irina Salkow']",0.7040000000000001,114744,0.174,0,0H52HDdiv6rwvOEuRFcIBr,0.0,6,0.226,-22.358,0,Kapitel 53 - Der Page und die Herzogin,2,1926,0.951,81.51
0.465,1926,0.99,['Ted Weems & His Orchestra'],0.6970000000000001,177040,0.0809,0,0HNCyiSrlUAWilNvcZLVY0,0.376,5,0.0834,-15.554,1,Love Bound,0,1926-07-01,0.0386,110.11
0.5820000000000001,1926,0.16399999999999998,['Эрнест Хемингуэй'],0.721,96700,0.221,1,0HYIOK4NUlkAxdMuAXefEt,0.0,1,0.22,-14.69,1,Часть 38.2 - Фиеста,0,1926,0.935,125.902
0.8190000000000001,1927,0.99,['Bix Beiderbecke'],0.7090000000000001,180027,0.208,0,1YLxMRyib15FfONoTod5TV,0.7959999999999999,0,0.0831,-12.245,0,Singin' The Blues,41,1927,0.0828,132.245
0.964,1927,0.991,['Bix Beiderbecke'],0.779,192773,0.452,0,5H4bQ14RjOVM4eKtaIpn3B,0.818,5,0.0828,-10.351,1,Clarinet Marmalade,35,1927,0.0504,125.229
0.4970000000000001,1927,0.986,['Bix Beiderbecke'],0.688,189600,0.308,0,2uax3uO82di90ZsSx8DnNi,0.898,10,0.133,-11.084,1,I'm Coming Virginia,26,1927,0.0402,131.81
0.485,1927,0.996,['Bix Beiderbecke'],0.392,163733,0.29,0,5Bk13n28rlG7GYCKDshsQM,0.958,0,0.112,-19.273,1,In a Mist,24,1927,0.0348,175.04
0.6809999999999999,1927,0.969,"['Jimmie Rodgers', ""Bob Sawyer's Jazz Band""]",0.487,182107,0.476,0,2oIt5PGBjFxFpqIQqUDQAb,0.0,7,0.398,-5.369,1,California Blues,16,1927,0.031,114.757
0.557,1927,0.938,['Patrick Hunt'],0.8420000000000001,125149,0.232,0,0aW8REcXlVXC1886CEWcoG,0.898,0,0.101,-18.243,1,Among My Souvenirs,13,1927,0.086,120.03
0.878,1927,0.994,"['Broadway Bell Hops', 'Bix Beiderbecke', 'Frank Trumbauer']",0.711,181827,0.244,0,6ZqS7G9uJrBUDyVxsPiNeJ,0.0462,10,0.124,-14.124,1,There Ain't No Land Like Dixieland to Me (feat. Bix Beiderbecke & Frank Trumbauer),17,1927,0.106,206.167
0.935,1927,0.976,"['Frankie Trumbauer & His Orchestra', 'Bix Beiderbecke']",0.742,187093,0.482,0,2hwE9NtJfgcT5cbLbPj8IB,0.8590000000000001,8,0.276,-9.987,1,Riverboat Shuffle (feat. Bix Beiderbecke),17,1927,0.0351,106.418
0.6779999999999999,1927,0.986,['Ella Fitzgerald'],0.6609999999999999,191427,0.108,0,56EWLK7IzCDywaEyXt5rtX,0.696,10,0.17800000000000002,-20.662,1,All My Life - Live,28,1927,0.0419,106.539
0.562,1927,0.979,"['Frankie Trumbauer & His Orchestra', 'Bix Beiderbecke']",0.6829999999999999,169640,0.31,0,2pncudlraeKtvdug3V2qzW,0.818,7,0.114,-12.265,1,Way Down Yonder In New Orleans (feat. Bix Beiderbecke),17,1927,0.0494,144.638
0.7440000000000001,1927,0.994,"['Frank Trumbauer & His Orchestra', 'Bix Beiderbecke', 'Eddie Lang']",0.743,179427,0.331,0,4dYnW1fyCz6cNAKg719CIA,0.409,3,0.0868,-11.496,1,Trumbology (feat. Bix Beiderbecke & Eddie Lang),14,1927,0.0879,93.835
0.736,1927,0.993,['Bix Beiderbecke'],0.672,173067,0.217,0,0z8SUv5AHWDkyA3QlkP0eV,0.926,0,0.0943,-15.418,1,Wringin' And Twistin',12,1927,0.0455,128.308
0.89,1927,0.989,"['Frankie Trumbauer', 'Bix Beiderbecke', 'Eddie Lang']",0.607,182333,0.366,0,42vy3n2n4BOA3VYhdTf6sF,0.894,0,0.151,-13.925999999999998,1,For No Reason at All In C,13,1927,0.041,149.115
0.96,1927,0.989,"['Frankie Trumbauer & His Orchestra', 'Bix Beiderbecke']",0.615,185040,0.479,0,4w5YWozyxt9kW0WCeRtwag,0.909,8,0.156,-11.283,1,Ostrich Walk (feat. Bix Beiderbecke),12,1927,0.0373,98.913
0.731,1927,0.991,['Dock Boggs'],0.598,178207,0.253,0,6CGZj5w1yXFGrbZkVXkHpO,1.53e-05,1,0.0889,-14.974,1,Sugar Baby - 2020 Remaster,9,1927,0.0344,126.79
0.892,1927,0.991,['Bix Beiderbecke'],0.635,180667,0.309,0,0HRlneFlkcSDkavcU5j5QC,0.917,8,0.161,-14.531,1,Three Blind Mice (Rhythmic Theme In Advanced Harmony),12,1927,0.0588,204.297
0.675,1927,0.993,"['Frankie Trumbauer & His Orchestra', 'Bix Beiderbecke']",0.67,196133,0.279,0,1EnfQq9BDo95XSFHqxssj4,0.0284,5,0.174,-11.723,0,Blue River (feat. Bix Beiderbecke),11,1927,0.0641,77.178
0.654,1927,0.99,"['Frankie Trumbauer & His Orchestra', 'Bix Beiderbecke', 'Eddie Lang']",0.526,180533,0.267,0,0LNGtRsSs96C3FgbKVewKO,0.125,3,0.376,-13.792,1,There's A Cradle In Caroline! (feat. Bix Beiderbecke & Eddie Lang),10,1927,0.0523,129.70600000000002
0.693,1927,0.986,"['Frankie Trumbauer & His Orchestra', 'Bix Beiderbecke', 'Eddie Lang']",0.743,180467,0.228,0,1B9TWWO1yVTRm1oHT8amui,0.7829999999999999,0,0.262,-12.099,1,Krazy Kat (feat. Bix Beiderbecke & Eddie Lang),10,1927,0.0457,141.384
0.424,1927,0.991,"['Frankie Trumbauer & His Orchestra', 'Bix Beiderbecke', 'Eddie Lang']",0.6629999999999999,181373,0.256,0,3ph2e4N2lfGu48vDq3tD3n,0.5329999999999999,0,0.0739,-11.970999999999998,1,Humpty Dumpty (feat. Bix Beiderbecke & Eddie Lang),10,1927,0.0497,127.006
0.713,1927,0.986,"['Frankie Trumbauer & His Orchestra', 'Bix Beiderbecke', 'Eddie Lang']",0.617,179267,0.301,0,6DwW0InhPzhWlsd1EbGAmI,0.862,5,0.0858,-12.571,1,(The) Baltimore (feat. Bix Beiderbecke & Eddie Lang),10,1927,0.103,166.34900000000005
0.845,1927,0.989,"['Benny Meroff & His Orchestra', 'Bix Beiderbecke']",0.758,171307,0.378,0,7tDvzckZoxVLy6QkGQup9f,0.0434,8,0.112,-11.099,1,Just An Hour Of Love,8,1927,0.0409,104.5
0.846,1927,0.987,"['Baron Lee', 'The Blue Rhythm Band']",0.848,169067,0.26,0,1ADOlp2CnR3TpNpg7DBQp0,9.74e-06,5,0.109,-12.751,0,Reefer Man - Live,5,1927,0.194,106.746
0.8220000000000001,1927,0.995,"['Broadway Bell Hops', 'Bix Beiderbecke', 'Frank Trumbauer']",0.815,174360,0.201,0,1E0BPa3Vd2bBzlnZafsU2l,0.0177,10,0.102,-14.327,1,There's a Cradle In Caroline! (feat. Bix Beiderbecke & Frank Trumbauer),9,1927,0.0442,109.116
0.7709999999999999,1927,0.978,"['Benny Meroff & His Orchestra', 'Bix Beiderbecke']",0.741,169360,0.404,0,4YfiY5AqaGSkjWEGF7e8CM,0.105,8,0.104,-12.187,1,I'm Wonderin' Who,8,1927,0.0765,90.566
0.8640000000000001,1927,0.996,"['Bix Beiderbecke', 'The Wolverines']",0.767,166970,0.386,0,4yJV4dmoxEz44B3f2vAJb1,0.904,5,0.233,-9.37,1,Big Boy,8,1927-06-26,0.0488,110.631
0.851,1927,0.996,"['Bix Beiderbecke', 'The Wolverines']",0.715,173684,0.309,0,6GLVaOsGOqENV9PCVcD6ec,0.915,9,0.129,-9.632,0,Tia Juana,7,1927-06-26,0.0501,93.502
0.633,1927,0.951,"['Bill ""Bojangles"" Robinson', 'Don Redman']",0.7190000000000001,154960,0.607,0,4FPaZIoUEKu4N49mGYNW0a,0.00485,9,0.103,-17.579,0,Doin' The New Low Down - Live,4,1927,0.256,119.664
0.8109999999999999,1927,0.888,['Jimmie Rodgers'],0.551,177187,0.552,0,6xduEiTYonvynQ14nJzZd2,2.98e-05,2,0.146,-3.729,1,Mulskinners Blues,3,1927,0.0291,172.835
0.326,1927,0.978,['Tito Schipa'],0.407,209493,0.141,0,0CXU6XXlYfYgpsihWBvMLM,0.0,1,0.161,-16.414,1,Era De Maggio,10,1927,0.0696,64.86
0.644,1927,0.957,['Jimmie Rodgers'],0.67,197800,0.652,0,1WxQPVLcu6LZ7h3wgXW0Ke,0.0,2,0.0919,-4.545,1,Away Out On the Mountain,2,1927,0.0266,142.578
0.578,1927,0.82,['Jimmie Rodgers'],0.481,189987,0.618,0,35s8Bm9HedjDjXraa6PgzQ,0.00014099999999999998,7,0.0842,-3.272,1,The Brakeman's Blues,2,1927,0.0288,80.252
0.6609999999999999,1927,0.91,['Jimmie Rodgers'],0.647,184253,0.675,0,3a2mh3Xo1dq11ZU4ZsL1s9,0.0,3,0.262,-2.985,1,My Little Lady,2,1927,0.0249,91.238
0.7609999999999999,1927,0.877,['Jimmie Rodgers'],0.5920000000000001,176253,0.55,0,3cFC3vuN2vXxlMvUyUmCma,0.0,3,0.255,-3.982,1,Daddy and Home,2,1927,0.026,139.498
0.565,1927,0.941,['Jimmie Rodgers'],0.57,208000,0.718,0,3grfvaO0LT8pk4g4ZAfU83,0.0,3,0.309,-3.902,1,T for Texas,3,1927,0.0295,78.858
0.621,1927,0.953,['Jimmie Rodgers'],0.447,190533,0.602,0,4DtNOUTldvCO27NmFsnttG,0.000439,7,0.0923,-2.715,1,In the Jailhouse Now,3,1927,0.0277,81.204
0.473,1927,0.972,['Jimmie Rodgers'],0.664,177627,0.5429999999999999,0,4Qd1Z8cEtk9OvRrEsrOnPm,0.0,1,0.32,-4.933,0,Train Whistle Blues,2,1927,0.0374,110.225
0.845,1927,0.995,['Francisco Canaro'],0.4370000000000001,151813,0.271,0,017tyGFxZEvwmaZ65Gjt3v,0.866,10,0.114,-15.403,1,Amapola - Instrumental (Remasterizado),0,1927-09-04,0.114,209.841
0.61,1927,0.0166,['Paul Bridgwater'],0.425,353920,0.585,0,018RC89xBtF7MOTOmBG2Ml,0.00154,2,0.0735,-9.777,1,Sad Song,0,1927,0.0321,168.543
0.821,1927,0.992,['Francisco Canaro'],0.653,167960,0.18600000000000005,0,01ZMPq6QyqEM2k5G6Rdfwm,0.908,6,0.113,-17.088,0,Mucha Clase - Instrumental (Remasterizado),0,1927-08-16,0.0613,115.434
0.52,1927,0.0965,['Sexteto Habanero'],0.551,176588,0.7,0,01j1U4wO3hVwJdCo9Xg2Bi,0.0,6,0.273,-13.202,0,La Maldita Timidez - Remastered,0,1927-01-12,0.0504,127.292
0.693,1927,0.995,['Francisco Canaro'],0.899,175013,0.262,0,03M69YsUjWF7wGfQ4hwBd6,0.374,1,0.206,-10.061,1,El Alacrán - Instrumental (Remasterizado),0,1927-09-05,0.247,112.431
0.241,1927,0.905,['Damia'],0.34,192053,0.213,0,03YtLgMnq3eMufe12Mby0O,1.47e-05,5,0.0574,-12.556,0,La Rue De La Joie,0,1927,0.0407,90.351
0.969,1927,0.995,['Francisco Canaro'],0.7709999999999999,138587,0.0677,0,05DFeO6x1ORBQwWGsmZrgM,0.899,5,0.11,-30.216,1,Yo Me Mato - Instrumental (Remasterizado),0,1927-08-16,0.0842,112.936
0.8029999999999999,1927,0.946,['Cab Calloway & His Orchestra'],0.635,170400,0.528,0,0An4DZJIa8IiXUHxEvtZ6W,0.00509,10,0.313,-11.258,0,Fifteen Minute Intermission - Live,0,1927,0.271,168.532
0.708,1927,0.994,['Francisco Canaro'],0.758,161000,0.247,0,0B4HWkQHhAzxW43V7Z0fQO,0.914,6,0.146,-11.233,0,Consejo Sano - Instrumental (Remasterizado),0,1927-08-16,0.0549,120.624
0.6709999999999999,1927,0.96,['Ignacio Corsini'],0.483,165733,0.393,0,0BGbtGJh1E9Jbe96CHkcIU,1.49e-05,5,0.135,-15.239,0,Sueño Gaucho - Remasterizado,0,1927-05-14,0.108,93.552
0.892,1927,0.988,['Francisco Canaro'],0.4970000000000001,186027,0.327,0,0DAyqkfLj6WA0gQhE5cQri,0.947,4,0.106,-16.775,0,Como te Quería - Instrumental (Remasterizado),0,1927-09-17,0.0947,70.529
0.473,1927,0.972,['Jimmie Rodgers'],0.664,177627,0.5429999999999999,0,0FG1HU2XwTC6jPk2akxjb3,0.0,1,0.32,-4.933,0,Train Whistle Blues,0,1927,0.0374,110.225
0.84,1927,0.991,['Francisco Canaro'],0.469,173413,0.285,0,0FnAWRtsJpD1H20X7hHM57,0.000265,7,0.136,-11.355,0,Todo Por Un Amor - Instrumental (Remasterizado),0,1927-09-04,0.194,177.733
0.787,1927,0.995,['Ignacio Corsini'],0.4920000000000001,186360,0.145,0,0HLAenSrBRcj6958yLfXeK,0.911,2,0.112,-23.743,0,Todo Mia - Remasterizado,0,1927-05-14,0.063,67.334
0.562,1927,0.787,['Marty Murray'],0.307,186653,0.407,0,0I7jQoYxpyn8z37CdkEtqs,0.0015,4,0.243,-10.668,0,Heart of Gold,0,1927,0.034,174.542
0.7879999999999999,1927,0.994,['Francisco Canaro'],0.878,153000,0.145,0,0J4VO27ydiZy7L1snKNm7Y,0.257,3,0.105,-9.749,1,El Zorzal - Instrumental (Remasterizado),0,1927-08-20,0.119,121.583
0.833,1927,0.994,['Francisco Canaro'],0.902,163000,0.187,0,0L3y8QdEPQhzBjmxZqagF1,0.741,0,0.155,-11.83,0,No Me Llores - Instrumental (Remasterizado),0,1927-08-16,0.086,119.881
0.512,1927,0.945,['Jimmie Rodgers'],0.5760000000000001,185267,0.466,0,0LWvS80qZcvEPkCLnF2jZL,0.0,1,0.181,-4.9910000000000005,1,The Soldier's Sweetheart,0,1927,0.0293,125.045
0.787,1927,0.995,['Ignacio Corsini'],0.652,135867,0.123,0,0LXCrTjewP3yyI6ig5W89j,0.0105,11,0.109,-20.222,0,Te Has Ido - Remasterizado,0,1927-05-14,0.124,129.202
0.8,1927,0.995,"['Francisco Canaro', 'Agustín Irusta']",0.7909999999999999,168320,0.0474,0,0NfIlp9ZOS0wHLqtpExbti,0.042,9,0.101,-17.977999999999994,0,¿Cuando Volverás? - Remasterizado,0,1927-09-06,0.0686,116.247
0.0818,1927,0.988,"['Orchestre Piero Coppola', 'José De Trévi', 'Lucy Perelli', 'Piero Coppola']",0.364,238013,0.153,0,0SJAYBtwISMVnTJUqlMdlf,2.91e-06,1,0.134,-16.17,1,"Carmen : Acte III - Va-t'en, tu feras bien",0,1927,0.0911,97.602
0.8079999999999999,1927,0.994,['Francisco Canaro'],0.768,175053,0.204,0,0SuSEFqJQ3LRDSB4h6L3ag,0.933,5,0.113,-19.309,0,Resignación - Remasterizado,0,1927-08-16,0.0936,111.331
0.8590000000000001,1927,0.988,['Francisco Canaro'],0.743,174000,0.407,0,0ThV3emsygVWxuB7Etshx0,0.698,10,0.111,-13.008,0,Caído Del Cielo - Instrumental (Remasterizado),0,1927-09-11,0.0693,114.956
0.105,1927,0.99,"['Paul Mania', 'Heinrich Schlusnus', 'Johann Heidenreich']",0.47,227182,0.0962,0,0U9ewWE1LW2t9e73F6JUda,0.0,0,0.305,-16.141,0,Im Rolandsbogen,0,1927-01-01,0.142,77.625
0.883,1927,0.995,['Francisco Canaro'],0.733,161640,0.236,0,0UI4ptYRCXZ31Ttq2HG6Lu,0.885,5,0.11,-19.419,1,Lo Comprendí en tu Mirada - Instrumental (Remasterizado),0,1927-08-20,0.0681,120.351
0.73,1927,0.0429,['Numba 9'],0.8240000000000001,191112,0.363,1,0UU8y5xicqUQvaJSppEyOx,9.89e-05,7,0.37,-8.937000000000003,1,Smooth as Sade,0,1927,0.35,165.00099999999995
0.443,1927,0.961,"['Orchestre Piero Coppola', 'Piero Coppola']",0.318,132427,0.13699999999999998,0,0Uw7D9i1mjDuW3ZphqiVgz,0.888,9,0.32299999999999995,-18.698,1,Carmen : Acte III - entracte,0,1927,0.0477,122.059
0.109,1927,0.985,"['Richard Wagner', 'Mitglieder der Staatskapelle Berlin', 'Max von Schillings']",0.342,261787,0.183,0,0WYfplATC0zj9ucvRgR0HR,0.8059999999999999,8,0.265,-16.968,1,"Parsifal, WWV 111: The Flower Maidens - Excerpt",0,1927-01-01,0.0428,118.22
0.52,1927,0.8340000000000001,['Georgius'],0.625,164440,0.295,0,0XqpggYu5I9RlszVDTI65b,0.818,7,0.0971,-15.43,0,Veux Tu Que J'te Fasse Un Dessin,0,1927,0.245,127.33
0.513,1927,0.983,['Count Basie & His Orchestra; Vocal by Jimmy Rushing'],0.615,192693,0.0881,0,0Zop3YbzZNaAVookI0R2gt,0.0206,7,0.0791,-13.44,0,Lose The Blackout Blues - Live,0,1927,0.0541,87.084
0.584,1927,0.995,['Ignacio Corsini'],0.606,181893,0.0995,0,0c3J9yHENWC4ZUInSNuANZ,0.743,8,0.0996,-20.278,0,Bendita Sea - Remasterizado,0,1927-05-14,0.172,72.043
0.6859999999999999,1927,0.991,['Francisco Canaro'],0.8079999999999999,158347,0.341,0,0cIrLlndw8OQyZNi1hUYHF,0.735,5,0.111,-14.050999999999998,1,Pinta Brava - Instrumental (Remasterizado),0,1927-08-20,0.242,118.555
0.5329999999999999,1927,0.994,"['Orchestre Piero Coppola', 'Ch&#339;ur Piero Coppola', 'Piero Coppola']",0.611,109267,0.168,0,0cKaCN5hnXqNG3rLBQXhX6,0.8390000000000001,2,0.177,-17.430999999999994,1,Carmen : Acte I - Avec la garde montante (Choeur des gamins),0,1927,0.0924,113.604
0.831,1927,0.995,['Francisco Canaro Jazz Band'],0.695,149913,0.358,0,0cSwyKDOVPDpC8MWWxjuvZ,0.905,8,0.165,-14.167,1,Tea for Two - Remastered,0,1927-01-12,0.115,104.985
0.895,1927,0.991,['Ignacio Corsini'],0.366,140907,0.385,0,0cUliqP1F59Y55GmkaRZf3,0.00234,0,0.319,-19.434,0,No Te Engañes Corazón - Remasterizado,0,1927-05-14,0.052000000000000005,117.836
0.0949,1927,0.0235,['Numba 9'],0.63,278622,0.723,1,0cpkqvPmf7kNmmvPYZjMwH,1.66e-05,0,0.18600000000000005,-3.529,1,Trash Bags of That Sour,0,1927,0.049,156.888
0.5660000000000001,1927,0.198,['Numba 9'],0.609,231863,0.503,1,0dHWUBSmoHz956UurOZ9Ua,6.43e-05,6,0.17800000000000002,-8.685,1,Higher Power Part Duece,0,1927,0.392,173.951
0.8859999999999999,1927,0.991,['Francisco Canaro'],0.741,179813,0.244,0,0dVVKDRVga2STlBrkmLvV5,0.7859999999999999,2,0.18,-10.341,1,El Titán - Instrumental (Remasterizado),0,1927-09-04,0.364,116.237
0.934,1927,0.996,['Francisco Canaro'],0.818,177000,0.171,0,0e4HTbCljcwNiqBP8A0PVa,0.919,9,0.112,-19.503,1,No Folling - Instrumental (Remasterizado),0,1927-08-20,0.295,111.451
0.862,1927,0.994,"['Francisco Canaro', 'Agustín Irusta']",0.8640000000000001,171013,0.121,0,0fpg6i17g2TZ4htuKKrTCV,0.615,11,0.156,-12.78,1,Cumpleaños - Remasterizado,0,1927-09-04,0.106,113.259
0.8640000000000001,1927,0.992,['Francisco Canaro'],0.7709999999999999,170160,0.255,0,0hOmFux8O1GQROuEhpgsg1,0.382,2,0.182,-13.642,0,Matón - Instrumental (Remasterizado),0,1927-08-16,0.0659,114.336
0.32,1927,0.568,['Numba 9'],0.461,264673,0.757,1,0hwDkCoXA68Hy297eSLAHT,0.0,4,0.146,-3.993,0,I Be on the Grind,0,1927,0.386,74.703
0.39,1927,0.991,['Ignacio Corsini'],0.383,144040,0.211,0,0izy7qwMvC90HxTmQy03Hf,0.0774,7,0.3670000000000001,-20.6,0,La Espera - Remasterizado,0,1927-05-14,0.0967,137.00799999999998
0.83,1927,0.995,['Francisco Canaro'],0.823,162413,0.0772,0,0kU94wFJ8ONVUcBarD367D,0.924,0,0.101,-19.972,0,El Atorrante - Instrumental (Remasterizado),0,1927-09-16,0.285,119.665
0.519,1927,0.954,['Jimmie Rodgers'],0.687,199040,0.499,0,0kn5QibDiYJKI4YdblzP23,0.000101,5,0.0813,-3.275,1,For the Sake of Days Gone By,0,1927,0.0284,117.165
0.14400000000000002,1927,0.985,"['Ludwig van Beethoven', 'Staatskapelle Berlin', 'Otto Klemperer']",0.289,524062,0.103,0,0kv2jK5ZMTLiPPKxm6aO06,0.203,5,0.14300000000000002,-15.872,0,"Music To Goethe's Tragedy ""Egmont"", Op. 84: Overture",0,1927-01-01,0.0545,78.416
0.928,1927,0.987,['Francisco Canaro'],0.916,172333,0.306,0,0lRkQU9EKgH2zqDywuSuSi,0.265,5,0.118,-10.526,0,Trago Amargo - Instrumental (Remasterizado),0,1927-08-23,0.126,116.38
0.794,1927,0.988,"['Francisco Canaro', 'Agustín Irusta']",0.7040000000000001,168667,0.326,0,0m2zzAhHz4DZHXYh6m0h0e,0.055,7,0.112,-15.719,0,Pebeta Canyengue - Remasterizado,0,1927-09-11,0.0662,114.426
0.48,1927,0.995,['Ignacio Corsini'],0.537,124680,0.152,0,0mvD5e6BbyPuZ2bO6YFhNK,0.551,7,0.109,-23.692,1,El Batidor - Remasterizado,0,1927-05-14,0.15,118.191
0.494,1927,0.995,['Francisco Canaro'],0.831,180413,0.0491,0,0nZi7fqHLJ6QtL5YgDAyRq,0.617,10,0.112,-20.249,1,La Señal Maldita - Instrumental (Remasterizado),0,1927-09-16,0.27,118.865
0.895,1927,0.995,['Francisco Canaro'],0.8690000000000001,160280,0.255,0,0ozu7awO2V1udkI0oSmMN1,0.94,0,0.114,-16.601,0,Amadeo - Instrumental (Remasterizado),0,1927-08-20,0.0998,115.488
0.8740000000000001,1927,0.963,['Memphis Minnie'],0.76,170320,0.496,0,0qw84Tgtbb6SlHW5sKas1Y,0.499,1,0.0723,-5.303,1,She Put Me Outdoors,0,1927,0.0398,122.746
0.0431,1927,0.929,"['Pietro Mascagni', 'Staatskapelle Berlin']",0.204,237883,0.142,0,0siOTxYah5UhSYEgeb6HY6,0.889,5,0.305,-17.173,1,Cavalleria rusticana: Intermezzo sinfonico,2,1927-01-01,0.0481,82.853
0.365,1927,0.991,['Tito Schipa'],0.469,194827,0.138,0,0vNDwA6xPhlWI72akZdAWW,4.92e-06,3,0.0983,-15.361,1,Napule Ca Nun More,0,1927,0.11,174.84799999999996
0.873,1927,0.995,['Francisco Canaro'],0.778,166213,0.224,0,0wNVtuHkkEA7S15ZfLVafA,0.736,10,0.11,-16.093,1,Tiempos Que Fueron - Instrumental (Remasterizado),0,1927-09-04,0.13,118.181
0.901,1927,0.977,['Ignacio Corsini'],0.623,129333,0.467,0,0xQHhyZvOVXM2ejG9OEv9z,0.0203,1,0.755,-16.211,0,Entre Sombras - Remasterizado,0,1927-05-14,0.31,131.779
0.531,1927,0.99,['Francisco Canaro'],0.89,168000,0.236,0,0xjeejFHRNQpEj0tTccuYp,0.203,7,0.105,-10.36,0,El Chamuyo - Instrumental (Remasterizado),0,1927-08-20,0.11,116.841
0.7879999999999999,1927,0.989,['Ignacio Corsini'],0.726,128000,0.187,0,0y8gSunB92SrUhmZ30nPSz,0.474,3,0.114,-17.753,1,Picaflor - Remasterizado,0,1927-05-14,0.319,113.141
0.524,1927,0.122,['Numba 9'],0.75,191765,0.34,1,0zeSDxsLftNTfxMnx3xDDj,0.0,6,0.248,-10.906,0,Baking Dough (Money on My Mind),0,1927,0.439,80.717
0.115,1927,0.992,"['Orchestre Piero Coppola', 'Ch&#339;ur Piero Coppola', 'Piero Coppola']",0.358,237667,0.175,0,0zpuA5jfMQSUNZDAbvqAjR,0.197,4,0.371,-18.265,1,Carmen : Acte I - La cloche a sonné (Choeur des cigarières),0,1927,0.0879,81.101
0.6940000000000001,1927,0.971,['Henry Laverne'],0.544,203733,0.17,0,101TCSve8MqcWm6e1qlJlz,2.94e-05,5,0.7140000000000001,-14.177,1,Les Épouseux Du Berry,0,1927,0.0459,112.591
0.329,1927,0.0913,['Paul Bridgwater'],0.667,219347,0.251,0,10G4BjnvsGzRoREFaBkL03,0.00103,7,0.222,-11.528,1,Can't Stop Thinking About You,0,1927,0.0609,98.025
0.5870000000000001,1927,0.994,['Ignacio Corsini'],0.464,176573,0.138,0,10LM8gI5wk31mtGEzT4UMh,0.931,7,0.112,-25.512,0,Gurrumina - Remasterizado,0,1927-05-14,0.0641,62.43899999999999
0.601,1927,0.994,['Ignacio Corsini'],0.6709999999999999,143800,0.115,0,117kKem7bgSENTwdmyYUl7,0.664,5,0.121,-24.153,1,Fumando Espero - Remasterizado,0,1927-05-14,0.168,72.234
0.853,1927,0.995,['Francisco Canaro'],0.862,164880,0.319,0,119fjkAmxJuPdjPQ0va8QP,0.928,11,0.111,-19.897,0,Chonguita - Instrumental (Remasterizado),0,1927-08-20,0.0711,119.452
0.906,1927,0.991,['Francisco Canaro'],0.858,153120,0.18,0,12iEVAJuz1vKKp9k6FD7TW,8.77e-06,9,0.14300000000000002,-12.736,1,Vuelve Arrepentida - Instrumental (Remasterizado),0,1927-09-06,0.192,113.354
0.657,1927,0.993,['Francisco Canaro'],0.738,180013,0.173,0,13ZrfHNfVnzIZlXyetXke3,0.926,7,0.219,-17.355,0,Mientras Rezonga un Fuelle - Instrumental (Remasterizado),0,1927-09-16,0.185,116.851
0.942,1927,0.995,['Francisco Canaro'],0.8270000000000001,147787,0.314,0,15ZszGS5wDRO8hK0oxZoEE,0.917,3,0.113,-16.983,1,Bobadilla - Instrumental (Remasterizado),0,1927-08-16,0.0933,113.871
0.831,1927,0.994,['Francisco Canaro'],0.821,181680,0.318,0,16nrGhfLLuytWbEJYQOdIn,0.889,9,0.11,-14.095,0,Canta Claro - Instrumental (Remasterizado),0,1927-09-11,0.0692,114.04
0.523,1927,0.994,['Francisco Canaro'],0.753,186160,0.226,0,18Cx3HGG28RQ41GE0M3HPe,0.939,1,0.114,-17.934,0,La Sombra de Milonguita - Instrumental (Remasterizado),0,1927-08-16,0.0738,110.073
0.373,1927,0.99,"['Orchestre Piero Coppola', 'Piero Coppola', 'José De Trévi', 'Lucy Perelli']",0.47,300133,0.139,0,18w2InbZcFPT0I9whJlBvh,2.31e-06,2,0.321,-18.041,0,"Carmen : Acte II - Dragon d'Alcala, Halte-là, qui va là? (Chanson) - Je vais danser en votre honneurv (Duo)",0,1927,0.116,118.656
0.579,1927,0.82,['Jimmie Rodgers'],0.502,189987,0.618,0,1AXwopq9LROy4G2VFKHGFz,0.00014199999999999998,7,0.0842,-3.272,1,The Brakeman's Blues,0,1927,0.0287,80.346
0.944,1927,0.995,['Francisco Canaro'],0.823,185813,0.223,0,1AbX7Jrf43Mtwqqaoe5dqL,0.568,4,0.322,-12.275,1,Mocosita - Instrumental (Remasterizado),0,1927-09-04,0.08199999999999999,115.535
0.586,1927,0.995,['Francisco Canaro'],0.77,190467,0.109,0,1AvJLTJFpojn0WJMPJAZqW,0.875,1,0.109,-26.786,1,La Tablada - Instrumental (Remasterizado),0,1927-08-16,0.204,113.972
0.894,1927,0.995,['Francisco Canaro'],0.919,157493,0.207,0,1BLPoS2joljvu07Bz26oWW,0.843,10,0.109,-16.224,0,La Bataclana - Instrumental (Remasterizado),0,1927-08-16,0.272,119.512
0.8220000000000001,1927,0.994,"['Bix Beiderbecke', 'The Wolverines']",0.764,158178,0.35600000000000004,0,1BQvk4AP6PaveAzBvfMEiM,0.947,4,0.214,-8.984,0,Susie,1,1927-06-26,0.0382,101.386
0.6859999999999999,1927,0.795,['Georges Milton'],0.685,165000,0.34,0,1CUGqnCuRcCwv41RM6dp4J,0.0,9,0.0612,-10.789,0,Les Artichauts,0,1927,0.336,151.711
0.0817,1927,0.991,"['Orchestre Piero Coppola', 'José De Trévi', 'Piero Coppola']",0.276,237467,0.259,0,1DZW15NutmXB4lvfiVu9Xa,0.0468,1,0.392,-15.604,1,Carmen : Acte II - La fleur que tu m'avais jetée (Air),0,1927,0.0424,97.213
0.6659999999999999,1927,0.0486,['Numba 9'],0.436,182622,0.7090000000000001,1,1EP3FZb36DEY1RsrZiZ4lD,0.0,8,0.168,-3.178,0,Ole Bitch,0,1927,0.281,88.40799999999999
0.499,1927,0.959,"['Giuseppe Verdi', 'Staatskapelle Berlin', 'Pietro Mascagni']",0.43,283360,0.273,0,1EXldghDaAbIkCaxd0gsqV,0.915,5,0.55,-19.847,0,Aida: Ballet Music,0,1927-01-01,0.0486,138.036
0.34600000000000003,1927,0.994,['Tito Schipa'],0.529,149667,0.152,0,1Exdul3YDcU339VRDaj4hH,3.74e-05,5,0.12,-13.19,1,Sincerita',0,1927,0.0461,127.888
0.7140000000000001,1927,0.993,['Francisco Canaro'],0.8370000000000001,162000,0.201,0,1Hu1q3H3RfSMLQVWBLk44K,0.755,0,0.118,-12.475,0,Mama! Cuco! - Instrumental (Remasterizado),0,1927-08-16,0.243,121.326
0.247,1927,0.99,['Tito Schipa'],0.152,150840,0.184,0,1HxS8CqsNBghKqAUuJFY8b,0.00257,9,0.101,-18.765,1,O Marenariello,1,1927,0.0404,68.333
0.66,1927,0.0863,"['Why Not', 'Paul Bridgwater']",0.634,198347,0.8109999999999999,0,1K1SIQwZOcnT37y3kwcOFp,3.17e-05,11,0.133,-4.4060000000000015,0,Bottle of Wine,0,1927,0.0287,112.538
0.716,1927,0.994,"['Bix Beiderbecke', 'The Wolverines']",0.6679999999999999,150984,0.403,0,1Kd6wA2wS75k7vGTpSAWaO,0.764,10,0.108,-8.055,1,Copenhagen,2,1927-06-26,0.0347,110.587
0.7759999999999999,1927,0.989,['Francisco Canaro'],0.894,161933,0.213,0,1KmlV45OPOjoZqDaeQSsIX,0.0867,1,0.099,-8.422,0,Muñeca de Carne - Remasterizado,0,1927-08-16,0.103,120.825
0.769,1927,0.828,['Georgius'],0.6829999999999999,185333,0.396,0,1LpRZcI6x5jEFpyZGYNK4o,0.00343,7,0.103,-14.554,0,Qu'est Ce Qu'il Faut Faire Pour Gagner Son Beefsteak,0,1927,0.392,64.17699999999999
0.962,1927,0.993,['Francisco Canaro'],0.82,160507,0.22,0,1MpAeWRaZ4MOpzMhcEngsP,0.711,4,0.11,-13.389,1,"Hi Diddle, Diddle - Instrumental (Remasterizado)",0,1927-08-20,0.0544,114.859
0.894,1927,0.995,['Francisco Canaro'],0.8079999999999999,179413,0.171,0,1MruyHv1npuhC2klDfISW9,0.885,10,0.112,-17.619,1,El Viejo Tango - Instrumental (Remasterizado),0,1927-09-16,0.29100000000000004,119.755
0.818,1927,0.994,['Francisco Canaro'],0.71,178480,0.37,0,1N34Q1974R3U60nXue2EFS,0.29600000000000004,5,0.319,-10.905,1,Perfume de Mujer - Remasterizado,0,1927-09-11,0.108,111.279
0.947,1927,0.978,['Ignacio Corsini'],0.631,94933,0.504,0,1NEVkx4XEFStROWwVFuGep,0.0526,1,0.7440000000000001,-16.105999999999998,1,Fruto Bendito - Remasterizado,0,1927-05-14,0.362,126.01
0.331,1927,0.732,['Paul Bridgwater'],0.615,194133,0.197,0,1NJ2hseLzdFsWXzIMo5z9W,2.29e-05,7,0.0646,-14.666,1,Then We Say Goodbye,0,1927,0.0449,78.256
0.691,1927,0.993,"['Francisco Canaro', 'Agustín Irusta']",0.84,180520,0.0843,0,1NblApq4h79IUOtJcDiF77,2.67e-05,1,0.116,-15.339,1,Amurado - Remasterizado,0,1927-09-06,0.165,109.465
0.198,1927,0.988,"['Orchestre Piero Coppola', 'Piero Coppola', 'Lucy Perelli', 'Louis Musy']",0.358,254840,0.0846,0,1OqHkSuZVwvWiWc2Ziplzw,7.53e-05,3,0.31,-18.499,0,"Carmen : Acte III - Holà, holà, José... (Duo)",0,1927,0.0596,97.688
0.67,1927,0.995,['Francisco Canaro'],0.502,192680,0.274,0,1Q0uAXvrarrG8UHrs4LRGD,0.914,8,0.111,-15.308,1,Saturnia - Instrumental (Remasterizado),0,1927-09-11,0.114,72.634
0.745,1927,0.918,['Claude Hopkins and His Orchestra'],0.7040000000000001,167267,0.395,0,1QxCkn83XrQnUnY6WYR0SA,0.617,7,0.224,-11.47,1,Shake Your Ashes - Live,1,1927,0.107,141.554
0.933,1927,0.903,['Biscot'],0.805,155173,0.243,0,1RI5siZ05hdrYchSoIxCPH,0.0,2,0.0421,-12.972,1,Elle Sait Conduire Une Automobile Cécile,0,1927,0.0857,136.66
0.513,1927,0.574,['Marty Murray'],0.659,159667,0.444,0,1RoG96lWF9sQbUSQusM5Wh,0.0007509999999999999,7,0.11,-9.874,1,Tequila Sunrise,0,1927,0.0299,119.929
0.711,1927,0.994,['Francisco Canaro'],0.884,166907,0.202,0,1SU29uX1yn0OwbI2buipro,0.6409999999999999,6,0.122,-16.576,1,Olguita - Instrumental (Remasterizado),0,1927-09-06,0.197,118.905
0.892,1927,0.994,['Francisco Canaro'],0.8079999999999999,186547,0.29100000000000004,0,1U9MDStD0LFTiUuArWWnHu,0.00918,2,0.069,-9.466,1,Tiempos Viejos - Instrumental (Remasterizado),0,1927-08-23,0.0948,116.189
0.659,1927,0.986,['Francisco Canaro'],0.461,162413,0.126,0,1UZvoMUmLp9aElgjaNjtE9,0.843,5,0.112,-22.79300000000001,1,Carta Brava - Instrumental (Remasterizado),0,1927-09-16,0.0519,120.866
0.5820000000000001,1927,0.932,['Jimmie Rodgers'],0.359,213920,0.597,0,1Uga1iS1utgNCyJErLgB97,0.0,2,0.27,-3.875,1,Memphis Yodel,0,1927,0.0334,82.28
0.513,1927,0.0464,"['Paul Bridgwater', 'Geoff Horgan']",0.6659999999999999,229067,0.54,0,1VE2FQrp6BtpxYgXlwTAJB,0.00368,0,0.0801,-7.158,1,I Don't Mind,0,1927,0.0258,96.891
0.596,1927,0.953,['Jimmie Rodgers'],0.5,190533,0.604,0,1WBz1BpsoFEHK7Va6Qw7cn,0.000447,7,0.0923,-2.713,1,In the Jailhouse Now,0,1927,0.0268,80.197
0.8190000000000001,1927,0.992,"['Francisco Canaro', 'Luis Scalon']",0.6859999999999999,167213,0.187,0,1WdSoljzM94W0EFhTRhH5r,0.938,8,0.141,-17.121,1,El Taita Ladrón - Remasterizado,0,1927-09-16,0.104,118.36
0.746,1927,0.993,['Francisco Canaro'],0.769,167493,0.171,0,1YIxsw0mYCCmzhBEplvZPR,0.211,0,0.113,-10.708,1,Sierra Chica - Remasterizado,0,1927-08-20,0.0828,115.14
0.622,1927,0.99,"['Francisco Canaro', 'Agustín Irusta']",0.693,184387,0.272,0,1YcJBsPDvmmHwCiU36VQ9I,0.109,5,0.115,-16.977,0,El Mal Que Me Hiciste,0,1927-09-11,0.166,114.407
0.6809999999999999,1927,0.969,['Jimmie Rodgers'],0.487,182107,0.476,0,1Z25nBJOgArv707lJMBKm4,0.0,7,0.398,-5.369,1,California Blues,0,1927,0.031,114.757
0.551,1927,0.996,['Ignacio Corsini'],0.525,146453,0.121,0,1ZVJPBSjMbkuHGaEwkcR0q,0.924,11,0.101,-25.775,1,En la Cortada - Remasterizado,0,1927-05-14,0.0744,121.913
0.7120000000000001,1927,0.993,['Francisco Canaro'],0.738,189800,0.272,0,1ZkKpatfgLqJwcf9g1WAtx,0.275,2,0.114,-7.619,1,Caferata - Instrumental (Remasterizado),0,1927-08-23,0.205,111.421
0.904,1927,0.977,['Fréhel'],0.775,123907,0.217,0,1ZlxkymWGCS1t2O7fXEkZz,0.0,9,0.0928,-11.605,1,C'est La Valse Des Costauds,0,1927,0.0851,87.48700000000002
0.732,1927,0.000235,['White Flag'],0.179,185480,0.921,0,1ZwKIVL4kv9Lbhy8yzmvhQ,0.335,3,0.383,-5.374,0,Ditty Diego,0,1927,0.0526,149.084
0.81,1927,0.989,['Ignacio Corsini'],0.484,129173,0.161,0,1aJ4ZJKcOyHL1Q7JIm0ArN,0.889,3,0.108,-25.94,1,Las Madreselvas - Remasterizado,0,1927-05-14,0.044,117.556
0.8809999999999999,1927,0.959,['Maurice Chevalier'],0.7020000000000001,184333,0.359,0,1cEz9WS2oY3ar9SMP4RneG,0.0368,5,0.0822,-12.658,0,Dites Moi Ma Mère,0,1927,0.187,132.422
0.534,1927,0.985,"['Billie Holiday', 'Teddy Wilson']",0.55,177933,0.135,0,1ca1yB1MnJOJWfcfrEUoK3,3.69e-06,7,0.211,-14.114,0,Wherever You Are - Live,0,1927,0.0345,78.053
0.753,1927,0.984,['Ignacio Corsini'],0.589,161613,0.179,0,1cuexdyrEunj20kIQdSqHd,0.0173,11,0.16,-16.648,0,Que Mala Fuiste - Remasterizado,0,1927-05-14,0.151,44.299
0.758,1927,0.994,['Francisco Canaro'],0.752,186813,0.156,0,1dPKXfSnwahh0hgNe5yUDj,0.933,7,0.11,-16.553,0,Ya Llegará tu Día - Instrumental (Remasterizado),0,1927-09-17,0.102,114.373
0.223,1927,0.992,"['Johann Sebastian Bach', 'Thomanerchor Leipzig', 'Helmut Walcha', 'Karl Straube']",0.237,201097,0.262,0,1da1k1W5wqPBp8UKezzltT,3.35e-05,9,0.119,-16.244,1,"Dir, dir, Jehova will ich singen, BWV 452",1,1927-01-01,0.0545,156.599
0.091,1927,0.988,"['Orchestre Piero Coppola', 'Piero Coppola']",0.18600000000000005,155720,0.0804,0,1ej75pMadMT6Lf1iZxjouE,0.5539999999999999,4,0.119,-23.683000000000003,1,Carmen : Acte II - Entracte,0,1927,0.0424,95.728
0.831,1927,0.995,['Francisco Canaro'],0.8170000000000001,164107,0.102,0,1epZhOeKnQHcZnvDGfVzPs,0.88,11,0.11,-17.58,1,Jaguel - Instrumental (Remasterizado),0,1927-09-04,0.0709,118.836
0.596,1927,0.995,['Francisco Canaro'],0.828,181707,0.154,0,1evwKZxZxPzuF9Aznq4hmU,0.764,3,0.207,-16.713,1,Los Indios - Instrumental (Remasterizado),0,1927-09-06,0.111,117.776
0.195,1927,0.961,"['Georges Lauweryns', 'Yvonne Brothier', 'Orchestre Georges Lauweryns']",0.364,192973,0.188,0,1fJEYXZj44hiDE1JPFcCRE,7.46e-05,5,0.5670000000000001,-12.637,1,Roméo et Juliette : Valse de Juliette,0,1927,0.04,102.761
0.648,1927,0.99,"['Francisco Canaro', 'Agustín Irusta']",0.792,171520,0.333,0,1gBFQc5r28PO0SW6ZGKuWV,0.26,9,0.115,-14.74,0,Queja Indiana - Remasterizado,0,1927-09-11,0.0698,115.016
0.507,1927,0.99,"['Orchestre Piero Coppola', 'Ch&#339;ur Piero Coppola', 'Piero Coppola']",0.396,246173,0.201,0,1gxLpX0nv44CCAYEVEW3ER,0.85,8,0.27,-17.487000000000002,1,Carmen : Acte IV - Voici le quadrille (Marche et choeur),0,1927,0.0569,120.615
0.883,1927,0.995,"['Francisco Canaro', 'Agustín Irusta']",0.7140000000000001,176187,0.117,0,1hOQjQwTubh8DYbpA1GYad,0.8640000000000001,11,0.109,-21.56,0,Culpable - Remasterizado,0,1927-08-16,0.053,117.327
0.77,1927,0.994,['Francisco Canaro'],0.878,158973,0.253,0,1iNKQhwbabgXH3JYPoAYLL,0.804,6,0.112,-13.502,1,Sos de Chiclana - Instrumental (Remasterizado),0,1927-08-16,0.199,110.533
0.8959999999999999,1927,0.995,['Francisco Canaro'],0.833,157507,0.259,0,1lOx0PiQYO4ahycrxHZ4Xd,0.544,5,0.123,-11.64,0,Responso Malevo - Instrumental (Remasterizado),0,1927-08-20,0.151,124.328
0.205,1927,0.995,['Tito Schipa'],0.29600000000000004,203173,0.111,0,1lV8HLPrGSS3TulK2LYD9V,0.000484,7,0.114,-16.967,1,A Canzone D' 'E Stelle,0,1927,0.0417,124.823
0.637,1927,0.995,['Francisco Canaro'],0.698,166000,0.139,0,1le0evL1nk5y9BuoSAlwsS,0.8909999999999999,0,0.153,-14.279000000000002,1,Rezongos - Instrumental (Remasterizado),0,1927-08-16,0.066,117.515
0.6940000000000001,1927,0.937,['Francisco Canaro'],0.753,170053,0.471,0,1le942JI6upl0qflxv5Q4g,0.0,5,0.361,-17.816,1,La Vuelta al Hogar - Instrumental (Remasterizado),0,1927-08-23,0.0775,116.314
0.6679999999999999,1927,0.936,['Francisco Canaro'],0.8079999999999999,170933,0.398,0,1mC0LEmjbCXjs8jjnYIjHw,0.328,4,0.173,-13.283,0,Yo También Era Dichoso - Instrumental (Remasterizado),0,1927-09-11,0.102,114.891
0.611,1927,0.994,['Francisco Canaro'],0.247,180880,0.307,0,1mXQ4Hw2XeVkR893xPmSOG,0.599,6,0.111,-21.677,0,Olga - Instrumental (Remasterizado),0,1927-08-23,0.0408,164.833
0.657,1927,0.996,['Ignacio Corsini'],0.649,162773,0.0901,0,1mnDy3wuh9iuA3VbOx7ti8,0.84,3,0.113,-20.004,0,Que Pare el Baile - Remasterizado,0,1927-05-14,0.316,120.879
0.85,1927,0.994,['Francisco Canaro'],0.885,165000,0.154,0,1nPve3dpMWZ8wLzcZRN2S3,0.0507,0,0.0944,-12.723,1,Organito de la Tarde - Instrumental (Remasterizado),0,1927-08-16,0.0759,118.571
0.594,1927,0.994,['Jimmie Rodgers'],0.5920000000000001,164733,0.34600000000000003,0,1nQAsVSgasshUPOuuq0dIO,0.0146,7,0.0973,-6.95,1,Waiting for a Train,0,1927,0.0388,113.725
0.381,1927,0.612,['Marty Murray'],0.58,198347,0.443,0,1pDKSrgZRKuV2N0NtKChFY,0.0208,4,0.119,-9.12,1,Northern Sky,0,1927,0.0288,100.341
0.362,1927,0.993,"['Orchestre Piero Coppola', 'Ch&#339;ur Piero Coppola', 'Piero Coppola']",0.377,172867,0.271,0,1r8rWlAH6MZx1gVgbu3VEv,0.755,6,0.361,-15.56,0,Carmen : Acte I - Que se passe-t-il donc là bas? (Choeur),0,1927,0.114,79.192
0.784,1927,0.995,['Francisco Canaro'],0.8740000000000001,174600,0.251,0,1rKajEw7phTIDqZ5BWWXR7,0.8370000000000001,8,0.165,-10.737,1,Deja la Farra - Instrumental (Remasterizado),0,1927-08-16,0.266,117.881
0.158,1927,0.982,['Tito Schipa'],0.234,163000,0.14800000000000002,0,1t1azqN6A4J8qEvrvcZvAL,0.000195,4,0.161,-15.533,1,Core 'Ngrato,1,1927,0.0385,80.64399999999998
0.579,1927,0.995,['Francisco Canaro'],0.337,171413,0.17600000000000002,0,1tDlXFnObI26jNYnp7VADH,0.809,4,0.116,-16.122,0,Suplicas - Instrumental (Remasterizado),0,1927-09-06,0.0565,169.94400000000005
0.311,1927,0.992,"['Orchestre Piero Coppola', 'Ch&#339;ur Piero Coppola', 'Piero Coppola']",0.349,204467,0.189,0,1uWVB0T4cMGAsy63FN8yNA,0.82,1,0.135,-16.039,0,Carmen : Ouverture,0,1927,0.0555,122.565
0.914,1927,0.961,['Otto Reutter'],0.748,150119,0.321,0,1ufbYNQmdNINAgWeCv3f62,0.0,0,0.0643,-12.024,1,Es geht mir in jeder Hinsicht immer besser,0,1927-01-01,0.743,73.931
0.644,1927,0.957,['Jimmie Rodgers'],0.672,197800,0.652,0,1wVjpPa0P945SIxI8U0Txn,0.0,2,0.0919,-4.545,1,Away Out On the Mountain,0,1927,0.0266,142.569
0.86,1927,0.991,['Francisco Canaro'],0.884,167120,0.259,0,1xQAk0A2mHsSd6XCW2Bvpz,0.398,7,0.0974,-10.038,1,Rouge - Instrumental (Remasterizado),0,1927-09-04,0.188,118.108
0.594,1927,0.995,"['Orchestre Piero Coppola', 'Ch&#339;ur Piero Coppola', 'Piero Coppola']",0.505,116613,0.207,0,1zPkoLf1oOk5iioPQT5hiD,0.7609999999999999,2,0.245,-17.859,1,Carmen : Acte IV - A dos cuartos (Choeur),0,1927,0.154,85.00200000000002
0.778,1927,0.995,['Francisco Canaro'],0.856,179347,0.13,0,1zyuHCItaeKLger72rHh5D,0.595,9,0.134,-15.255,1,Farolito Viejo - Instrumental (Remasterizado),0,1927-08-16,0.14800000000000002,114.728
0.565,1927,0.941,['Jimmie Rodgers'],0.5710000000000001,208000,0.718,0,21010f0ucoaLEEn4khQKZb,0.0,3,0.309,-3.902,1,T for Texas,0,1927,0.0294,78.84899999999998
0.443,1927,0.993,['Ignacio Corsini'],0.514,189360,0.14300000000000002,0,22fyoZIPNqo29qJ7VkE7LH,0.947,11,0.11,-22.197,1,Riase - Remasterizado,0,1927-05-14,0.0457,115.462
0.7659999999999999,1927,0.888,['Félix Mayol'],0.6729999999999999,160427,0.252,0,24Rsi7lxsGJCLdJV68jplw,0.0442,3,0.069,-16.271,1,Mam'zell Accept'rez Vous,0,1927,0.124,94.972
0.759,1927,0.993,['Francisco Canaro'],0.738,173027,0.29100000000000004,0,26q1IbSIlQEF1mzZ9hNkN2,0.939,7,0.111,-16.77,1,Mia Fuiste - Instrumental (Remasterizado),0,1927-09-11,0.0551,114.998
0.835,1927,0.996,['Francisco Canaro'],0.833,171107,0.21,0,27TZK1nlKYCAXWHlhvqdRt,0.5720000000000001,9,0.113,-12.53,1,Argelia - Instrumental (Remasterizado),0,1927-09-04,0.0615,114.403
0.72,1927,0.992,"['Ella Logan', 'The SPIRIT']",0.785,144973,0.27,0,29MI9WhSTgxisWhiO3Aymr,0.361,9,0.13699999999999998,-14.963,0,From Monday On - Live,0,1927,0.0742,98.226
0.773,1927,0.78,['Georges Milton'],0.66,138827,0.391,0,2A1Lzp5nJMy1URsYxPDwb0,0.0,7,0.0621,-11.742,0,La Caravane,0,1927,0.219,143.799
0.5479999999999999,1927,0.994,['Ignacio Corsini'],0.434,131920,0.149,0,2AFIZ14ThoG1ZJC6Ysy7hA,0.949,3,0.1,-24.929,0,Las Madreselvas - Remasterizado,0,1927-05-14,0.0414,64.744
0.7490000000000001,1927,0.995,['Ignacio Corsini'],0.722,145293,0.132,0,2ASfkMyqqICcBsauldmXmr,0.602,2,0.112,-18.859,0,Se Cortó la Redoblona - Remasterizado,0,1927-05-14,0.104,124.283
0.6990000000000001,1927,0.994,['Francisco Canaro'],0.8240000000000001,182307,0.234,0,2CSN8e9oK5AErjCkTlaTlA,0.465,3,0.115,-10.849,1,El Ultimo Gaucho - Instrumental (Remasterizado),0,1927-09-05,0.0996,117.893
0.7559999999999999,1927,0.99,['Francisco Canaro'],0.855,166213,0.0903,0,2CiwZMeqCbHbzt3GMSQmhJ,0.0132,0,0.123,-13.177,1,Mi Coronel - Instrumental (Remasterizado),0,1927-09-17,0.104,117.797
0.722,1927,0.995,['Francisco Canaro'],0.753,160840,0.173,0,2DDKmAGLySrPyg6smZ5Pzf,0.457,6,0.11,-15.054,0,Clavelito - Instrumental (Remasterizado),0,1927-08-16,0.0842,116.422
0.615,1927,0.994,['Ignacio Corsini'],0.725,101773,0.0838,0,2E4QoreJJyKpXDq4ROTp4w,0.23,4,0.116,-20.238,1,Calle Corrientes - Remasterizado,0,1927-05-14,0.195,65.45
0.8009999999999999,1927,0.995,['Ignacio Corsini'],0.54,173480,0.387,0,2EQcrI3nWVhsgDiKXZJCQ9,0.711,7,0.115,-19.832,1,Mis Harapos - Remasterizado,0,1927-05-14,0.0442,126.711
0.7809999999999999,1927,0.0141,['Slowburner'],0.511,205773,0.807,0,2EugeoODapgclc2jIqMr5C,0.0256,9,0.179,-6.349,1,Take Me Down,0,1927,0.0327,97.506
0.851,1927,0.995,"['Francisco Canaro', 'Luis Scalon']",0.7929999999999999,181920,0.116,0,2F0ZI3RuWlZsVDLRelNNDR,0.491,2,0.117,-15.914,1,Compadrón - Remasterizado,0,1927-09-04,0.162,118.269
0.713,1927,0.996,"['Bix Beiderbecke', 'The Wolverines']",0.489,159616,0.395,0,2G0gK0gF2IvQgKgqfNQmeo,0.8909999999999999,0,0.173,-8.376,1,Lazy Daddy,1,1927-06-26,0.0703,157.405
0.259,1928,0.847,['Benny Goodman'],0.626,520133,0.7440000000000001,0,61znp1Iy11bdJ2YAbwaqw7,0.892,2,0.145,-9.189,0,"Sing, Sing, Sing",51,1928,0.0662,113.117
0.2,1928,0.968,['Blind Willie Johnson'],0.394,198560,0.0406,0,2P9nh9pTK96dE0b6NBbTSs,0.0453,9,0.0976,-23.179,1,"Dark Was the Night, Cold Was the Ground",47,1928,0.044,116.117
0.483,1928,0.98,['Blind Willie Johnson'],0.6759999999999999,188533,0.252,0,0EzykG4pYlmmGTihakWGRL,7.38e-05,3,0.11,-14.01,1,It's Nobody's Fault but Mine,42,1928,0.039,83.90100000000002
0.62,1928,0.976,"['Benny Goodman', 'Peggy Lee']",0.6940000000000001,192093,0.293,0,44GrwA3E0Vr98pkSBFQOpn,0.004379999999999999,2,0.276,-9.414,0,Why Don't You Do Right? (feat. Peggy Lee),38,1928,0.0394,128.57399999999998
0.588,1928,0.902,['Louis Armstrong & His Savoy Ballroom Five'],0.693,191867,0.182,0,7fAa9rz4UmwuB4AGh50Gmp,4.1e-05,5,0.153,-11.022,0,St. James Infirmary,32,1928,0.0514,116.508
0.8640000000000001,1928,0.981,['Benny Goodman'],0.527,152547,0.478,0,7M1bSM3lsOFUR9WzYL2qr3,0.888,8,0.0887,-7.398,1,Let's Dance,34,1928,0.0617,203.12
0.44,1928,0.968,['Blind Willie Johnson'],0.439,188373,0.215,0,51qp3WsYjiDuBhzR7AON69,7.269999999999999e-05,7,0.183,-16.259,1,Let Your Light Shine on Me,30,1928,0.0611,165.549
0.602,1928,0.994,['Blind Willie Johnson'],0.7090000000000001,192960,0.212,0,5UEsyERm7tsNvDDZFylZZf,1.76e-05,4,0.318,-13.421,1,The Soul of a Man,29,1928,0.0521,129.529
0.366,1928,0.8109999999999999,['Louis Armstrong & His Hot Five'],0.579,195160,0.16399999999999998,0,0bou6RS3Cy0p66cUX8bF68,2.95e-05,10,0.862,-12.434,1,Basin Street Blues,23,1928,0.051,109.72
0.527,1928,0.995,['Blind Willie Johnson'],0.7390000000000001,196373,0.331,0,6L7TWfy2jqYdrpoatl2oFn,0.131,9,0.568,-12.941,0,John the Revelator,28,1928,0.28300000000000003,125.521
0.7829999999999999,1928,0.994,['Leroy Carr'],0.6829999999999999,175400,0.285,0,2KZkEbuMBsoxhgX3iEyAv2,0.603,3,0.122,-12.101,1,Papa's on the House Top,30,1928,0.0366,94.913
0.491,1928,0.97,['Louis Armstrong & His Hot Seven'],0.7190000000000001,170000,0.115,0,7saUjNh5vYvqD1oe1ED5jF,0.000396,10,0.188,-13.121,1,Muggles,21,1928,0.0414,85.65799999999999
0.907,1928,0.894,['Louis Armstrong & His Hot Five'],0.782,182600,0.409,0,7ui11djxhp7WL4NCHlET8O,0.278,3,0.309,-10.191,1,Hotter Than That,23,1928,0.0676,106.03
0.462,1928,0.982,['Blind Willie Johnson'],0.632,190773,0.275,0,1uurvj6vOkdksHr0G7WNIm,0.000176,3,0.105,-14.193,1,Jesus Make Up My Dying Bed,24,1928,0.0784,119.78
0.393,1928,0.992,['Blind Willie Johnson'],0.613,180733,0.109,0,00odm77uCY7eUfLAYMq5XQ,2.67e-06,9,0.15,-15.73,1,Lord I Just Can't Keep From Crying,22,1928,0.0718,147.738
0.722,1928,0.981,['Blind Willie Johnson'],0.482,187693,0.32,0,2prAdcjH0NwKDsxPBsXBik,0.0203,5,0.21600000000000005,-14.444,1,If I Had My Way I'd Tear the Building Down,22,1928,0.0766,165.079
0.365,1928,0.971,['Louis Armstrong & His Hot Five'],0.588,198733,0.207,0,1yvkKwvTiQmq0Saw1quM9l,0.66,3,0.0823,-12.622,1,West End Blues,19,1928,0.0553,83.71600000000002
0.131,1928,0.989,"['Frédéric Chopin', 'Arthur Rubinstein']",0.454,270973,0.0214,0,5NdASzUYYx7SiwcpDmLi6n,0.888,10,0.0746,-23.394,1,"Chopin: Nocturne No. 2 in E-Flat Major, Op. 9 No. 2",20,1928,0.0486,75.289
0.685,1928,0.943,['Blind Willie Johnson'],0.557,179227,0.271,0,5PaW8VeYRpS3N728fFa15b,0.00296,6,0.138,-14.958,1,God Moves On the Water,21,1928,0.0397,188.196
0.612,1928,0.41,['Louis Armstrong'],0.608,210667,0.388,0,74UvZTPWPVAdaBvp6axd5G,1.85e-06,0,0.966,-10.991,1,On The Sunny Side Of The Street - Live,22,1928,0.0733,121.232
0.0675,1928,0.984,"['Frédéric Chopin', 'Arthur Rubinstein']",0.313,297467,0.0215,0,1304PIuqEVZBveqAVJ7K6b,0.913,1,0.126,-21.538,1,"Chopin: Nocturne No. 1 in B-Flat Minor, Op. 9 No. 1",20,1928,0.0441,75.829
0.8490000000000001,1928,0.951,['Louis Armstrong'],0.677,180573,0.377,0,3L9DoEtclyZ1wZKphdSqB0,0.8270000000000001,11,0.194,-9.638,0,St. Louis Blues,19,1928,0.1,177.433
0.8740000000000001,1928,0.986,"['Benny Goodman Sextet', 'Benny Goodman', 'Charlie Christian']",0.728,168253,0.249,0,0HeuuJsjA4X4YOREiF80By,0.304,8,0.0905,-12.300999999999998,1,Rose Room (feat. Benny Goodman & Charlie Christian),18,1928,0.0414,146.227
0.927,1928,0.992,"['Jimmy McPartland', 'Gil Rodin', 'Larry Binyon', 'Vic Briedis', 'Dick Morgan', 'Jack Teagarden', 'Ray Bauduc', 'Harry Goodman', 'Benny Goodman', ""Jimmy Bracken's Toe Ticklers""]",0.621,168760,0.464,0,0t16VNebyMXzZUKqDjnmWK,0.7340000000000001,7,0.103,-11.3,1,It's Tight Like That,21,1928,0.14300000000000002,199.693
0.174,1928,0.994,"['Frédéric Chopin', 'Arthur Rubinstein']",0.455,283840,0.0202,0,5j3wXxleEgzFh9TWxY0TmH,0.916,11,0.126,-20.545,1,"Chopin: Nocturne No. 9 in B Major, Op. 32 No. 1",20,1928,0.0491,66.324
0.748,1928,0.989,['Bascom Lamar Lunsford'],0.614,180976,0.263,0,7wJ8j011bu1y89jAboqHcB,0.000775,8,0.338,-11.263,1,Dry Bones - 2020 Remaster,15,1928,0.0487,125.597
0.7020000000000001,1928,0.925,['Louis Armstrong'],0.565,174733,0.273,0,3EkaPulwmdY2oEbVENXxq7,0.412,0,0.0996,-12.35,0,All Of Me,19,1928,0.0469,138.305
0.464,1928,0.991,['Blind Willie Johnson'],0.523,182693,0.141,0,4ejoH0NfgVB2qETUiaHWdL,0.0405,2,0.219,-15.7,1,Keep Your Lamp Trimmed And Burning,18,1928,0.0421,149.046
0.652,1928,0.99,['Blind Willie Johnson'],0.49,186360,0.304,0,6AXg7E60oUA1kPbZu5FGUP,0.0,5,0.213,-12.028,1,"Church, I'm Fully Saved Today",18,1928,0.127,195.707
0.0708,1928,0.991,"['Frédéric Chopin', 'Vladimir Horowitz']",0.28,127160,0.005,0,0UXtIindEK8abNG0ys4wnN,0.809,7,0.12,-40.083,1,"Prelude in in B Minor, Op. 28, No. 6",13,1928,0.0363,83.806
0.495,1928,0.991,['Louis Armstrong'],0.595,194800,0.202,0,6MjCt6x6YlWuPEn4EUbGdW,0.815,3,0.18,-15.393,1,West End Blues,19,1928,0.0518,84.61
0.5579999999999999,1928,0.995,['Blind Willie Johnson'],0.55,186533,0.182,0,2thPPmJnafbWbEsvRmBcED,1.35e-05,7,0.151,-16.313,0,Trouble Will Soon Be Over,17,1928,0.0429,125.546
0.501,1928,0.983,"['Benny Goodman Sextet', 'Charlie Christian']",0.6920000000000001,192693,0.139,0,5aAMd93KTdLimNhgppQTwA,0.0959,7,0.114,-13.802,0,Memories Of You (feat. Charlie Christian),16,1928,0.0382,87.804
0.529,1928,0.914,['Louis Armstrong'],0.483,194040,0.168,0,0t8MJGXyTafKioG4fWDw9a,0.0,1,0.0821,-17.214000000000002,1,Summer Song,17,1928,0.0413,132.549
0.17800000000000002,1928,0.986,"['Frédéric Chopin', 'Arthur Rubinstein']",0.358,289560,0.0278,0,1cDzoKTbFscFFFAVpTJlYR,0.925,6,0.0944,-25.593000000000004,1,"Chopin: Nocturne No. 3 in B Major, Op. 9 No. 3",14,1928,0.0361,76.984
0.611,1928,0.971,['Benny Goodman Quartet'],0.6459999999999999,253240,0.637,0,31gPVPQvmbuqx8eGNkYK5H,0.784,3,0.4370000000000001,-10.928,1,Avalon - Live,15,1928,0.0349,127.248
0.0771,1928,0.99,"['Frédéric Chopin', 'Arthur Rubinstein']",0.316,244107,0.0333,0,68V8M5AKpDfJAaP7fV5IWR,0.573,6,0.333,-20.756,1,"Chopin: Nocturne No. 5 in F-Sharp Major, Op. 15 No. 2",14,1928,0.0411,90.64
0.5329999999999999,1928,0.935,['Blind Willie Johnson'],0.643,201267,0.166,0,0v3MiEg8OEnCfPoEKDBTIl,0.0,9,0.338,-13.81,1,Mother's Children Have a Hard Time,16,1928,0.0747,122.572
0.1,1928,0.989,"['Frédéric Chopin', 'Arthur Rubinstein']",0.366,378827,0.0279,0,3Q4Cf584F8F0sa1v0CIuho,0.8859999999999999,1,0.0806,-23.36,1,"Chopin: Nocturne No. 8 in D-Flat Major, Op. 27 No. 2",15,1928,0.0373,95.356
0.691,1928,0.966,['Blind Willie Johnson'],0.598,171333,0.131,0,4zLSPWAPGfWtWTxrADplcD,0.0,7,0.116,-16.117,1,Bye and Bye I'm Goin' to See the King,16,1928,0.0396,108.596
0.698,1928,0.963,['Louis Armstrong & His Hot Five'],0.8,191707,0.337,0,1fjmpvoriL0mnYlo69wD3E,0.00277,0,0.0721,-11.512,1,A Monday Date,15,1928,0.456,117.917
0.5489999999999999,1928,0.994,['Benny Goodman Trio'],0.7240000000000001,205400,0.25,0,4v3wYJ0xRPcZ1w2ixFtuhJ,0.915,10,0.158,-12.122,0,Body and Soul,13,1928,0.0352,96.862
0.955,1928,0.921,['Louis Armstrong & His Hot Seven'],0.83,204000,0.373,0,4icBnQLY9Kdudz0QWBJyCJ,0.72,10,0.0413,-12.800999999999998,1,Knee Drops,14,1928,0.105,105.861
0.215,1928,0.993,"['Frédéric Chopin', 'Arthur Rubinstein']",0.32299999999999995,294920,0.119,0,5OZdkwHjoN0HfhFJjSy6b6,0.868,8,0.119,-16.305999999999994,1,"Chopin: Nocturne No. 10 in A-Flat Major, Op. 32 No. 2",12,1928,0.0497,76.278
0.55,1928,0.971,['Blind Willie Johnson'],0.5589999999999999,182840,0.21,0,7r7NaawVVbk17eUCNnI0u8,1.67e-05,1,0.103,-13.594,0,I Know His Blood Can Make Me Whole,15,1928,0.0718,105.208
0.775,1928,0.912,['Benny Goodman'],0.618,255227,0.8290000000000001,0,3aNe3EWNK7GACBChhcxjJ2,0.871,7,0.964,-7.57,0,Roll 'Em,14,1928,0.109,98.192
0.229,1928,0.992,"['Frédéric Chopin', 'Arthur Rubinstein']",0.422,254907,0.0172,0,4n95hDxm4IA4xXzRNF6rar,0.904,2,0.121,-20.353,0,"Chopin: Nocturne No. 6 in G Minor, Op. 15 No. 3",18,1928,0.0482,74.642
0.0612,1928,0.993,"['Frédéric Chopin', 'Vladimir Horowitz']",0.269,118800,0.0827,0,2rwEFYP6zqfQXD0dqbqwZl,0.927,8,0.107,-24.994,1,Allegretto in A-Flat Major,16,1928,0.0374,124.069
0.7759999999999999,1928,0.846,['Benny Goodman Sextet'],0.665,173333,0.665,0,3PLwHVg2COn0zkxdGOL1TM,0.762,5,0.154,-9.738,1,Rachel's Dream,12,1928,0.0353,140.922
0.894,1928,0.991,['Ted Lewis'],0.7170000000000001,179067,0.366,0,3eqcLbADjBNmtSiuig4Xip,0.515,10,0.0758,-8.299,1,Royal Garden Blues,13,1928,0.054000000000000006,95.132
0.242,1928,0.945,"['Frédéric Chopin', 'Vladimir Horowitz']",0.241,159093,0.13699999999999998,0,4XBWKuOISkknpwgvux1xmo,0.865,5,0.153,-19.618,0,Allegro con fuoco,14,1928,0.0284,87.03299999999999
0.226,1928,0.977,['William Warfield'],0.277,214333,0.326,0,7Li8KWyCtAvOJ6DVJJ3xh9,0.21,0,0.279,-10.64,1,Ol' Man River,10,1928,0.0342,88.448
0.959,1928,0.912,['Louis Armstrong & His Savoy Ballroom Five'],0.7809999999999999,178867,0.436,0,7b2U8CULjVcUPn9ttwgBVU,0.805,5,0.114,-10.089,0,Beau Koo Jack,12,1928,0.104,120.689
0.747,1928,0.949,['Louis Armstrong & His Hot Five'],0.794,205200,0.269,0,0BiJQ3TJW5aeo258qHu6TP,0.68,7,0.0629,-10.719,1,Savoy Blues,11,1928,0.0482,128.424
0.608,1928,0.919,['Blind Willie Johnson'],0.68,190533,0.398,0,0KyHC49EnNrjg2jDGInIYY,0.0787,2,0.0938,-12.86,0,Praise God I'm Satisfied,13,1928,0.0589,138.998
0.141,1928,0.987,"['Frédéric Chopin', 'Arthur Rubinstein']",0.308,292040,0.0176,0,0UNN2MwONHDnyTId3akebe,0.929,1,0.194,-18.098,1,"Chopin: Nocturne No. 7 in C-Sharp Minor, Op. 27 No. 1",12,1928,0.0356,81.04
0.0589,1928,0.981,"['Frédéric Chopin', 'Arthur Rubinstein']",0.295,283173,0.0646,0,0yanoRKQsbN1vObKz3OQpU,0.845,0,0.0931,-21.6,1,"Chopin: Nocturne No. 13 in C Minor, Op. 48 No. 1",11,1928,0.0475,74.429
0.0637,1928,0.994,"['Frédéric Chopin', 'Arthur Rubinstein']",0.334,397280,0.0435,0,1JQJisbyySFbJVQtNiUGAH,0.929,9,0.177,-23.385,0,"Chopin: Nocturne No. 12 in G Major, Op. 37 No. 2",10,1928,0.0435,59.179
0.285,1928,0.995,"['Frédéric Chopin', 'Arthur Rubinstein']",0.515,293920,0.0102,0,1g9nYSGv7p2lsAx0ReD57u,0.9,3,0.13699999999999998,-23.193,1,"Chopin: Nocturne No. 11 in G Minor, Op. 37 No. 1",11,1928,0.0549,130.589
0.353,1928,0.986,['Louis Armstrong'],0.537,187400,0.257,0,28s2NC1jme2TWW9HP5Qixo,0.0938,9,0.273,-11.386,0,I Surrender Dear,14,1928,0.0436,105.592
0.519,1928,0.802,['Louis Armstrong & His Hot Five'],0.607,182027,0.36,0,2NcrMDcyq8GdbJRbN5glYz,0.441,8,0.14400000000000002,-9.751,1,I'm Not Rough,14,1928,0.163,101.901
0.8190000000000001,1928,0.863,"['Louis Armstrong', 'Earl Hines']",0.8320000000000001,164973,0.28800000000000003,0,3xCM9RLOLPIze3YDbjDi17,0.664,8,0.14300000000000002,-11.539,1,Weather Bird,15,1928,0.0972,103.449
0.503,1928,0.872,['Louis Armstrong & His Savoy Ballroom Five'],0.7709999999999999,192000,0.233,0,6RlqlqtYqQdFm72j9KhKL2,0.00209,2,0.0458,-12.267,1,Tight Like This,10,1928,0.111,114.123
0.101,1928,0.99,"['Frédéric Chopin', 'Arthur Rubinstein']",0.274,230920,0.0253,0,739ilst05HjyFKN08Y3TeE,0.892,5,0.0753,-20.313,1,"Chopin: Nocturne No. 4 in F Major, Op. 15 No. 1",12,1928,0.0363,81.955
0.627,1928,0.933,['Benny Goodman'],0.606,172893,0.8270000000000001,0,1K2ZlQqdW2h6ax9fye2vaw,0.898,1,0.935,-9.035,1,King Porter Stomp,14,1928,0.174,118.9
0.7240000000000001,1928,0.967,['Benny Goodman Sextet'],0.7859999999999999,196907,0.41,0,22OHNw91UNanGHK19zrzoq,0.728,0,0.0956,-9.875,0,Flying Home,14,1928,0.0403,81.403
0.871,1928,0.979,['Louis Armstrong & His Hot Five'],0.7959999999999999,187427,0.397,0,2qpV8ilWGCYgIyuEfaRteU,0.843,8,0.0664,-9.771,1,Fireworks,11,1928,0.0846,117.474
0.6990000000000001,1928,0.295,['Louis Armstrong'],0.493,201893,0.4,0,3Ov9UHEBxvxXzYEYG9Ej75,0.0,0,0.219,-15.175,1,Mack the Knife,16,1928,0.165,178.137
0.569,1928,0.944,['Louis Armstrong & His Hot Five'],0.682,187307,0.196,0,3YM0P5iReUACNu02fp2Ylx,0.69,3,0.107,-13.627,1,Skip the Gutter,9,1928,0.0796,122.62
0.8370000000000001,1928,0.974,"['Louis Armstrong & His Hot Seven', 'Carroll Dickerson Orchestra']",0.531,200333,0.319,0,7oDm0X9r6FDGwHv0VsLH4p,0.0244,3,0.275,-10.174,1,No One Else But You,8,1928,0.12,191.732
0.15,1928,0.991,"['Frédéric Chopin', 'Arthur Rubinstein']",0.274,286880,0.0192,0,1qWPhQVc84Wro5UZ0I16sD,0.905,1,0.118,-26.425,1,"Chopin: Nocturne No. 14 in F-Sharp Minor, Op. 48 No. 2",10,1928,0.0386,71.367
0.18600000000000005,1928,0.988,"['Frédéric Chopin', 'Arthur Rubinstein']",0.431,282693,0.0352,0,204xlmr8zqA1SF9OFgtnzq,0.88,5,0.308,-20.592,0,"Chopin: Nocturne No. 15 in F Minor, Op. 55 No. 1",10,1928,0.0429,79.207
0.488,1928,0.916,['Benny Goodman'],0.539,283267,0.392,0,6cvRdz7Th2zHM5l3UxuuVM,0.185,10,0.193,-9.886,0,Benny Rides Again,11,1928,0.0924,151.35399999999996
0.5429999999999999,1928,0.949,['Louis Armstrong & His Hot Seven'],0.732,202427,0.192,0,0sNNYazbrIR2BXXSpbhrvi,0.0181,0,0.0882,-12.792,1,Squeeze Me,8,1928,0.0499,91.332
0.8740000000000001,1928,0.893,"['Benny Goodman Sextet', 'Benny Goodman', 'Charlie Christian']",0.809,200867,0.485,0,1bs17mvzw3Q9YMhk9u6Eqy,0.755,5,0.0899,-9.615,1,Air Mail Special (Good Enough to Keep) (feat. Benny Goodman & Charlie Christian),10,1928,0.0375,115.533
0.4920000000000001,1928,0.967,"['Benny Goodman', 'Helen Ward']",0.488,170427,0.382,0,2PkoGtys2110U2Wtkv4Jnh,0.149,10,0.973,-10.347,1,You Turned The Tables On Me (with Helen Ward),10,1928,0.0392,115.336
0.0383,1928,0.984,['Benny Goodman'],0.223,170133,0.332,0,3yQQfTwnX90jjxaNJA90TL,0.853,4,0.946,-9.581,1,Goodbye,10,1928,0.043,62.153
0.934,1928,0.926,['Louis Armstrong & His Hot Five'],0.616,167133,0.391,0,5LIt0BTbf1lnidb0CTzKvx,0.8079999999999999,10,0.172,-10.491,1,Don't Jive Me,8,1928,0.0787,176.146
0.409,1928,0.981,['Benny Goodman Big Band'],0.421,258933,0.529,0,6zBudWcma03SHqOHV79K9B,0.8590000000000001,0,0.7390000000000001,-10.645,1,Don't Be That Way - Live,10,1928,0.0525,166.84099999999995
0.8859999999999999,1928,0.992,"['Louis Armstrong & His Hot Seven', 'Carroll Dickerson Orchestra']",0.82,161200,0.252,0,7KLfcjLshcWiqcWiSyI1HM,0.931,8,0.124,-10.823,1,Weather Bird (Rag),7,1928,0.116,104.488
0.33,1928,0.972,['Jim Jackson'],0.528,184398,0.134,0,0CFE7Ws0LnKZ1NS2RsSHnv,0.0,0,0.258,-16.706,1,Old Dog Blue - 2020 Remaster,6,1928,0.0712,113.485
0.885,1928,0.8590000000000001,['Louis Armstrong & His Savoy Ballroom Five'],0.645,196000,0.408,0,13hLlG7oMJYHXh316szb7c,0.426,10,0.107,-10.311,1,Heah Me Talkin' To Ya?,9,1928,0.174,200.204
0.305,1928,0.994,"['Frédéric Chopin', 'Vladimir Horowitz']",0.233,290520,0.0867,0,1PLnuNknKSwdtxClF3r0qH,0.911,1,0.0838,-19.924,0,"Mazurka in C-Sharp Minor, Op. 50, No. 3",7,1928,0.04,66.321
0.679,1928,0.863,['Louis Armstrong & His Savoy Ballroom Five'],0.821,171533,0.28300000000000003,0,1t4K3H6BxHK2ExdEBccikf,0.818,3,0.0745,-11.638,1,"No (Papa, No)",8,1928,0.0568,107.663
0.453,1928,0.942,['Louis Armstrong & His Hot Five'],0.703,176360,0.228,0,3PVERDLZoUqWqGsVgY8FbO,0.213,5,0.0632,-11.584,1,Two Deuces,7,1928,0.112,84.77600000000002
0.249,1928,0.926,['Louis Armstrong'],0.482,203827,0.127,0,03aHsmrkjLNMFujGhK7ZFd,0.000366,1,0.6609999999999999,-16.145,1,When It's Sleepy Time Down South - Live,9,1928,0.0454,67.09899999999999
0.596,1928,0.8390000000000001,"['Louis Armstrong & His Hot Seven', 'Carroll Dickerson Orchestra']",0.5820000000000001,194507,0.177,0,1dWicy59UCRwt5BrOD95p2,0.000192,0,0.161,-15.107,1,"Save It, Pretty Mama",7,1928,0.0784,109.123
0.531,1928,0.991,['Louis Armstrong & His Savoy Ballroom Five'],0.736,201307,0.284,0,2QPAj5EEADXYWuekjSm3J3,0.875,7,0.615,-14.431,1,Heah Me Talkin' To Ya?,6,1928,0.109,97.153
0.334,1928,0.956,"['Anita Darian', 'Louise Parker', 'The Merrill Staton Choir']",0.415,232467,0.29600000000000004,0,3KWXx84frlEGfvyDxiLyzJ,2.6e-06,3,0.0795,-10.431,1,Can't Help Lovin' Dat Man,6,1928,0.0334,120.34
0.224,1928,0.952,"['Barbara Cook', 'John Raitt']",0.31,187133,0.272,0,3RAU7qI3wgkhPgIA7Pr17l,1.22e-06,2,0.163,-12.513,1,Make Believe,6,1928,0.0376,74.056
0.223,1928,0.826,['Louis Armstrong'],0.414,277493,0.105,0,49LHJe8RmY5ViMMQj0aMdb,0.0119,0,0.269,-14.907,1,(What Did I Do To Be So) Black And Blue,9,1928,0.0549,72.332
0.927,1928,0.993,"['Louis Armstrong & His Hot Seven', 'Carroll Dickerson Orchestra']",0.7959999999999999,189827,0.341,0,4RTbpGFRtH9ilhHW1hpQe7,0.924,5,0.147,-14.505999999999998,1,Symphonic Raps,8,1928,0.0982,115.866
0.115,1928,0.992,"['Frédéric Chopin', 'Arthur Rubinstein']",0.325,369560,0.0308,0,5qfHstWgcvhatuB9QpuRrL,0.933,11,0.101,-22.827,1,"Chopin: Nocturne No. 17 in B Major, Op. 62 No. 1",7,1928,0.0428,58.515
0.885,1928,0.96,['Louis Armstrong & His Hot Five'],0.615,199267,0.381,0,7g1lWwx7QICuoMXDilI76j,0.0912,3,0.0899,-10.904000000000002,1,Sugar Foot Strut,7,1928,0.411,182.841
0.6809999999999999,1928,0.993,"['Louis Armstrong & His Hot Seven', 'Carroll Dickerson Orchestra']",0.58,203267,0.281,0,0B7bNPsGpu9tnPdR9CG5bG,0.8759999999999999,2,0.292,-13.078,1,Chicago Breakdown,6,1928,0.29100000000000004,167.104
0.6709999999999999,1928,0.993,"['Louis Armstrong & His Hot Seven', 'Carroll Dickerson Orchestra']",0.741,188533,0.15,0,1TbFgIgRWjbON6pcme7SYz,0.892,8,0.182,-16.104,1,Savoyagers' Stomp,4,1928,0.131,127.988
0.48,1928,0.99,['Tess Gardella'],0.654,182333,0.168,0,1W9csGp1HFTy5oCQiVW6Gl,4.06e-06,10,0.21600000000000005,-11.905,1,Can't Help Lovin' Dat Man (Bonus Track),4,1928,0.0544,119.322
0.696,1928,0.992,['Paul Whiteman'],0.465,192813,0.163,0,1XdkgaXgbr90Xn3NqXjIsN,0.0884,2,0.165,-17.296,1,Get Out and Get Under the Moon,8,1928,0.102,203.524
0.506,1928,0.984,['Louis Armstrong'],0.5579999999999999,196240,0.195,0,1iE8sEkR2B92zjCV5ppqbY,0.024,3,0.155,-15.156,1,Body and Soul,9,1928,0.0737,114.108
0.105,1928,0.988,"['Frédéric Chopin', 'Arthur Rubinstein']",0.301,301920,0.0849,0,2NAjEPj7jEEKV3Kcu4EYWY,0.908,1,0.221,-18.984,0,"Chopin: Nocturne No. 18 in E Major, Op. 62 No. 2",6,1928,0.0394,84.455
0.448,1928,0.953,['Leroy Carr'],0.631,183573,0.251,0,2RRJCy3RKJJHEerro7xhyt,1.51e-05,3,0.118,-12.264,1,"How Long, How Long Blues",5,1928,0.0487,85.463
0.0761,1928,0.962,"['John Raitt', 'Barbara Cook']",0.152,274533,0.25,0,2SPzxxV8ZlUd79mdJvRljM,0.00236,5,0.0928,-12.335,1,"You Are Love - from ""Show Boat""",5,1928,0.0366,77.234
0.408,1928,0.99,['Louis Armstrong & His Hot Five'],0.569,193440,0.122,0,2igRXy5yUVeHvC0Ge6oDAS,0.516,10,0.366,-12.82,1,Basin Street Blues,5,1928,0.0475,108.916
0.331,1928,0.83,['Louis Armstrong'],0.5539999999999999,284427,0.084,0,3hYU6uDveCfDhLIo6tMBGA,0.0,1,0.4320000000000001,-18.729,1,Rockin' Chair,9,1928,0.098,132.696
0.109,1928,0.989,"['Frédéric Chopin', 'Vladimir Horowitz']",0.332,266613,0.0584,0,45hgghuFZ5vorqP3eVV9Fz,0.9,3,0.114,-24.279,1,"Nocturne in E-Flat Major, Op. 9, No. 2",6,1928,0.0394,97.994
0.19,1928,0.988,"['Frédéric Chopin', 'Arthur Rubinstein']",0.265,246640,0.0319,0,4eKPhD2rDsqQ8vr7F63ykA,0.931,11,0.19,-21.779,1,"Chopin: Nocturne No. 19 in E Minor, Op. Posth. 72 No. 1",8,1928,0.0406,70.59100000000002
0.66,1928,0.95,['Louis Armstrong'],0.63,195267,0.262,0,5WFoJGZzIdM7MYrQy6IZGK,0.0571,5,0.129,-13.494000000000002,1,Sweethearts on Parade,8,1928,0.0602,123.435
0.86,1928,0.985,"['Louis Armstrong & His Hot Seven', 'Carroll Dickerson Orchestra']",0.618,197467,0.264,0,5eeqkfkJKUJNIAzIFufqH0,0.753,3,0.168,-14.893,1,Sugar Foot Strut,6,1928,0.403,182.159
0.5379999999999999,1928,0.963,['Louis Armstrong'],0.575,216867,0.258,0,6HO2IkbKw3B7seLRuMhZl7,0.154,8,0.09,-13.597,1,"Love, You Funny Thing",8,1928,0.0713,119.734
0.129,1928,0.991,"['Frédéric Chopin', 'Arthur Rubinstein']",0.422,275280,0.0318,0,6RHci6eRxZuccnPdsmcTLC,0.866,3,0.0796,-22.248,1,"Chopin: Nocturne No. 16 in E-Flat Major, Op. 55 No. 2",7,1928,0.0389,136.912
0.608,1928,0.993,['Louis Armstrong & His Hot Five'],0.644,178427,0.272,0,6cvauZ04XgN7pdoK5ausGf,0.8,8,0.151,-12.906,1,I'm Not Rough,10,1928,0.0774,103.509
0.415,1928,0.969,['Louis Armstrong & His Sebastian New Cotton Club Orchestra'],0.447,196840,0.155,0,6krFEkUJ7fCX1EjwAalWXP,0.00591,7,0.531,-16.823,1,Just a Gigolo,9,1928,0.0417,86.916
0.113,1928,0.992,"['Frédéric Chopin', 'Arthur Rubinstein']",0.33,502813,0.0751,0,0CnAeB785ldFfC1TBNEQ9I,0.889,11,0.0939,-21.187,0,"Chopin: Scherzo No. 1 in B Minor, Op. 20",5,1928,0.0407,74.86
0.274,1928,0.989,['Louis Armstrong & His Sebastian New Cotton Club Orchestra'],0.502,190067,0.117,0,0a6ViblykGj1T0okjbCHPD,0.205,3,0.104,-15.469,1,Memories of You,7,1928,0.0673,50.935
0.086,1928,0.988,"['Frédéric Chopin', 'Vladimir Horowitz']",0.297,531320,0.162,0,0bIl07xePQKNUUaF9GQHIl,0.873,7,0.718,-19.669,0,"Ballade No. 1 in G Minor, Op. 23",11,1928,0.0417,78.426
0.625,1928,0.99,['Paul Whiteman'],0.667,195973,0.161,0,0zxg4ndfa9LJrP8A8H0kOi,0.0817,10,0.0967,-17.311,1,I'm in the Seventh Heaven,3,1928,0.0388,100.957
0.329,1928,0.988,['Louis Armstrong'],0.459,187507,0.219,0,25LabdNU6OMDM4sqEdIoTF,0.425,7,0.142,-12.13,0,When Your Lover Has Gone,7,1928,0.0481,117.681
0.0746,1928,0.99,"['Frédéric Chopin', 'Arthur Rubinstein']",0.42,391387,0.14,0,2Ku1q0us2cHBRCWfjKkYZ7,0.8959999999999999,1,0.152,-16.076,1,"Chopin: Scherzo No. 3 in C-Sharp Minor, Op. 39",4,1928,0.039,76.612
0.324,1928,0.956,"['Barbara Cook', 'John Raitt']",0.241,153573,0.31,0,2RLMbCO3AUayYaryYPUfvr,0.000165,8,0.31,-11.425,1,Why Do I Love You?,3,1928,0.035,111.418
0.0909,1928,0.992,"['Frédéric Chopin', 'Arthur Rubinstein']",0.353,501947,0.0949,0,2bIkejlylgbHGXa2WLYzSy,0.878,6,0.225,-17.776,1,"Chopin: Barcarolle in F-Sharp Major, Op. 60",5,1928,0.0371,78.628
0.188,1928,0.979,['Anita Darian'],0.383,310933,0.106,0,3tpIhFcDMu1nliCGWCB9TJ,1.6899999999999994e-05,8,0.108,-15.902,1,Bill,4,1928,0.037000000000000005,99.885
0.6920000000000001,1928,0.989,['Louis Armstrong & His Savoy Ballroom Five'],0.792,172400,0.214,0,3zENdPe5SLQGkeeeLtO18x,0.906,3,0.13699999999999998,-13.607,1,"No (Papa, No)",4,1928,0.0516,105.582
0.966,1928,0.988,['Louis Armstrong & His Hot Seven'],0.8390000000000001,201360,0.333,0,5PgCZL8sufqg88EelURzxt,0.865,10,0.0913,-13.316,1,Knee Drops,4,1928,0.102,106.661
0.154,1928,0.993,"['Frédéric Chopin', 'Arthur Rubinstein']",0.468,235040,0.0516,0,5hU73xtHPpCI9WJ1D0ctb9,0.91,8,0.0956,-21.239,1,"Chopin: Waltz No. 2 in A-Flat Major, Op. 34 No. 1",5,1928,0.0438,70.402
0.182,1928,0.986,"['Frédéric Chopin', 'Arthur Rubinstein']",0.319,256053,0.0543,0,67EDgdsijn1eAJFbQs4rUF,0.972,1,0.115,-25.734,1,"Chopin: Berceuse in D-Flat Major, Op. 57",5,1928,0.0436,80.616
0.0635,1928,0.985,"['Frédéric Chopin', 'Arthur Rubinstein']",0.391,826347,0.0953,0,6K7MQF9gCm2MXgizHBjUrE,0.88,7,0.0977,-20.215,1,"Chopin: Andante spianato et Grande polonaise brillante, Op. 22 (Solo Piano Version)",5,1928,0.0357,78.181
0.635,1928,0.988,['Louis Armstrong & His Hot Seven'],0.573,172307,0.197,0,6UxzmT6eCgp0Ko7cvPvStt,0.8009999999999999,5,0.517,-13.941,1,Two Deuces,5,1928,0.0877,84.49700000000001
0.438,1928,0.992,['Louis Armstrong & His Savoy Ballroom Five'],0.738,196667,0.199,0,008gJLIYowhUcrEMEc8zQr,0.7979999999999999,1,0.0568,-11.82,0,Tight Like This,3,1928,0.0851,110.703
0.0647,1928,0.993,"['Frédéric Chopin', 'Arthur Rubinstein']",0.426,578120,0.0704,0,0AKa0gWvLeuIzBBlKvF4HL,0.804,4,0.241,-19.25,1,"Chopin: Scherzo No. 4 in E Major, Op. 54",4,1928,0.0415,97.714
0.5539999999999999,1928,0.977,['The Merrill Staton Choir'],0.467,182640,0.319,0,0ryFnFcmPVqQSvP2RQlUFG,0.101,6,0.117,-11.211,0,Cotton Blossom,2,1928,0.0265,85.787
0.531,1928,0.969,['Louis Armstrong & His Savoy Ballroom Five'],0.682,198040,0.168,0,0tZIXqGe17ZYIqmq7l6W5d,0.000745,9,0.266,-15.3,0,St. James Infirmary,4,1928,0.0927,112.221
0.882,1928,0.992,['Louis Armstrong & His Savoy Ballroom Five'],0.764,181093,0.396,0,17cuCIvOvvZTQJPPBuRrlX,0.882,3,0.152,-10.448,1,Beau Koo Jack,3,1928,0.0975,118.025
0.128,1928,0.989,"['Frédéric Chopin', 'Vladimir Horowitz']",0.264,215667,0.0715,0,1vkaX4ONg3XZ84q3R8U8qe,0.841,4,0.0722,-24.0,1,"Lento, ma non troppo",8,1928,0.0349,79.63
0.908,1928,0.986,['Ted Weems & His Orchestra'],0.67,180587,0.428,0,1zp0BmM7KmjEOYLGKqFc8G,0.0708,8,0.126,-11.312,1,That's My Girl,4,1928-07-01,0.0417,119.332
0.255,1928,0.989,['Paul Whiteman'],0.256,212333,0.0916,0,2H5ByJylVmyTdrDnSNf6Oy,0.384,7,0.294,-20.47,1,Lover Come Back to Me,2,1928,0.0486,192.653
0.301,1928,0.969,"['Jack Dabdoub', 'The Merrill Staton Choir']",0.491,211507,0.422,0,2IH7lV0Ck75pRbSk0uPMsu,0.0145,5,0.327,-10.376,1,Finale Act I,2,1928,0.0498,104.146
0.153,1928,0.936,"['Show Boat Orchestra (1962)', 'Franz Allers']",0.237,297227,0.3,0,2Jhs2ZeFFA2mXDjz9Vaq3V,0.916,2,0.456,-10.423,1,Overture,2,1928,0.0345,122.531
0.327,1928,0.989,['Helen Morgan'],0.374,237000,0.112,0,2LIuisUmByKcGMviSnGgI2,0.0,10,0.157,-15.183,1,Bill (Bonus Track),3,1928,0.0582,93.65
0.309,1928,0.954,"['Barbara Cook', 'The Merrill Staton Choir']",0.224,179973,0.28800000000000003,0,2Nd4y5H07zsxJEVJoKU6dG,1.1e-05,3,0.386,-11.781,1,After the Ball,3,1928,0.0342,96.752
0.517,1928,0.987,"['Frédéric Chopin', 'Vladimir Horowitz']",0.221,121240,0.251,0,2smPzeSoTcnE9g2jpPvNCm,0.913,1,0.24,-20.458,0,"Étude in C-Sharp Minor, Op. 10, No. 4",7,1928,0.0302,170.12400000000005
0.6779999999999999,1928,0.953,"['Fay De Witt', 'The Merrill Staton Choir']",0.565,172360,0.294,0,3wu7LV9QfCc2HEJyMrjjhc,0.0,3,0.0637,-12.794,1,Life Upon the Wicked Stage,3,1928,0.0563,79.39
0.417,1928,0.976,"['William Warfield', 'The Merrill Staton Choir']",0.294,139000,0.397,0,58p6fdWRd6O74qE681xdFc,0.57,1,0.08199999999999999,-9.63,1,Finale Act II: Ol' Man River (Reprise),2,1928,0.0339,77.937
0.818,1928,0.992,"['Louis Armstrong & His Hot Seven', 'Carroll Dickerson Orchestra']",0.524,202067,0.271,0,5TlHlSaNgEYzO5DyP8mqNZ,0.618,10,0.416,-12.233,1,No One Else But You,3,1928,0.168,188.723
0.119,1928,0.988,"['Frédéric Chopin', 'Arthur Rubinstein']",0.443,497733,0.117,0,5iOHED20d3IInndK2yW3kT,0.861,1,0.238,-17.453,1,"Chopin: Scherzo No. 2 in B-Flat Minor, Op. 31",5,1928,0.0401,99.278
0.477,1928,0.86,['Leroy Carr'],0.7090000000000001,210587,0.244,0,5nTh4iHJxGkaude9COIp88,0.0,8,0.0827,-10.693,1,Blues Before Sunrise,2,1928,0.0421,75.73100000000002
0.512,1928,0.993,['Louis Armstrong & His Hot Seven'],0.71,168400,0.0615,0,5ntOQgkpSHjuHqyfRH2Hpo,0.675,10,0.161,-15.027,1,Muggles,3,1928,0.0523,85.648
0.13,1928,0.979,"['Frédéric Chopin', 'Vladimir Horowitz']",0.366,200680,0.0563,0,5q4vHS4BJswbXeq9NUkkF9,0.8959999999999999,4,0.119,-25.706,1,"Étude in E Minor, Op. 25, No. 5",4,1928,0.0393,108.023
0.53,1928,0.994,['Louis Armstrong & His Hot Seven'],0.715,200000,0.124,0,6SAzwoD50mvwA0CL9QQ415,0.619,0,0.127,-15.295,1,Squeeze Me,4,1928,0.0768,92.129
0.433,1928,0.988,"['Roger Quilter', 'John Heddle Nash']",0.54,152600,0.102,0,6WBXyRc3ynwvRHiBWudVLo,2.13e-06,4,0.0819,-18.555,1,It Was a Lover and His Lass,1,1928,0.0792,73.516
0.234,1928,0.947,['John Raitt'],0.333,122733,0.146,0,6rd3MB90B6JcMzSsxTVX5P,0.000426,2,0.265,-16.99,1,Where's the Mate for Me?,3,1928,0.0353,75.372
0.636,1928,0.991,"['Louis Armstrong & His Hot Seven', 'Carroll Dickerson Orchestra']",0.569,199040,0.145,0,7ixyplzTe0yXlErTPCgiFH,0.172,0,0.239,-16.917,1,"Save It, Pretty Mama",3,1928,0.0696,105.486
0.613,1928,0.978,['Ignacio Corsini'],0.5770000000000001,146880,0.269,0,00CtR42p0MqXmjD2KqS4av,0.000136,5,0.14800000000000002,-16.844,1,Ramona - Remasterizado,0,1928-05-14,0.162,131.096
0.826,1928,0.991,['Ignacio Corsini'],0.645,115160,0.233,0,00xd0ZyPIJzMsH4hagU42Z,0.0,1,0.133,-18.419,1,Malandrin - Remasterizado,0,1928-05-14,0.183,62.463
0.301,1928,0.991,"['Robert Schumann', 'Vladimir Horowitz']",0.28600000000000003,102960,0.109,0,01ac4lVxoX1fqy06BwlkPc,0.911,10,0.14800000000000002,-19.549,1,"Humoreske, Op. 20: Hastig",0,1928,0.0336,82.44
0.54,1928,0.995,"['Francisco Canaro', 'Charlo']",0.669,177000,0.141,0,02adYtFMlhp7IpdxRj23TL,0.483,7,0.124,-12.7,1,"Seria, Seriola - Remasterizado",0,1928-09-25,0.0602,114.58
0.511,1928,0.994,"['Guy Lombardo', 'Louisiana Rhythm Kings']",0.8640000000000001,200709,0.032,0,03HnAujTxMGDrprhIYb9ST,0.0228,5,0.107,-15.954,0,Love Me Or Leave Me,1,1928-01-01,0.123,125.796
0.809,1928,0.993,"['Francisco Canaro', 'Charlo']",0.743,166507,0.232,0,03Qa05M3eUKGGfoPdUKlAO,0.721,11,0.108,-14.15,1,Sandia Calada - Remasterizado,0,1928-09-24,0.221,112.365
0.893,1928,0.994,['Carl Woitschach'],0.85,178259,0.438,0,03hqEHCXnH8AebdZtIYWAe,0.904,3,0.236,-7.485,1,Taxis Marsch,0,1928,0.0764,116.072
0.0787,1928,0.996,"['Frédéric Chopin', 'Vladimir Horowitz']",0.313,268213,0.0731,0,03o8T24WR95iIF8IVLQkxU,0.899,10,0.0898,-19.53,0,"Mazurka in B-Flat Minor, Op. 24, No. 4",0,1928,0.04,101.228
0.706,1928,0.994,['Francisco Canaro'],0.7909999999999999,170000,0.15,0,03w0JAy22hxUDRKLNPradE,0.5529999999999999,11,0.22,-12.255999999999998,1,Un Sueño - Instrumental (Remasterizado),0,1928-10-03,0.112,116.326
0.519,1928,0.8029999999999999,['H.P. Lovecraft'],0.701,137900,0.217,0,04Bu0bNqImbszwh9OnvJD1,0.0,8,0.153,-12.834,0,Capítulo 7.3 - la Casa Maldita,0,1928,0.945,96.97
0.684,1928,0.945,['Leroy Carr'],0.669,176320,0.195,0,04E8I8iz5Bs7IpRJw3GtOF,1.53e-06,8,0.17600000000000002,-11.458,1,Eleven Twenty-Nine Blues,0,1928,0.0713,112.322
0.6509999999999999,1928,0.985,['Ignacio Corsini'],0.655,138493,0.294,0,04OcUar0qUoytG9xkHgjCG,0.0575,8,0.109,-17.158,1,Trigueñita - Remasterizado,0,1928-05-14,0.0753,106.162
0.966,1928,0.996,['Francisco Canaro'],0.677,138307,0.218,0,056FQRNEsN4J0xUke9p7tG,0.92,9,0.11,-20.544,1,Quedate Quieta - Instrumental (Remasterizado),0,1928-09-17,0.21,72.108
0.53,1928,0.133,['Dj Native-SA'],0.847,350236,0.368,0,05s6oMETCN31vuBtSNyTGb,0.0,5,0.133,-5.973,0,Rainy Clouds,0,1928-08-20,0.0649,122.044
0.888,1928,0.994,['Ignacio Corsini'],0.527,151733,0.299,0,07URNT68nWTIq2zFXyopCi,0.00123,11,0.16899999999999998,-19.459,0,Che Papusa Oí - Remasterizado,0,1928-05-14,0.0863,126.708
0.481,1928,0.623,['H.P. Lovecraft'],0.736,130200,0.256,0,07akD0l9xOzvuosXQJx4xI,0.0,8,0.14400000000000002,-14.071,1,Capítulo 1.4 - la Casa Maldita,0,1928,0.946,89.806
0.157,1928,0.988,"['Frédéric Chopin', 'Vladimir Horowitz']",0.295,568840,0.1,0,08N5NhqeeGXEwF6zFPffFe,0.867,1,0.0905,-18.444000000000006,1,"Scherzo No. 2 in B-Flat Minor, Op. 31",1,1928,0.0482,170.916
0.738,1928,0.995,"['Francisco Canaro', 'Charlo']",0.815,190507,0.0874,0,08hUIUWgcCkeLcpnYrCqeK,0.8440000000000001,7,0.102,-14.095999999999998,1,El Manisero - Remasterizado,0,1928-09-25,0.0906,117.145
0.473,1928,0.5720000000000001,['H.P. Lovecraft'],0.708,149900,0.215,0,08i6R3zRuUMSiH0XgrcJYt,0.0,0,0.135,-12.996,1,Capítulo 1.1 - la Casa Maldita,0,1928,0.927,133.564
0.098,1928,0.992,"['Sergei Rachmaninoff', 'Vladimir Horowitz']",0.434,372027,0.228,0,09J1R6PtBGLPwKam8mpFtv,0.8590000000000001,3,0.746,-17.277,1,"Piano Sonata No. 2 in B-Flat Minor, Op. 36: III. L'istesso tempo - Allegro molto",0,1928,0.0354,105.336
0.444,1928,0.733,['H.P. Lovecraft'],0.7070000000000001,138300,0.193,0,09V1w0C5nldAH5Se6Dsr0Q,0.0,8,0.114,-14.041,1,Capítulo 9.2 - la Casa Maldita,0,1928,0.952,91.359
0.672,1928,0.615,['Seweryn Goszczyński'],0.7170000000000001,109700,0.253,0,09b9ySV4WIlf0OQ2ur2klc,0.0,1,0.125,-17.445999999999998,0,Chapter 2.12 - Zamek kaniowski,0,1928,0.956,62.817
0.649,1928,0.961,['Leroy Carr'],0.738,168933,0.228,0,09fDJWIEYy8FLmG2KH1wC8,4.11e-06,10,0.162,-13.466,1,Southbound Blues,0,1928,0.0518,98.015
0.7959999999999999,1928,0.993,"['Moritz Moszkowski', 'Vladimir Horowitz']",0.491,131467,0.193,0,09jMvITUyUqIT6lQlUFvwM,0.899,10,0.237,-18.691,1,"Etincelles, Op. 36, No. 6",0,1928,0.0458,80.686
0.359,1928,0.989,"['Frédéric Chopin', 'Vladimir Horowitz']",0.232,87640,0.0877,0,0AFdrOQJo6tlmoTmz06QXq,0.838,10,0.0872,-29.214,0,"Piano Sonata No. 2, Op. 35: IV. Finale. Presto",0,1928,0.0331,131.743
0.8909999999999999,1928,0.863,"[""Marcel's""]",0.7859999999999999,192053,0.319,0,0BcnYAvwdH9WNcQhkSWnts,0.00055,3,0.0469,-11.246,1,Le Tango De Lola,0,1928,0.038,106.109
0.585,1928,0.14400000000000002,['Dj Shungi'],0.665,437144,0.937,0,0C08xac66O9NkuDnvilRsT,0.349,9,0.0554,-4.385,0,Setlogolo Saga Lekwadu - Jevido Del Cee. Vudoo Mix,0,1928-08-20,0.048,123.029
0.8959999999999999,1928,0.994,"['Francisco Canaro', 'Luis Scalon']",0.743,169907,0.203,0,0C4XVOWXyYRNyipPK86xQJ,0.867,7,0.134,-13.203,1,Carro Viejo - Remasterizado,0,1928-09-16,0.0917,116.195
0.278,1928,0.992,['Osman Bey'],0.406,168015,0.449,0,0CW2Q0ooz3O3K8A6PJHfg6,0.853,9,0.466,-18.79,1,Yeter Artık,0,1928-12-04,0.573,78.368
0.812,1928,0.995,"['Francisco Canaro', 'Charlo']",0.7759999999999999,176120,0.204,0,0Cp8zWAmqnpNLHC5sd9MRY,0.404,11,0.117,-14.047,0,Tango Lindo - Remasterizado,0,1928-09-16,0.0565,111.159
0.54,1928,0.956,"['Pietro Mascagni', 'Mitglieder der Staatskapelle Berlin']",0.29600000000000004,238707,0.3,0,0CrLahmXy7CUCsWUDc5QeM,0.895,9,0.155,-17.072,1,Le maschere: Overture - Excerpt,0,1928-01-01,0.0499,78.262
0.862,1928,0.994,"['Francisco Canaro', 'Charlo']",0.846,179107,0.205,0,0DLil6bKPdcG8fT3jNONAm,0.0237,11,0.218,-11.15,1,Quema Estas Cartas - Remasterizado,0,1928-09-16,0.0607,114.856
0.889,1928,0.983,['Ignacio Corsini'],0.7240000000000001,120333,0.366,0,0DY1alb4SeEv4YC2oLzbdf,7.42e-05,9,0.15,-17.166,1,Fierro Chifle - Remasterizado,0,1928-05-14,0.398,65.865
0.6579999999999999,1928,0.939,['Agustin Magaldi'],0.711,121185,0.251,0,0Dm1ZG1XGPv641PXaBgxoE,0.0,8,0.476,-13.372,1,Portero Suba y Diga,0,1928-01-12,0.181,117.285
0.711,1928,0.767,['Seweryn Goszczyński'],0.742,124300,0.242,0,0DxCKP9Rdto52vfvAg3yuZ,0.0,6,0.121,-18.559,1,Chapter 2.9 - Zamek kaniowski,0,1928,0.931,115.29
0.047,1928,0.98,"['Frédéric Chopin', 'Vladimir Horowitz']",0.246,213800,0.123,0,0DyDdbyUL59ocP5bqDlk3E,0.721,6,0.353,-18.687,1,"Nocturne in F-Sharp Major, Op. 15, No. 2",0,1928,0.0332,80.01899999999998
0.674,1928,0.993,['Paul Whiteman'],0.581,171920,0.138,0,0E1hTfkjtUoY6gyRu9KaGg,0.779,1,0.0847,-17.279,1,How About Me?,0,1928,0.0439,98.697
0.732,1928,0.995,"['Francisco Canaro', 'Charlo']",0.725,170000,0.2,0,0E5tqJq0ShcgIOByzMO82v,0.4370000000000001,2,0.112,-9.056,1,Flor de Ceibo - Remasterizado,0,1928-09-25,0.0788,114.384
0.139,1928,0.994,"['Muzio Clementi', 'Vladimir Horowitz']",0.271,233000,0.0428,0,0EQxUUdD08A9q6YOXFCibU,0.867,6,0.0854,-28.673,0,"Sonata, Op. 26, No. 2 in F-Sharp Minor: I. Piuttosto allegro con espressione",0,1928,0.0398,84.23700000000002
0.0519,1928,0.987,"['Samuel Barber', 'Vladimir Horowitz']",0.141,392240,0.263,0,0Eh4am6TElBKTbU4THjl6t,0.898,11,0.157,-19.383,1,"Piano Sonata in E-Flat Minor, Op. 26: I. Allegro energico",0,1928,0.0368,69.11
0.0488,1928,0.996,"['Alexander Scriabin', 'Vladimir Horowitz']",0.319,326067,0.155,0,0Ej3jxkJli8EbfcRBp4Brr,0.917,4,0.126,-18.728,1,"Sonata No. 3, Op. 23 in F-Sharp Minor: IV. Presto con fuoco; Meno mosso",0,1928,0.036000000000000004,66.947
0.14400000000000002,1928,0.98,"['Carl Maria von Weber', 'Berliner Philharmoniker', 'Hans Pfitzner']",0.253,506893,0.287,0,0F3HecwuDrikMzDckluvIN,0.901,10,0.222,-13.996,1,"""Jubel"" - Overture, Op. 59",0,1928-01-01,0.0453,70.658
0.81,1928,0.8270000000000001,['Leroy Carr'],0.737,175933,0.273,0,0F7lqiKeFmpHM1LCEEuGPK,0.0,3,0.222,-10.432,1,Don't Start No Stuff,0,1928,0.0569,85.23899999999998
0.8759999999999999,1928,0.986,"['Francisco Canaro', 'Charlo']",0.847,181507,0.245,0,0FQlYr2vgKmB1xcwcVOsux,0.0133,3,0.112,-12.628,1,Haragán - Remasterizado,0,1928-09-25,0.311,113.327
0.903,1928,0.988,['Ignacio Corsini'],0.693,165693,0.315,0,0FoM1f9LJswtAy5BzdPeuS,0.0,4,0.16899999999999998,-15.164,1,Artículo de Lujo - Remasterizado,0,1928-05-14,0.0677,125.994
0.0791,1928,0.996,"['Frédéric Chopin', 'Vladimir Horowitz']",0.249,267533,0.0905,0,0G2Sgpua9sNtUZlEpQJfYz,0.926,10,0.0939,-17.755,0,"Mazurka in B-Flat Minor, Op. 24, No. 4",0,1928,0.0409,63.633
0.512,1928,0.632,['H.P. Lovecraft'],0.715,133533,0.18,0,0GiRp9XdFoM1Xhh6uya2EM,0.0,7,0.159,-13.45,1,Capítulo 9.5 - la Casa Maldita,0,1928,0.936,129.256
0.527,1928,0.991,"['Roger Quilter', 'John Heddle Nash']",0.483,104867,0.17,0,0GsHOzgXnGt3Uqvk9o2hln,0.0032700000000000003,9,0.107,-14.501,0,Hey Ho! The Wind and the Rain,0,1928,0.0585,169.43900000000005
0.654,1928,0.696,['Seweryn Goszczyński'],0.716,117500,0.225,0,0GsenYTKwrV6ayFQa54csl,0.0,1,0.0838,-20.075,1,Chapter 4.14 - Zamek kaniowski,0,1928,0.945,111.526
0.713,1929,0.586,['Louis Armstrong'],0.6729999999999999,201467,0.377,0,0RNxWy0PC3AyH4ThH3aGK6,0.0,0,0.332,-14.140999999999998,1,Mack the Knife,52,1929,0.0697,88.973
0.7659999999999999,1929,0.931,['Louis Armstrong'],0.579,183960,0.203,0,57sdRcA5sfIFOKFjReXp2P,0.00274,0,0.0787,-12.630999999999998,1,I Can't Believe That You're In Love With Me,37,1929,0.0745,157.885
0.833,1929,0.993,['James Piano Bar'],0.331,124153,0.17800000000000002,0,3sk6TBYYT4IhOcR0cnZBpT,0.97,10,0.114,-20.22,1,Should I,17,1929,0.0507,70.822
0.7609999999999999,1929,0.969,['Louis Armstrong'],0.613,213747,0.299,0,0aw99UsibmjflF3JDLpTdX,0.513,1,0.051,-11.0,1,Stardust,15,1929,0.0542,122.288
0.733,1929,0.922,['Louis Armstrong'],0.565,174960,0.281,0,2Tazx8apZYKmAGqDDY52Ap,0.448,0,0.0897,-12.333,0,All Of Me,16,1929,0.0403,138.351
0.478,1929,0.98,['Memphis Minnie & Kansas Joe'],0.7040000000000001,188693,0.281,0,4xBdBFqfdZAeCRLmQpXTYb,0.161,7,0.103,-10.623,0,When The Levee Breaks,10,1929,0.0399,96.666
0.37,1929,0.985,['Louis Armstrong'],0.532,195200,0.135,0,03NMPEY0DFC5XcdIYVFmRg,0.0457,5,0.418,-13.929,1,I've Got The World On A String,12,1929,0.0438,129.605
0.236,1929,0.992,['Louis Armstrong & His Sebastian New Cotton Club Orchestra'],0.563,192053,0.145,0,2eEZeEOcCtJOvg2PZubsn5,0.1,3,0.104,-14.257,1,Memories Of You,12,1929,0.0514,107.343
0.7879999999999999,1929,0.995,['Memphis Minnie'],0.773,169360,0.276,0,6AOFlwjqqFIrjlSFQNHkHk,3.69e-05,10,0.192,-10.834,1,Blues Everywhere,9,1929,0.0441,107.298
0.621,1929,0.948,['Louis Armstrong & His Savoy Ballroom Five'],0.64,213200,0.118,0,6PaL5jAlkdeLrU9B5Lb3o1,0.461,7,0.08199999999999999,-13.140999999999998,1,I Can't Give You Anything But Love,12,1929,0.0743,107.711
0.4970000000000001,1929,0.959,['Louis Armstrong'],0.5489999999999999,183467,0.308,0,4iWVckKLpNVsudGsYuh5t1,0.0163,4,0.114,-9.631,0,Lazy River,11,1929,0.0647,101.471
0.458,1929,0.982,['Louis Armstrong'],0.5529999999999999,196453,0.202,0,1DuHDj6Vo2HW5gCpSlad37,0.0342,3,0.152,-15.17,1,Body and Soul,11,1929,0.0923,111.582
0.65,1929,0.383,['Louis Armstrong'],0.614,210787,0.363,0,2Rz9VA1rnpEBcNl1WNAlAy,1.39e-06,0,0.964,-11.049,1,On The Sunny Side Of The Street - Live,11,1929,0.0541,120.855
0.473,1929,0.966,['Louis Armstrong'],0.45,184787,0.242,0,3PPxSOwPdWm60TaHFIWfGq,0.0673,7,0.229,-11.483,0,When Your Lover Has Gone,10,1929,0.0418,120.255
0.625,1929,0.934,['Memphis Minnie'],0.767,177667,0.41,0,3veyQczUxDcLmLTthkte0C,0.000113,11,0.116,-10.3,1,Fashion Plate Daddy,7,1929,0.0738,87.67
0.8,1929,0.975,"[""Prince Albert Hunt's Texas Ramblers""]",0.473,175491,0.366,0,6ht487v7RBVw7W4RBrensd,0.085,2,0.37,-10.968,1,Wake Up Jacob - 2020 Remaster,6,1929,0.035,131.434
0.341,1929,0.848,['Louis Armstrong'],0.5479999999999999,284840,0.0708,0,76hp4aC6NUuGRWZz7eWM7n,0.0,1,0.481,-19.893,1,Rockin' Chair - Live,10,1929,0.115,132.567
0.0859,1929,0.97,"['Sergei Rachmaninoff', 'Leopold Stokowski']",0.226,585293,0.0756,0,3Fl5dStZ1KRapkIGigLpuQ,0.873,0,0.262,-22.419,0,"Concerto for Piano and Orchestra No. 2 in C Minor, Op. 18: I. Moderato - Piu vivo - Maestoso - Moderato",6,1929,0.0349,75.11
0.6579999999999999,1929,0.968,['Memphis Minnie'],0.852,163400,0.251,0,6aY4141DmGjDWKjd3iencb,4.38e-05,10,0.142,-9.615,1,Has Anyone Seen My Man?,7,1929,0.0472,111.633
0.799,1929,0.992,['Memphis Minnie'],0.795,167040,0.276,0,6iZguKPKxwY8bL7cL2UMv7,0.00242,10,0.117,-8.04,1,I'd Rather See Him Dead,5,1929,0.0465,103.003
0.0432,1929,0.97,"['Sergei Rachmaninoff', 'Leopold Stokowski']",0.172,646907,0.0551,0,5T9i4xNUH4NOqHHfY5mi6i,0.8490000000000001,4,0.277,-26.9,1,"Concerto for Piano and Orchestra No. 2 in C Minor, Op. 18: II. Adagio sostenuto",2,1929,0.0347,95.957
0.967,1929,0.991,['Memphis Minnie'],0.768,168533,0.419,0,5u1YSZCkL4HL3qx3SxnM6l,0.723,6,0.416,-10.36,1,Joe Louis Strut,4,1929,0.0396,118.731
0.78,1929,0.404,['Эрнест Хемингуэй'],0.693,284853,0.177,1,00CzULkOn4eTAHccWzDf0B,0.0,7,0.446,-20.185,1,Часть 70.2 & Часть 71.1 - Прощай оружие,0,1929,0.868,100.997
0.624,1929,0.313,['Эрнест Хемингуэй'],0.722,97140,0.226,1,00MTFrIN7iVmuXSrk7uZHo,0.0,7,0.4370000000000001,-19.923,1,Часть 81.4 & Часть 82.1 - Прощай оружие,0,1929,0.914,115.741
0.531,1929,0.993,"['Francisco Canaro', 'Charlo']",0.665,185000,0.132,0,00PPopDfcYt0QOu8vxMqm5,0.034,2,0.139,-12.762,1,Rumoreando - Remasterizado,0,1929-11-06,0.0612,116.389
0.741,1929,0.385,['Эрнест Хемингуэй'],0.6459999999999999,377066,0.236,1,014ramzUKwy8uKgVF933wg,0.0,10,0.378,-17.929000000000006,0,Часть 48.2 & Часть 49.1 - Прощай оружие,0,1929,0.921,81.726
0.73,1929,0.995,['Ignacio Corsini'],0.34700000000000003,164973,0.28800000000000003,0,01Ec9XLC6ZMNAK9KuQFMZh,0.906,7,0.171,-19.269,1,No Me Abandones - Remasterizado,0,1929-06-19,0.0343,64.835
0.5870000000000001,1929,0.271,['Эрнест Хемингуэй'],0.718,117200,0.187,1,02DDXfYNFB7VduiCxebYAq,0.0,0,0.52,-21.856,1,Часть 84.2 - Прощай оружие,0,1929,0.856,126.444
0.423,1929,0.0159,['Эрих Мария Ремарк'],0.77,103174,0.318,1,02jky6A7PPkf7LaU4sxiJK,0.0,0,0.0424,-18.256,1,Часть 8.3 - На Западном фронте без перемен,0,1929,0.927,83.415
0.7390000000000001,1929,0.889,['Eugénie Buffet'],0.596,189057,0.241,0,03jhOCrZUHaJ3hdbDJpTrY,0.0,9,0.0512,-12.793,1,La Sérénade Du Pavé,0,1929,0.0482,109.681
0.59,1929,0.0587,['Эрих Мария Ремарк'],0.7240000000000001,175800,0.293,1,03zFuXbWXhc3yKnE3npAZ0,0.0,1,0.337,-17.416,1,Часть 30.2 - На Западном фронте без перемен,0,1929,0.8540000000000001,121.603
0.507,1929,0.12,['Эрнест Хемингуэй'],0.634,144124,0.235,1,04NdEquVv7jDz4kvqFXbC6,0.0,7,0.4320000000000001,-22.768,1,Часть 82.4 & Часть 83.1 - Прощай оружие,0,1929,0.912,83.40899999999998
0.0739,1929,0.97,"['Richard Strauss', 'Elisabeth Ohms', 'Adele Kern', 'Elfriede Marherr', 'Unknown Orchestra', 'Julius Pruwer']",0.16,270088,0.34,0,04fpXfm8WfsSk7Mh0VYeLj,0.28800000000000003,1,0.114,-12.709,1,"Der Rosenkavalier, Op. 59, TrV 227: Hab mir's gelobt",1,1929-01-01,0.0408,83.029
0.371,1929,0.988,['K.C.Dey'],0.37,181093,0.258,0,05KAGqxC5jsk1APMyIAJXm,1.47e-06,2,0.257,-14.449000000000002,1,Lakkhi Hara Kadechhe Kara,0,1929-12-31,0.0351,84.137
0.515,1929,0.992,"['Francisco Canaro', 'Antonio Buglione']",0.693,187507,0.109,0,06vMsXeUV6YNucFCEfVjtj,0.111,5,0.198,-15.446,1,Llegó la Lancha - Remasterizado,0,1929-10-22,0.191,114.633
0.8220000000000001,1929,0.996,"['Francisco Canaro', 'Charlo']",0.743,168347,0.159,0,0824IiWIQJCw9GP8RKjU6o,0.281,7,0.15,-14.196,1,De a Traicion,0,1929,0.129,121.057
0.964,1929,0.992,['Francisco Canaro'],0.606,160907,0.332,0,0874YaGRpvsVw92BDQZr2A,0.8390000000000001,5,0.16899999999999998,-15.344,1,Sos Más Loca Que un Bagual - Instrumental (Remasterizado),0,1929-10-15,0.361,165.56400000000005
0.8190000000000001,1929,0.985,"['Francisco Canaro', 'Charlo']",0.696,159000,0.321,0,08b1sqtLBnxmr1uqYNVeJ1,0.821,0,0.114,-7.065,0,Se va la muchachada - Instrumental (Remasterizado),0,1929-10-22,0.08900000000000001,118.423
0.855,1929,0.0225,['Эрих Мария Ремарк'],0.732,99438,0.198,1,0AjeCgalMqUEqpkMhLaUEd,0.0,11,0.271,-19.955,0,Часть 111.4 & Часть 112.1 - На Западном фронте без перемен,0,1929,0.91,95.914
0.563,1929,0.00432,['Эрих Мария Ремарк'],0.631,167000,0.258,1,0Al7vdSB6BG0Y8EG9eSDtE,0.0,9,0.341,-18.978,1,Часть 114.2 - На Западном фронте без перемен,0,1929,0.958,169.491
0.725,1929,0.995,"['Francisco Canaro', 'Charlo']",0.625,179000,0.155,0,0BNYfaz6wi8hwz2yWfGciG,0.7659999999999999,7,0.115,-14.572,1,La Canción de Vidalita - Remasterizado,0,1929-10-22,0.0586,118.967
0.613,1929,0.0495,['Эрих Мария Ремарк'],0.7070000000000001,97366,0.254,1,0D1yPsAxAg7LvHIPKEuZZM,0.0,5,0.342,-17.282,1,Часть 60.4 & Часть 61.1 - На Западном фронте без перемен,0,1929,0.949,87.60600000000002
0.6559999999999999,1929,0.0192,['Эрих Мария Ремарк'],0.718,108500,0.171,1,0DOcsYmIBr7hHJCzYxV2sn,0.0,9,0.329,-22.018,1,Часть 104.3 - На Западном фронте без перемен,0,1929,0.931,117.167
0.591,1929,0.0209,['Эрих Мария Ремарк'],0.722,95800,0.254,1,0DTHAqYYoSwkgpIT8pDDkb,0.0,0,0.119,-19.596,1,Часть 61.3 - На Западном фронте без перемен,0,1929,0.952,96.094
0.7290000000000001,1929,0.986,['Francisco Canaro'],0.722,187000,0.174,0,0DXiJ6NXLtD5SRzsOHPQPI,0.0014,7,0.112,-13.415,0,Noches de Carnaval - Instrumental (Remasterizado),0,1929-10-31,0.136,120.306
0.851,1929,0.995,['Francisco Canaro'],0.785,179000,0.0766,0,0EgaefE91v3QSrHNEYLPSW,0.0497,9,0.112,-19.239,1,Miau - Instrumental (Remasterizado),0,1929-10-22,0.0622,120.251
0.799,1929,0.477,['Эрнест Хемингуэй'],0.7020000000000001,260141,0.19,1,0FkC8HerpXznvhFH9kMKLL,0.0,6,0.184,-20.119,1,Часть 34.2 & Часть 35.1 - Прощай оружие,0,1929,0.929,86.089
0.636,1929,0.0141,['Эрих Мария Ремарк'],0.768,103900,0.228,1,0G6hDEXknoGmaKjN31ssYJ,0.0,8,0.0759,-20.617,0,Часть 82.2 - На Западном фронте без перемен,0,1929,0.949,78.816
0.923,1929,0.991,['Ignacio Corsini'],0.583,99280,0.264,0,0GIktGq7pSVBKqhVd546e9,5.400000000000001e-05,9,0.141,-18.241,0,Pata de Palo - Remasterizado,0,1929-06-19,0.289,73.046
0.607,1929,0.0243,['Эрих Мария Ремарк'],0.6779999999999999,104277,0.274,1,0GXF5pT07lSNCWCJq9H2Cw,0.0,11,0.158,-18.461,1,Часть 110.2 & Часть 111.1 - На Западном фронте без перемен,0,1929,0.952,97.513
0.755,1929,0.287,['Эрнест Хемингуэй'],0.723,325500,0.244,1,0GqE7jm2cyX4dLR1zt84vi,0.0,11,0.187,-18.129,0,Часть 28.3 & Часть 29.1 - Прощай оружие,0,1929,0.836,111.491
0.417,1929,0.0335,['Эрих Мария Ремарк'],0.696,105674,0.368,1,0IAOvkGXGurwcfkHPnNXLZ,0.0,9,0.362,-20.143,1,Часть 40.4 & Часть 41.1 - На Западном фронте без перемен,0,1929,0.946,135.041
0.7140000000000001,1929,0.99,['Ignacio Corsini'],0.609,132587,0.293,0,0IMJXw5S0uWEhMl7fTqNqm,0.00219,3,0.16399999999999998,-17.479,0,Besos de Plata - Remasterizado,0,1929-06-19,0.0928,105.446
0.602,1929,0.0718,['Эрих Мария Ремарк'],0.6970000000000001,99300,0.24,1,0IQ9wjEvNUAiw6tXjVgGi1,0.0,8,0.34600000000000003,-18.725,1,Часть 59.3 - На Западном фронте без перемен,0,1929,0.926,103.543
0.542,1929,0.0114,['Эрих Мария Ремарк'],0.623,117833,0.249,1,0JRAlCM6XPHHv90mrDFUqs,0.0,9,0.364,-21.124,1,Часть 70.3 & Часть 71.1 - На Западном фронте без перемен,0,1929,0.952,173.438
0.826,1929,0.0995,['Эрих Мария Ремарк'],0.6579999999999999,109500,0.262,1,0JsNS5vHb4L9XNuRSaF1yF,0.0,0,0.227,-17.5,1,Часть 15.2 & Часть 16.1 - На Западном фронте без перемен,0,1929,0.954,86.02600000000002
0.816,1929,0.994,"['Francisco Canaro', 'Charlo']",0.6859999999999999,186000,0.127,0,0KF5d3A8M9yc7WdG1zSy07,0.0136,11,0.114,-12.423,1,Dios Perdona - Remasterizado,0,1929-10-22,0.0997,116.264
0.901,1929,0.993,['Francisco Canaro'],0.762,160360,0.181,0,0LLoD4vhTL48yBtHNOAW7m,0.805,2,0.111,-16.480999999999998,1,"Lengue, Lengue",0,1929,0.0892,105.757
0.769,1929,0.389,['Эрнест Хемингуэй'],0.6679999999999999,204400,0.185,1,0LSHSR3kvYw8EZb02j7Dnm,0.0,6,0.172,-20.334,1,Часть 36.2 & Часть 37.1 - Прощай оружие,0,1929,0.931,67.175
0.54,1929,0.995,"['Francisco Canaro', 'Charlo']",0.519,170720,0.168,0,0M0Ferguuv1AzcTxDeOBtK,0.317,0,0.154,-12.65,1,Pasión - Remasterizado,0,1929-10-18,0.111,55.639
0.38,1929,0.988,['André Baugé'],0.398,189753,0.257,0,0NFLjcodpbBx4R5ieuJVci,0.00349,3,0.124,-12.112,1,Ce N'est Que Votre Main Madame,0,1929,0.0761,173.018
0.644,1929,0.0132,['Эрих Мария Ремарк'],0.767,98200,0.267,1,0NekBgN4BGprbbnUWVXFYs,0.0,5,0.314,-20.831,0,Часть 87.2 - На Западном фронте без перемен,0,1929,0.953,64.192
0.5,1929,0.23,['Эрнест Хемингуэй'],0.6409999999999999,117600,0.18600000000000005,1,0Op41lyhFDcaVci91MLKMc,0.0,7,0.483,-25.181,1,Часть 10.4 - Прощай оружие,0,1929,0.924,88.07600000000002
0.542,1929,0.112,['Эрих Мария Ремарк'],0.682,95394,0.341,1,0OzmhK4tlBxei67qTLjDc4,0.0,10,0.116,-16.634,0,Часть 31.4 & Часть 32.1 - На Западном фронте без перемен,0,1929,0.922,144.634
0.563,1929,0.0689,['Эрих Мария Ремарк'],0.705,98824,0.272,1,0Q50iZNeD3OVINtfuWs2Zk,0.0,2,0.16,-18.876,0,Часть 58.2 & Часть 59.1 - На Западном фронте без перемен,0,1929,0.955,132.664
0.8109999999999999,1929,0.085,['Эрих Мария Ремарк'],0.68,114723,0.214,1,0QA2fxuSb23MdHFdqFSOf5,0.0,6,0.152,-18.359,1,Часть 10.2 & Часть 11.1 - На Западном фронте без перемен,0,1929,0.943,88.994
0.621,1929,0.0441,['Эрих Мария Ремарк'],0.727,115955,0.317,1,0QH0m4QggCHMWscVmf5Dmg,0.0,10,0.225,-17.794,0,Часть 18.3 & Часть 19.1 - На Западном фронте без перемен,0,1929,0.856,120.474
0.612,1929,0.0258,['Эрих Мария Ремарк'],0.7170000000000001,100300,0.245,1,0QbcFleyMve6yxueRHnKJs,0.0,5,0.0939,-20.024,1,Часть 14.3 - На Западном фронте без перемен,0,1929,0.932,116.45
0.465,1929,0.102,['Эрих Мария Ремарк'],0.6859999999999999,98488,0.267,1,0RSrroyZSvW0abWPMuZMOt,0.0,0,0.389,-16.365,0,Часть 64.4 & Часть 65.1 - На Западном фронте без перемен,0,1929,0.915,99.158
0.614,1929,0.994,"['Francisco Canaro', 'Charlo']",0.634,170000,0.203,0,0RXsD0IWUS83eNvxMyj5H9,0.936,7,0.109,-13.78,1,Aquel Novio - Remasterizado,0,1929-11-06,0.0537,115.28
0.65,1929,0.0141,['Эрих Мария Ремарк'],0.7190000000000001,177300,0.233,1,0S3TZwHcyYl3AYZ3ucnl7e,0.0,11,0.172,-17.839000000000006,0,Часть 21.2 - На Западном фронте без перемен,0,1929,0.946,126.618
0.964,1929,0.994,"['Francisco Canaro', 'Charlo']",0.802,160627,0.314,0,0SEQfgOMqaDf4Uz7mx4kzn,0.542,9,0.152,-10.392,1,Palermo - Remasterizado,0,1929-10-17,0.123,122.112
0.721,1929,0.994,"['Francisco Canaro', 'Charlo']",0.752,163507,0.201,0,0SnTgroeEk5nWJAIvL7BNE,0.7759999999999999,2,0.113,-12.867,1,Corazón de Criollo - Remasterizado,0,1929-11-06,0.0876,119.597
0.5489999999999999,1929,0.017,['Эрих Мария Ремарк'],0.634,133000,0.241,1,0SuvKr2Ysc3JnXbF1LGNTU,0.0,9,0.0729,-20.636,0,Часть 13.3 - На Западном фронте без перемен,0,1929,0.959,165.69099999999997
0.902,1929,0.994,['Francisco Canaro'],0.691,150093,0.217,0,0TVGeXOR29BVoY2LulIZgV,0.8390000000000001,2,0.117,-14.828,1,Barrilito - Instrumental (Remasterizado),0,1929-10-18,0.14800000000000002,103.341
0.6859999999999999,1929,0.0805,['Эрнест Хемингуэй'],0.701,101494,0.15,1,0TVO4lk5En5w8oDEPTE8pS,0.0,6,0.486,-24.361,0,Часть 21.2 - Прощай оружие,0,1929,0.855,110.227
0.631,1929,0.0765,['Эрих Мария Ремарк'],0.626,96000,0.232,1,0Ta7MvLSnxyGPl6cHCecBy,0.0,10,0.314,-19.988,0,Часть 35.2 - На Западном фронте без перемен,0,1929,0.942,170.31599999999997
0.71,1929,0.057,['Эрих Мария Ремарк'],0.684,114800,0.292,1,0TeV20rUNgzecdA8BTNFVU,0.0,2,0.223,-18.072,1,Часть 5.4 - На Западном фронте без перемен,0,1929,0.927,87.48
0.7979999999999999,1929,0.995,['Francisco Canaro'],0.564,204493,0.22,0,0ULiIKUugxTjrYK4vN8jzG,0.861,0,0.111,-13.47,1,Malacara - Instrumental (Remasterizado),0,1929-11-06,0.117,171.601
0.344,1929,0.099,['Эрнест Хемингуэй'],0.6940000000000001,106000,0.222,1,0UMQb3B6f7AcvWocXizwOM,0.0,7,0.249,-24.015,1,Часть 92.2 - Прощай оружие,0,1929,0.928,82.686
0.723,1929,0.995,['Francisco Canaro'],0.807,181000,0.172,0,0VdF3ZkPBMAi88cqDu9v5f,0.722,7,0.121,-13.186,1,Meterete - Instrumental (Remasterizado),0,1929-10-22,0.0989,115.732
0.961,1929,0.984,"['Cornélio Pires', 'Pedro Massa']",0.794,90528,0.405,0,0W0V6QfOIKhU6fgZSvuQNy,0.006220000000000001,9,0.146,-13.046,0,Danças Regionais Paulistas - Cururu e Caninha Verde,0,1929-08-07,0.116,118.412
0.6609999999999999,1929,0.0414,['Эрих Мария Ремарк'],0.6809999999999999,192900,0.232,1,0WIVADSHLAje2aIH7tOWkb,0.0,5,0.0884,-19.971,1,Часть 73.2 - На Западном фронте без перемен,0,1929,0.947,81.304
0.938,1929,0.795,['Memphis Minnie'],0.802,149293,0.491,0,0WnJltbUTZSjGAjeDuOgn1,0.00078,5,0.183,-10.108,1,Killer Diller Blues,2,1929,0.0518,135.375
0.272,1929,0.981,"['Richard Strauss', 'London Philharmonic Orchestra']",0.326,250960,0.0777,0,0Xdt2h2J0qJi7pHsWoJTp1,0.49,0,0.14,-24.95300000000001,1,Le Bourgeois Gentilhomme – Suite Op.60: I Overture,0,1929,0.0449,138.461
0.5379999999999999,1929,0.043,['Эрих Мария Ремарк'],0.636,136948,0.193,1,0Z21797Gvowk5Q6Yj4BPCa,0.0,0,0.321,-20.912,1,Часть 75.2 & Часть 76.1 - На Западном фронте без перемен,0,1929,0.951,166.74900000000005
0.856,1929,0.987,['Carroll Gibbons'],0.565,171533,0.266,0,0b0LXBw9roY9jtSb3fofYI,0.172,5,0.129,-14.201,1,All By Yourself in the Moonlight (Carroll Gibbons),0,1929,0.0907,184.66
0.693,1929,0.992,['Carroll Gibbons'],0.778,184693,0.123,0,0bNAi7r6oxK4NNoRslsd9f,0.116,0,0.179,-16.226,0,"There's a Blue Ridge 'Round My Heart, Virginia (Carroll Gibbons)",0,1929,0.0482,94.174
0.628,1929,0.309,['Эрнест Хемингуэй'],0.715,116653,0.255,1,0bNwDgtUnHLqcZebOrepht,0.0,7,0.522,-20.658,1,Часть 8.4 & Часть 9.1 - Прощай оружие,0,1929,0.94,88.24700000000001
0.574,1929,0.0621,['Эрих Мария Ремарк'],0.698,210863,0.28300000000000003,1,0bPm3Z1VZP4sjm4OdiTHzy,0.0,0,0.35600000000000004,-18.084,1,Часть 47.3 & Часть 48.1 - На Западном фронте без перемен,0,1929,0.935,86.73
0.49,1929,0.254,['Эрнест Хемингуэй'],0.7040000000000001,119104,0.16399999999999998,1,0bVfZ3p1tdsNtKh3MQIecT,0.0,4,0.338,-24.13300000000001,0,Часть 9.3 & Часть 10.1 - Прощай оружие,0,1929,0.893,132.904
0.64,1929,0.994,['Ignacio Corsini'],0.665,138093,0.278,0,0bXeviwwwtNsBynuH7fWRr,0.0033200000000000005,11,0.605,-16.393,1,Carro Viejo - Remasterizado,0,1929-06-19,0.359,105.909
0.6990000000000001,1929,0.0312,['Эрих Мария Ремарк'],0.624,115400,0.248,1,0coov1wLXb0FCQhJRMssFZ,0.0,11,0.181,-18.482,1,Часть 111.3 - На Западном фронте без перемен,0,1929,0.945,177.685
0.7190000000000001,1929,0.992,"['Francisco Canaro', 'Charlo']",0.398,196547,0.261,0,0d49Igstf2JffJag7jxldL,0.183,11,0.127,-11.011,0,Siempre Contigo - Remasterizado,0,1929-10-18,0.0626,180.604
0.913,1929,0.994,['Ignacio Corsini'],0.664,140733,0.19,0,0dHLJmyF56K1vdLnGL5i7k,0.487,2,0.219,-20.109,1,Manguero - Remasterizado,0,1929-06-21,0.152,127.932
0.86,1929,0.965,['Gaston Gabaroche'],0.7559999999999999,164165,0.29,0,0eBOFpdJpBLDhEZvUCjM7P,0.0,5,0.0528,-12.675999999999998,1,J'hésite,0,1929,0.0616,84.26
0.6759999999999999,1929,0.846,['Steve Correll Group'],0.5489999999999999,293480,0.313,0,0eHom4XwMWUhAKKVv7pfPx,0.0622,5,0.13699999999999998,-14.48,0,There Will Never Be Another You,0,1929,0.0329,95.435
0.521,1929,0.989,['Carroll Gibbons'],0.69,164987,0.119,0,0ey9Mk35m36XQxspGI4XrN,0.00188,5,0.332,-15.029000000000002,1,Halfway to Heaven (Carroll Gibbons),0,1929,0.057,96.84
0.659,1929,0.503,['Эрнест Хемингуэй'],0.705,123790,0.248,1,0fG9o7DZA0ifeHBwdH6i5D,0.0,7,0.378,-20.173,1,Часть 53.3 & Часть 54.1 - Прощай оружие,0,1929,0.8490000000000001,107.638
0.787,1929,0.1,['Эрих Мария Ремарк'],0.698,164500,0.237,1,0hDwvmuQKimLg3wJFFFL4g,0.0,9,0.138,-18.199,1,Часть 12.2 - На Западном фронте без перемен,0,1929,0.947,139.082
0.8009999999999999,1929,0.44,['Эрнест Хемингуэй'],0.68,351021,0.24,1,0hfVHt5c2m7b4ITFOzLKA0,0.0,11,0.103,-17.909000000000006,0,Часть 35.2 & Часть 36.1 - Прощай оружие,0,1929,0.915,82.465
0.843,1929,0.992,['Memphis Minnie'],0.816,148400,0.322,0,0hn67E0FwbFHequgUm4RBq,1.07e-05,7,0.135,-9.23,0,Bad Outside Friends,1,1929,0.0551,104.838
0.29100000000000004,1929,0.976,"['Giuseppe Verdi', 'Julius Patzak', 'Unknown Orchestra', 'Manfred Gurlitt']",0.381,265283,0.179,0,0i6OhFjTxLS0n42NAOBHIq,0.000483,3,0.08199999999999999,-14.569,1,"La traviata: Ach, ihres Auges Zauberblick (Alfredo's Aria) - Sung in German",0,1929-01-01,0.0535,77.399
0.728,1929,0.0606,['Эрих Мария Ремарк'],0.6990000000000001,105300,0.308,1,0jx0AbWUGmoaGtg4WPHxUc,0.0,1,0.266,-18.083,1,Часть 8.2 - На Западном фронте без перемен,0,1929,0.942,135.08
0.68,1929,0.0247,['Эрих Мария Ремарк'],0.682,121200,0.264,1,0k3FP0cfLHUV53kj3JCFqJ,0.0,0,0.304,-17.41,1,Часть 24.2 - На Западном фронте без перемен,0,1929,0.956,145.134
0.701,1929,0.992,['Ignacio Corsini'],0.384,150400,0.234,0,0kANpMBuPKEJELYjiSxpPE,0.797,8,0.111,-24.497,1,La Yerra - Remasterizado,0,1929-06-20,0.0912,83.67399999999998
0.711,1929,0.268,['Эрнест Хемингуэй'],0.7140000000000001,108100,0.18600000000000005,1,0kG6U0cZetGO2KFcc6c3G5,0.0,6,0.5589999999999999,-23.515,1,Часть 49.2 & Часть 50.1 - Прощай оружие,0,1929,0.909,63.74800000000001
0.62,1929,0.994,"['Francisco Canaro', 'Charlo']",0.318,202000,0.208,0,0kll9PYaGJwsR8nz5kZgmu,0.88,9,0.14400000000000002,-14.275,1,Poema de Amor - Remasterizado,0,1929-11-06,0.0566,77.403
0.0733,1929,0.99,"['Ludwig van Beethoven', 'Elisabeth Ohms', 'Unknown Orchestra', 'Manfred Gurlitt']",0.251,474084,0.114,0,0lFrdmtbQK95vmjGISQqE3,0.00957,4,0.126,-14.515999999999998,1,"Fidelio, Op. 72: Abscheulicher! Wo eilst du hin?",0,1929-01-01,0.0493,74.021
0.7390000000000001,1929,0.333,['Эрнест Хемингуэй'],0.723,111700,0.224,1,0mrZTMFajmTfaQADqZ5Xcm,0.0,6,0.453,-21.794,0,Часть 88.2 - Прощай оружие,0,1929,0.949,64.501
0.561,1929,0.038,['Эрих Мария Ремарк'],0.7140000000000001,160089,0.35200000000000004,1,0nG4YOVDmh7Px1ywhjKJEr,0.0,8,0.276,-19.028,1,Часть 53.3 & Часть 54.1 - На Западном фронте без перемен,0,1929,0.91,130.372
0.624,1929,0.0108,['Эрих Мария Ремарк'],0.687,154537,0.212,1,0oAOnrVBIseZ4GuHishV1a,0.0,9,0.244,-19.043,1,Часть 113.2 & Часть 114.1 - На Западном фронте без перемен,0,1929,0.954,83.931
0.598,1929,0.978,"['Francisco Canaro', 'Charlo']",0.696,177920,0.454,0,0oRgT9qRdlHi9xmCWFgshf,0.469,1,0.35200000000000004,-8.845,0,Payador - Remasterizado,0,1929-10-04,0.27,121.491
0.6809999999999999,1929,0.994,['Francisco Canaro'],0.792,204080,0.187,0,0oVSyRQdM1DQtuTZRrzHTj,0.885,2,0.199,-17.188,1,Felicia - Instrumental (Remasterizado),0,1929-10-18,0.261,117.644
0.422,1929,0.991,['Mariano e Caçula'],0.679,191264,0.127,0,0pyS3sAEE9ANhUSsrFBkSo,0.0,6,0.136,-11.501,1,Jorginho do Sertão,0,1929-05-13,0.0839,99.514
0.61,1929,0.256,['Эрнест Хемингуэй'],0.731,112472,0.181,1,0qlE091LmwHTCvRC9tjP1m,0.0,11,0.399,-23.18,0,Часть 63.3 & Часть 64.1 - Прощай оружие,0,1929,0.898,64.83
0.774,1929,0.991,['Francisco Canaro'],0.688,186000,0.182,0,0qppesKLoIWziqnxgJOiul,0.828,7,0.117,-12.841,0,Abuelita - Instrumental (Remasterizado),0,1929-11-05,0.0537,115.053
0.276,1929,0.987,"['Teodoro Cottrau', 'Umberto Urbano', 'Unknown Orchestra']",0.529,195224,0.207,0,0s5p1UJrQPGIVxoY00hjEf,0.00214,0,0.8009999999999999,-12.421,0,Addio mia bella Napoli,0,1929-01-01,0.135,76.57300000000002
0.392,1929,0.981,"['Johann Strauss II', 'Margret Pfahl', 'Waldemar Henke', 'Willi Domgraf-Fassbaender', 'Staatskapelle Berlin', 'Hermann Weigert']",0.52,301268,0.23,0,0sFUlTx0V7OXwCMK8byQNi,0.000202,2,0.363,-12.338,1,Die Fledermaus (short version): Part 6,0,1929-01-01,0.425,84.26899999999998
0.382,1929,0.989,"['Johann Strauss II', 'Margret Pfahl', 'Franz Völker', 'Leonard Kern', 'Staatskapelle Berlin', 'Hermann Weigert']",0.522,298474,0.246,0,0sQMDn0NJk3a78yShpJ3Gq,0.011,7,0.201,-13.876,1,Die Fledermaus (short version): Part 3,0,1929-01-01,0.342,74.721
0.6779999999999999,1929,0.0862,['Эрих Мария Ремарк'],0.691,239100,0.271,1,0skLi9EAUZ8pah4lyThsoi,0.0,10,0.125,-17.285999999999998,0,Часть 33.2 - На Западном фронте без перемен,0,1929,0.935,83.79799999999999
0.728,1929,0.415,['Эрнест Хемингуэй'],0.718,297444,0.239,1,0skcGdERHRPAUgYqkMHwEx,0.0,0,0.277,-17.485,1,Часть 57.3 & Часть 58.1 - Прощай оружие,0,1929,0.911,124.944
0.802,1929,0.985,['Memphis Minnie'],0.687,174933,0.212,0,0t3HUbVk3Dz5RrxHI7MB9O,0.000503,7,0.0972,-9.349,1,Please Don't Stop Him,1,1929,0.0874,131.751
0.579,1929,0.993,['Ignacio Corsini'],0.413,170600,0.217,0,0tCdkuGkgOTsbmGECStjYX,0.93,5,0.111,-24.884,0,Desde Que Te Fuiste - Remasterizado,0,1929-06-21,0.0982,177.013
0.7709999999999999,1929,0.988,['Ignacio Corsini'],0.732,132613,0.155,0,0uVENn3Qp1LJRTCQaUAhGB,0.0132,4,0.307,-19.716,0,Se Casó Rossina - Remasterizado,0,1929-06-20,0.325,64.258
0.7,1929,0.426,['Эрнест Хемингуэй'],0.726,99500,0.184,1,0ur30GjK9mt8HxDiRpCjhS,0.0,6,0.457,-20.907,1,Часть 84.3 - Прощай оружие,0,1929,0.856,104.777
0.59,1929,0.0492,['Эрих Мария Ремарк'],0.631,123902,0.311,1,0v818acgvblqQXtRpdzOCO,0.0,9,0.376,-19.196,0,Часть 23.3 & Часть 24.1 - На Западном фронте без перемен,0,1929,0.936,75.822
0.804,1929,0.98,['Mistinguett'],0.7070000000000001,194026,0.316,0,0w3WuMrdtHqdSm3sdGDxQq,0.0,4,0.0851,-12.235,1,Gosse De Paris,0,1929,0.221,111.138
0.425,1929,0.986,"['Johann Strauss II', 'Else Ruziczka', 'Adele Kern', 'Staatskapelle Berlin', 'Hermann Weigert']",0.569,313771,0.158,0,0whM13Dc9ThLQIko6inQKh,2.05e-05,7,0.39,-14.624,1,Die Fledermaus (short version): Part 4,0,1929-01-01,0.574,79.071
0.924,1929,0.986,['Francisco Canaro'],0.527,155053,0.6940000000000001,0,0x4SEvJoferF3WHOnwI98a,0.619,3,0.238,-5.867000000000001,1,"Venga, Minina - Instrumental (Remasterizado)",0,1929-10-18,0.0884,99.86
0.897,1929,0.995,"['Francisco Canaro', 'Ada Falcón']",0.389,169507,0.15,0,0xN4519TbFektBpgVu7OBv,0.893,11,0.107,-19.941,1,Osaka - Remasterizado,0,1929-11-06,0.0754,206.354
0.59,1929,0.986,['Ignacio Corsini'],0.601,125307,0.252,0,0xk5FFfb4bZ5djx8SWCjjT,0.00155,4,0.134,-20.902,1,Hojarasca - Remasterizado,0,1929-06-21,0.0719,133.739
0.633,1929,0.969,['Mistinguett'],0.637,150047,0.184,0,0xm39QlrWy3ZZsCb7dP6c4,0.0,7,0.321,-12.268,0,C'est Tout C'que J'ai,0,1929,0.053,92.062
0.6729999999999999,1929,0.971,"['Cornélio Pires', 'Pedro Massa']",0.7170000000000001,136018,0.371,0,0xqqDGXtTBHwgQFKqHKvOo,0.0,0,0.111,-12.664,1,Batizado do Sapinho,0,1929-08-07,0.846,87.103
0.262,1929,0.993,"['Francisco Canaro', 'Charlo']",0.366,207000,0.257,0,0xvx2U2XulYnAvXKmNv6xt,0.8190000000000001,2,0.152,-8.773,1,Amor Pagano - Remasterizado,0,1929-10-31,0.0417,125.2
0.7759999999999999,1929,0.989,"['Francisco Canaro', 'Charlo']",0.675,170053,0.413,0,0yIzY4cjjbFpHzfeoNZTGq,0.0163,2,0.0634,-6.114,0,Neura - Remasterizado,0,1929-10-18,0.0603,118.367
0.6729999999999999,1929,0.995,"['Francisco Canaro', 'Charlo']",0.65,169000,0.179,0,0yTU3Xlyo3iArivBG9tnzr,0.8270000000000001,2,0.174,-13.546,1,Departamento Se Alquila - Remasterizado,0,1929-11-06,0.124,114.998
0.7929999999999999,1929,0.994,['Francisco Canaro'],0.805,167000,0.199,0,0yre6f3auK7xZQ7SZq9IzW,0.792,2,0.125,-13.542,1,"Oiga, Garcon - Instrumental (Remasterizado)",0,1929-10-22,0.0963,116.724
0.574,1929,0.0389,['Эрих Мария Ремарк'],0.657,152501,0.302,1,0zJ2wvGcIRUAT0dzJsQIS4,0.0,10,0.102,-17.36,0,Часть 14.4 & Часть 15.1 - На Западном фронте без перемен,0,1929,0.93,88.975
0.963,1929,0.955,['Perchicot'],0.71,154691,0.561,0,10w4ytikRJQhWqgh5tpA6E,0.0,5,0.213,-12.736,1,Dites Moi Doumergue,0,1929,0.472,78.705
0.723,1929,0.108,['Эрих Мария Ремарк'],0.72,122855,0.28,1,11Mk0GyO7oJmQ6E1lzjWBM,0.0,8,0.14,-18.71,1,Часть 36.2 & Часть 37.1 - На Западном фронте без перемен,0,1929,0.92,107.292
0.861,1929,0.622,['Эрнест Хемингуэй'],0.7120000000000001,105200,0.243,1,11SblLkyqOTz8vgkDySfbh,0.0,9,0.462,-19.696,0,Часть 51.2 - Прощай оружие,0,1929,0.93,89.509
0.745,1929,0.968,['Montel'],0.502,184692,0.2,0,140Uv2ae9aUqku6k50khZV,0.0,7,0.345,-12.902,1,Elle Était Souriante,0,1929,0.0876,69.752
0.597,1929,0.16399999999999998,['Эрих Мария Ремарк'],0.665,199200,0.28,1,14nPWXPjLLtQRUKij1VIfL,0.0,0,0.266,-16.416,1,Часть 18.2 - На Западном фронте без перемен,0,1929,0.885,92.901
0.733,1929,0.208,['Эрнест Хемингуэй'],0.725,113600,0.219,1,16DAdVROR1suynGA7f4PTA,0.0,11,0.7390000000000001,-20.958,0,Часть 86.2 - Прощай оружие,0,1929,0.912,88.53200000000002
0.7929999999999999,1929,0.989,['Memphis Minnie'],0.794,157733,0.468,0,16sx6BTOSBT5HWs5ZXUvzM,0.184,0,0.319,-10.861,1,Love Come And Go,1,1929,0.19,91.117
0.8440000000000001,1929,0.987,"['Francisco Canaro', 'Charlo']",0.779,180000,0.302,0,16y1jmI78en3QgUUsViewx,0.107,7,0.0948,-8.787,0,Si Yo Fuera Comisario - Remasterizado,0,1929-10-22,0.135,119.084
0.489,1929,0.0526,['Эрих Мария Ремарк'],0.654,123859,0.28600000000000003,1,16yM1SFY6uef9w44DFCgwB,0.0,10,0.272,-18.168,0,Часть 32.5 & Часть 33.1 - На Западном фронте без перемен,0,1929,0.949,86.10700000000001
0.745,1929,0.153,['Эрнест Хемингуэй'],0.7240000000000001,252611,0.262,1,17R3hYl107JR2R0va5GEK6,0.0,6,0.224,-21.049,1,Часть 44.2 & Часть 45.1 - Прощай оружие,0,1929,0.89,88.663
0.614,1929,0.993,['Memphis Minnie'],0.6779999999999999,170827,0.237,0,17rietOgibqX91FsxdWF0P,0.00281,4,0.125,-8.365,1,Lonesome Shack,1,1929,0.0593,137.857
0.769,1929,0.992,['Francisco Canaro'],0.77,160907,0.324,0,19C4OUbGJeAtgfRIK7KCKe,0.894,7,0.317,-6.148,1,Asi Es la Vida,0,1929,0.0409,123.009
0.748,1929,0.012,['Эрих Мария Ремарк'],0.708,102800,0.256,1,19ZGIskmMAdyeYITGMtuU5,0.0,8,0.0818,-20.094,0,Часть 87.3 - На Западном фронте без перемен,0,1929,0.954,80.04
0.7559999999999999,1929,0.992,['Francisco Canaro'],0.7759999999999999,164000,0.301,0,19l5dPqjrjCbQmAK84zwlW,0.642,9,0.121,-5.985,1,Tu Ejemplo - Instrumental (Remasterizado),0,1929-10-22,0.0676,119.22
0.7509999999999999,1929,0.995,['Francisco Canaro'],0.802,172000,0.28,0,1AbipMbsBkZ4UWpLW4pChe,0.812,7,0.127,-9.627,0,El Mago - Remasterizado,0,1929-10-22,0.122,113.019
0.769,1929,0.992,['Francisco Canaro'],0.77,160907,0.324,0,1BokmiOsdxBbFjCEWoIpeo,0.894,7,0.317,-6.148,1,Asi Es La Vida - Instrumental (Remasterizado),0,1929-10-18,0.0409,123.009
0.5770000000000001,1929,0.305,['Эрнест Хемингуэй'],0.7609999999999999,97310,0.23,1,1BrOYpAfHYX3scnfSN62oe,0.0,7,0.515,-22.121,1,Часть 85.3 & Часть 86.1 - Прощай оружие,0,1929,0.942,74.56
0.8190000000000001,1929,0.298,['Эрнест Хемингуэй'],0.6559999999999999,196054,0.184,1,1BwGSZ0UsC4qDR1tUWqaZL,0.0,7,0.4,-21.56,1,Часть 71.3 & Часть 72.1 - Прощай оружие,0,1929,0.935,92.358
0.705,1929,0.386,['Эрнест Хемингуэй'],0.7559999999999999,115000,0.18,1,1C1ZSDpWSN2KVLPfRMiin5,0.0,0,0.472,-21.463,1,Часть 91.2 - Прощай оружие,0,1929,0.935,70.085
0.585,1929,0.0519,['Эрих Мария Ремарк'],0.721,142000,0.35100000000000003,1,1D8mDwhhhCwFh2EClRnY2J,0.0,10,0.157,-18.822,0,Часть 55.2 - На Западном фронте без перемен,0,1929,0.952,88.881
0.605,1929,0.21,['Эрнест Хемингуэй'],0.6990000000000001,112800,0.247,1,1DRbViTRp7Clj6NnJ2NVX1,0.0,7,0.778,-18.205,1,Часть 4.2 - Прощай оружие,0,1929,0.895,74.192
0.862,1929,0.994,"['Francisco Canaro', 'Charlo']",0.726,163000,0.203,0,1EZxS9QGorIenV1rthL2Zn,0.18,5,0.52,-8.754,1,Mucamita - Remasterizado,0,1929-11-05,0.0862,120.554
0.481,1929,0.954,"['Cornélio Pires', 'Pedro Massa']",0.7120000000000001,96631,0.302,0,1GZEl3Z1mL7S4S6LDnUndn,0.0,4,0.615,-12.915,1,Agitação Política em São Paulo - Anedota,0,1929-08-07,0.873,130.30100000000002
0.915,1929,0.992,"['Francisco Canaro', 'Charlo']",0.813,167773,0.289,0,1Gzx4w63qyGeJxJGpv9APw,0.608,4,0.125,-10.404000000000002,1,Percantina - Remasterizado,0,1929-10-18,0.182,117.828
0.491,1929,0.996,['Ignacio Corsini'],0.517,120480,0.293,0,1HJYNlMeXIl7rRjcRniS0J,0.635,6,0.133,-16.188,1,No Me Escribas - Remasterizado,0,1929-06-20,0.117,82.238
0.574,1929,0.0494,['Эрих Мария Ремарк'],0.691,102600,0.237,1,1HNr0wrZTQ644Lmx8UPHrQ,0.0,10,0.319,-20.618,0,Часть 100.2 - На Западном фронте без перемен,0,1929,0.958,82.20100000000002
0.772,1929,0.991,['Ignacio Corsini'],0.723,114253,0.157,0,1HQkwQYg3kJJlWJwMawmfx,0.0188,0,0.168,-18.665,1,Atorrante - Remasterizado,0,1929-06-19,0.12,131.437
0.594,1929,0.958,['Francisco Canaro'],0.731,167267,0.603,0,1HTHJQk6dc2VsehRk1O4yn,0.52,7,0.0901,-7.474,1,Estampa del Suburbio - Instrumental (Remasterizado),0,1929-10-04,0.181,120.495
0.5589999999999999,1929,0.0175,['Эрих Мария Ремарк'],0.7040000000000001,119497,0.229,1,1I3pRiIYJQnQakTjwZZ4B7,0.0,6,0.304,-18.319000000000006,1,Часть 97.2 & Часть 98.1 - На Западном фронте без перемен,0,1929,0.939,105.745
0.799,1929,0.924,['Francisco Canaro'],0.813,199080,0.335,0,1I4qI4PW47Bcv3U98hLd1q,0.00915,9,0.0821,-10.275,0,Amorcito - Instrumental (Remasterizado),0,1929-10-17,0.112,118.236
0.642,1929,0.0441,['Эрих Мария Ремарк'],0.69,98899,0.226,1,1IlaYqQbtbEsjXwvjoKHwx,0.0,1,0.138,-19.676,1,Часть 105.4 & Часть 106.1 - На Западном фронте без перемен,0,1929,0.941,101.832
0.452,1929,0.0494,['Эрих Мария Ремарк'],0.628,108783,0.289,1,1IzNn4Ha9QrjMv7HuDAJb9,0.0,1,0.221,-19.21,0,Часть 52.2 & Часть 53.1 - На Западном фронте без перемен,0,1929,0.944,170.172
0.453,1929,0.0388,['Эрих Мария Ремарк'],0.6829999999999999,97600,0.262,1,1JVEfazEtr9NfxWofFlEZc,0.0,10,0.304,-19.834,0,Часть 28.2 - На Западном фронте без перемен,0,1929,0.946,99.335
0.568,1929,0.996,['Ignacio Corsini'],0.654,142147,0.111,0,1Ja3MBLLafQnOJnQymx9Fp,0.0661,2,0.141,-21.58,1,La Mazorquera de Monserrat - Remasterizado,0,1929-06-19,0.119,130.901
0.611,1929,0.0398,['Эрих Мария Ремарк'],0.725,108100,0.245,1,1Jy1Lh0JkVWREvYnf5WmFD,0.0,5,0.0835,-19.102,1,Часть 77.2 - На Западном фронте без перемен,0,1929,0.942,70.548
0.578,1929,0.0114,['Эрих Мария Ремарк'],0.722,130841,0.287,1,1KWDZgxzBmvUj4bAHPztIU,0.0,9,0.0555,-19.387,1,Часть 83.4 & Часть 84.1 - На Западном фронте без перемен,0,1929,0.949,124.286
0.337,1929,0.8909999999999999,['Steve Correll Group'],0.458,429347,0.365,0,1L8AsxcLa0D4vkknHLAjIE,0.914,0,0.121,-14.831,1,Essence,0,1929,0.0389,136.377
0.223,1929,0.984,"['Johann Strauss II', 'Margret Pfahl', 'Adele Kern', 'Waldemar Henke', 'Willi Domgraf-Fassbaender', 'Staatskapelle Berlin', 'Hermann Weigert']",0.596,308998,0.184,0,1L9wypqC1UW5LmHJASOzlL,2.12e-05,0,0.267,-14.17,1,Die Fledermaus (short version): Part 2,0,1929-01-01,0.464,101.816
0.595,1929,0.037000000000000005,['Эрих Мария Ремарк'],0.723,239812,0.326,1,1LN1trX8QOZlFoRCUlWD2I,0.0,0,0.29600000000000004,-16.653,1,Часть 49.3 & Часть 50 & Часть 51.1 - На Западном фронте без перемен,0,1929,0.933,125.676
0.307,1929,0.946,['Alessandra De Negri'],0.503,179449,0.0521,0,1M6XFOXBXb0aXUO4IaeR2u,0.0,2,0.114,-19.217,0,Las Morillas de Jaen - Canciones Populares Antiguas,0,1929,0.0572,105.095
0.302,1929,0.944,"['Francisco Canaro', 'Charlo']",0.618,191240,0.52,0,1N2P2VZ0TzV6pUJW0OiRdi,0.354,8,0.21,-9.036,1,Mientras Llora el Tango - Remasterizado,0,1929-10-04,0.165,121.083
0.5379999999999999,1929,0.196,['Эрнест Хемингуэй'],0.626,135533,0.252,1,1NPdwcEoPXbVO6W3Y2oJgv,0.0,7,0.179,-16.238,1,Часть 3.3 & Часть 4.1 - Прощай оружие,0,1929,0.942,176.36
0.424,1929,0.0235,['Эрих Мария Ремарк'],0.6779999999999999,95500,0.285,1,1OCFGJBuKTeeoZOSAZyvhX,0.0,9,0.324,-21.603,1,Часть 71.3 - На Западном фронте без перемен,0,1929,0.949,100.325
0.596,1929,0.994,['Francisco Canaro'],0.609,174933,0.297,0,1PrUUwRkkMbS7svLj7J13p,0.15,4,0.118,-11.312,0,Deja Que Se Vaya - Remasterizado,0,1929-10-17,0.16699999999999998,119.976
0.6459999999999999,1929,0.269,['Эрнест Хемингуэй'],0.6779999999999999,173897,0.263,1,1Qy2z9ft6cXhV86rcVa4bY,0.0,10,0.18,-19.864,0,Часть 42.2 & Часть 43.1 - Прощай оружие,0,1929,0.919,97.235
0.757,1929,0.341,['Эрнест Хемингуэй'],0.685,302486,0.194,1,1RCedwg40bv1Ovqh1JqmtX,0.0,0,0.177,-20.325,1,Часть 38.2 & Часть 39.1 - Прощай оружие,0,1929,0.931,79.393
0.7559999999999999,1929,0.989,['Francisco Canaro'],0.6609999999999999,176427,0.254,0,1RMwI9OsUJPUcGIjWRz1ws,0.28600000000000003,1,0.119,-11.666,1,Pálida Noche - Instrumental (Remasterizado),0,1929-10-15,0.0545,112.832
0.653,1929,0.459,['Эрнест Хемингуэй'],0.631,134677,0.269,1,1S5MQCPvPFfIcyA1yFeimE,0.0,1,0.472,-19.13,1,Часть 59.2 - Прощай оружие,0,1929,0.949,169.507
0.449,1929,0.929,['Alessandra De Negri'],0.726,120804,0.11,0,1TFWdLLUQpEKDbc8kDqp1U,0.000126,7,0.0864,-13.412,0,Anda Jaleo! - Canciones Populares Antiguas,0,1929,0.0487,114.53
0.481,1929,0.97,['Alessandra De Negri'],0.6920000000000001,171456,0.0408,0,1TMbYcBfOINL8OodfKVQmr,0.000107,9,0.0853,-21.786,1,Zorongo Gitano - Canciones Populares Antiguas,0,1929,0.0613,130.718
0.848,1929,0.99,['Francisco Canaro'],0.872,197613,0.409,0,1V1b8X2aC5vVTvkFNi9A9T,0.6779999999999999,2,0.109,-6.876,1,Sueño Chino - Instrumental (Remasterizado),0,1929-10-18,0.0835,92.529
0.643,1929,0.0559,['Эрих Мария Ремарк'],0.722,95500,0.256,1,1Vw7HNyxBloqnMIySFLgfy,0.0,1,0.145,-18.411,1,Часть 80.2 - На Западном фронте без перемен,0,1929,0.946,55.754
0.877,1929,0.993,"['Francisco Canaro', 'Charlo']",0.664,167267,0.26,0,1WSWo9NYP3QHIdjAK7wp7S,0.799,0,0.131,-11.494000000000002,0,Azulidad - Remasterizado,0,1929-10-18,0.343,117.822
0.259,1929,0.46,['Steve Correll Group'],0.536,435147,0.28300000000000003,0,1WqW82RQEXglJ7M0ESif2n,0.00227,0,0.112,-13.882,1,I Love You,0,1929,0.0348,118.273
0.481,1929,0.978,"['Francisco Canaro', 'Charlo']",0.433,183493,0.189,0,1XJneKnY7gkgaiA0A4PLru,0.000801,4,0.0951,-10.808,1,El Vals del Amor - Remasterizado,0,1929-11-05,0.0455,143.433
0.685,1929,0.28,['Эрнест Хемингуэй'],0.763,164100,0.248,1,1YcTgieg4Beo65t20wCj18,0.0,6,0.421,-18.666,1,Часть 17.2 - Прощай оружие,0,1929,0.944,67.291
0.684,1929,0.0786,['Эрих Мария Ремарк'],0.711,162200,0.22,1,1Ymewaqbl1u3PHJoXVIEEP,0.0,10,0.262,-18.613,1,Часть 68.3 - На Западном фронте без перемен,0,1929,0.922,80.101
0.75,1929,0.982,['Ignacio Corsini'],0.648,149453,0.281,0,1aAC4rqpBFA0hi6SfwHp1B,0.0025800000000000003,6,0.155,-15.997,1,Aquel Tapado de Armiño - Remasterizado,0,1929-06-19,0.15,131.78
0.715,1929,0.265,['Эрнест Хемингуэй'],0.6709999999999999,205228,0.209,1,1bXkQ9wENgmtztTPpv8Guv,0.0,6,0.393,-20.287,1,Часть 74.3 & Часть 75.1 - Прощай оружие,0,1929,0.918,84.88600000000002
0.728,1929,0.994,"['Francisco Canaro', 'Charlo']",0.67,171493,0.416,0,1bjYI4TisdG1J5eQfaTiB2,0.355,1,0.308,-7.113,0,Penitencia - Remasterizado,0,1929-10-18,0.0893,116.553
0.591,1929,0.204,['Эрнест Хемингуэй'],0.705,165100,0.184,1,1byFgFXLGoOshYhqjjutKY,0.0,7,0.415,-24.184,1,Часть 20.2 & Часть 21.1 - Прощай оружие,0,1929,0.914,134.305
0.377,1930,0.8109999999999999,['Joe Quartz'],0.521,285962,0.364,0,2zFXOImEoSnLb5dnPAvVNI,0.0097,6,0.14300000000000002,-10.494000000000002,0,Monster Faladoré,55,1930,0.0641,95.234
0.168,1930,0.987,"['Franz Liszt', 'Vladimir Horowitz']",0.349,541600,0.326,0,7CIoJE0JfVFcmmUY3fFojH,0.8859999999999999,1,0.784,-15.347,1,"Hungarian Rhapsody No. 2 in C-Sharp Minor, S. 244/2",48,1930,0.0551,80.233
0.0808,1930,0.991,"['Franz Liszt', 'Vladimir Horowitz']",0.269,264560,0.00856,0,66QFC1l8Oe1bKSLdZYwr9B,0.913,1,0.132,-29.686,1,"Consolation No. 3 in D-Flat Major, S. 172/3",35,1930,0.0367,70.131
0.922,1930,0.858,"['The New Yorkers', 'Wilmouth Houdini', 'Eileen Barton']",0.727,159840,0.287,0,5qhM3qBHEIFvXL8xRe3dhb,2.6e-06,8,0.057,-9.227,1,"If I Knew You Were Comin', I'd've Baked a Cake",28,1930-01-01,0.327,170.17
0.055,1930,0.993,"['Franz Liszt', 'Vladimir Horowitz']",0.294,210827,0.006840000000000001,0,1EwvP4mPzurPA5axgvUoM6,0.939,4,0.0616,-29.3,1,"Consolation No. 2 in E Major, S. 172/2",29,1930,0.047,49.792
0.955,1930,0.924,"['Roaring Lion', 'Gerald Clark and his Caribbean Serenaders']",0.664,192933,0.374,0,1JRVPBbouJbwli9SNoZkzx,0.00132,9,0.0915,-14.835,0,The Rumba Dance,25,1930-01-01,0.0952,82.368
0.414,1930,0.982,['Mississippi Sheiks'],0.463,181800,0.244,0,2I74IqSUjq6Wyyj0RrbxID,2.58e-06,6,0.292,-7.747999999999997,1,Sitting On Top Of The World,26,1930,0.0311,93.868
0.599,1930,0.309,['Joe Quartz'],0.758,275723,0.376,0,5MlfJo55WcNfrdmhxh76nk,0.0202,4,0.0884,-14.476,0,The New World,19,1930,0.0587,91.993
0.603,1930,0.971,['Carlos Gardel'],0.6990000000000001,124147,0.447,0,1URyyv3KRVnqlVkQQi3OlQ,0.000236,3,0.19,-10.589,1,Chorra,36,1930-08-18,0.16,124.463
0.5820000000000001,1930,0.98,['Jack Payne'],0.659,151800,0.342,0,1bhwZP4zbxfdwYhLtC6LkJ,0.0211,11,0.159,-15.852,1,I Can't Believe That You're in Love With Me,17,1930,0.0965,109.822
0.445,1930,0.933,['Louis Armstrong'],0.5770000000000001,197067,0.305,0,3k3WlYkt3qYNtLFkT5yGox,0.00331,3,0.193,-12.63,1,Body and Soul,18,1930,0.0529,111.861
0.7659999999999999,1930,0.952,['Mississippi Sheiks'],0.501,180960,0.3720000000000001,0,7tJ0Wtz9mwa3jD69ldsxpY,0.0008869999999999998,3,0.152,-7.565,1,Still I'm Traveling On,17,1930,0.0792,147.745
0.196,1930,0.97,['Al Bowlly'],0.337,179240,0.0723,0,7r8PfxqONYkGBIdLhPTk1g,0.000937,2,0.0866,-16.871,1,Night and Day,18,1930,0.0561,173.895
0.0697,1930,0.982,"['Franz Liszt', 'Vladimir Horowitz']",0.295,918440,0.0696,0,4DdF8wXqThIAGAqy14uYFd,0.892,11,0.111,-23.701,1,"Ballade No. 2 in B Minor, S. 171",19,1930,0.0387,66.145
0.8340000000000001,1930,0.943,['The Growler'],0.7290000000000001,178933,0.7120000000000001,0,1dnOU5nbW5kpmRBg0uCtqy,0.0,10,0.14,-1.649,1,In the Dew and the Rain,17,1930-01-01,0.0769,103.235
0.777,1930,0.879,['Mississippi Sheiks'],0.605,194173,0.404,0,3tH8Y5S8kt2n0gPD7Zw5kL,7.55e-05,5,0.114,-7.417999999999997,1,I've Got Blood In My Eyes For You,15,1930,0.0581,142.135
0.0784,1930,0.982,"['Franz Liszt', 'Vladimir Horowitz']",0.343,585733,0.15,0,1pEfFSMwsaXrBmiNdhc1wM,0.907,2,0.165,-21.367,0,"Hungarian Rhapsody No. 19 in D Minor, S. 244/19: Lento",17,1930,0.0371,98.927
0.149,1930,0.994,"['Franz Liszt', 'Vladimir Horowitz']",0.425,430880,0.297,0,4E0kCDF59agG0qMqdCD1h9,0.918,1,0.755,-12.883,1,"Hungarian Rhapsody No. 6 in D-Flat Major, S. 244/6",16,1930,0.0485,106.942
0.696,1930,0.993,['Sam Manning'],0.703,179801,0.295,0,351Zm4ZUKWT7qW7rXVoFkr,0.000426,10,0.391,-8.017000000000001,1,Lieutnant Julian,16,1930-01-01,0.208,106.125
0.78,1930,0.935,['Big Bill Broonzy'],0.53,166373,0.235,0,0NnR5JhEg4i9GER0bsksp3,0.00126,5,0.108,-15.829,1,Long Tall Mama,14,1930,0.0445,172.86
0.961,1930,0.914,['The Tiger'],0.6920000000000001,179773,0.402,0,4QV64XiqdMv1034h8Csp2X,0.0,2,0.066,-11.727,0,Money Is King,15,1930-01-01,0.202,88.699
0.857,1930,0.944,['Big Bill Broonzy'],0.563,169960,0.528,0,5LVz44pyxkV2kW9aCkBNsn,0.0602,6,0.166,-12.567,1,How You Want It Done?,12,1930,0.0365,125.715
0.913,1930,0.985,['Big Bill Broonzy'],0.708,164667,0.453,0,5wh5X99ksMwSFy2RUzBHs7,0.00186,3,0.149,-9.267,1,I Can't Be Satisfied,13,1930,0.0368,78.84
0.0688,1930,0.981,"['Franz Liszt', 'Vladimir Horowitz']",0.43,636293,0.203,0,6lDaWKLr7PtqT1iDZTDLaE,0.8859999999999999,3,0.74,-19.76,1,"Scherzo & March, S. 177",15,1930,0.0427,123.483
0.8,1930,0.99,['Big Bill Broonzy'],0.591,171333,0.219,0,0qInprIqSvJ8OgDHbYldOk,0.0763,0,0.0953,-13.34,1,Whiskey & Good Time Blues,13,1930,0.0637,90.699
0.0734,1930,0.975,"['Franz Liszt', 'Vladimir Horowitz']",0.37,735200,0.189,0,19Ol0MHJQ9aFXy1k1717Yq,0.8420000000000001,1,0.6940000000000001,-22.01,0,"Mephisto Waltz No. 1, S. 514",15,1930,0.0442,118.259
0.0634,1930,0.979,"['Franz Liszt', 'Vladimir Horowitz']",0.31,1803280,0.22,0,6Zy82cYdN3x9ktUpQxHydk,0.868,6,0.162,-16.664,1,"Piano Sonata in B Minor, S. 178",14,1930,0.0428,79.903
0.0379,1930,0.982,"['Franz Liszt', 'Vladimir Horowitz']",0.295,791893,0.0713,0,34y6Gie19NTeapGMoqCHhl,0.8909999999999999,11,0.6990000000000001,-20.649,1,"Années de pèlerinage, Première année (Suisse), S. 160: No. 6, Vallée d'Obermann",14,1930,0.0472,75.303
0.14400000000000002,1930,0.986,"['Franz Liszt', 'Vladimir Horowitz']",0.402,413253,0.255,0,3UYi1RHLfYpKme0mNVAMk8,0.858,1,0.0819,-18.193,1,"Hungarian Rhapsody No. 6 in D-Flat Major, S. 244",10,1930,0.0439,114.921
0.498,1930,0.968,['Louis Armstrong'],0.473,181240,0.201,0,4uTCLbeG5UfyupxnQtiAco,0.0206,5,0.207,-10.122,1,Do You Know What It Means to Miss New Orleans? - Remastered 1996,10,1930,0.0471,93.239
0.126,1930,0.993,"['Franz Liszt', 'Vladimir Horowitz']",0.329,492907,0.263,0,5za81tno3SpPH0Lvj7WkuE,0.8809999999999999,3,0.115,-19.664,1,"Danse macabre, S. 555 (after Camille Saint-Saens)",12,1930,0.0421,82.62200000000001
0.713,1930,0.982,['Louis Armstrong & His Sebastian New Cotton Club Orchestra'],0.575,193507,0.392,0,0LIPDfeMSvz4t60rNqtsNh,0.113,3,0.15,-10.655,1,I'm In the Market for You,8,1930,0.0485,142.785
0.0692,1930,0.958,"['Franz Liszt', 'Vladimir Horowitz']",0.342,618987,0.17600000000000002,0,17X3oOGvjrOnY43fTQf8nA,0.861,5,0.0963,-18.769,1,"Sonata for Piano in B Minor, S. 178: I. Lento assai - Allegro energico",12,1930,0.0286,79.566
0.349,1930,0.991,['Al Bowlly'],0.419,195067,0.0378,0,1jRUl3a65OlIMzewLkEprP,0.341,1,0.141,-22.449,1,"I'm Gonna Sit Right Down and Write Myself a Letter / Auf Wiedersehen, My Dear",10,1930,0.0973,175.21599999999995
0.929,1930,0.991,['Big Bill Broonzy'],0.624,157067,0.433,0,2DTL1nQAVTK7YDRMeyFYb3,0.0128,9,0.272,-8.684,0,Trucking Little Woman,11,1930,0.29100000000000004,165.215
0.244,1930,0.988,['Al Bowlly'],0.5820000000000001,203067,0.0317,0,3AYv89siAYtbiWDcDxOjmY,0.000261,0,0.0595,-21.242,1,It's All Forgotten Now,9,1930,0.0462,81.22800000000002
0.934,1930,0.772,['Benny Goodman'],0.4920000000000001,182107,0.461,0,4Weg2Kb3y8EFrC36oBTFL5,0.421,5,0.0572,-7.548999999999999,1,Scarecrow,6,1930,0.049,189.01
0.562,1930,0.991,['Louis Armstrong & His Sebastian New Cotton Club Orchestra'],0.546,215360,0.226,0,4wFgfAZwUI6mrBtwLr1UXj,0.5870000000000001,3,0.108,-11.81,1,If I Could Be With You (One Hour Tonight),14,1930,0.0431,95.896
0.338,1930,0.991,"['Jack Teagarden', 'Ben Pollack & His Orchestra']",0.456,230933,0.135,0,63kng19IR22zdFCNwsTlCD,0.00137,0,0.133,-18.486,1,Swingin' in a Hammock,9,1930,0.0939,129.871
0.28,1930,0.994,"['Jack Teagarden', 'Ben Pollack & His Orchestra']",0.452,191280,0.0652,0,0IOvf9omJDhNW2dYp8Bq69,1.61e-06,4,0.301,-17.386,0,I Still Get a Thrill,8,1930,0.0685,75.154
0.0862,1930,0.957,"['Franz Liszt', 'Vladimir Horowitz']",0.32299999999999995,410933,0.0429,0,0cWpZ3g8UYSqMjALp83pQo,0.772,6,0.117,-24.761,1,"Sonata for Piano in B Minor, S. 178: II. Andante sostenuto",10,1930,0.0337,120.188
0.052000000000000005,1930,0.985,"['Franz Liszt', 'Vladimir Horowitz']",0.266,387920,0.0966,0,0d8BF98CQPoRinBOT0sX0p,0.919,4,0.0921,-22.489,1,"No. 5, Sonetto 104 del Petrarca",11,1930,0.0398,84.292
0.0802,1930,0.99,"['Franz Liszt', 'Vladimir Horowitz']",0.335,184213,0.0573,0,0htuZuZxpuKswTVSCKsLg7,0.925,10,0.0999,-24.872,0,"Valses oubliées, S. 215: No. 1 in F-Sharp Major",11,1930,0.0562,79.76
0.962,1930,0.937,['Mississippi Sheiks'],0.752,192267,0.459,0,1xKRwUhgYO5FEsHYXfdQgH,0.007809999999999998,3,0.328,-6.093,1,The Jazz Fiddler,8,1930,0.0403,105.526
0.362,1930,0.994,"['Jack Teagarden', 'Ben Pollack & His Orchestra']",0.487,219960,0.109,0,3FkSu26C0CcBzciaR7cuAK,5.24e-05,2,0.139,-20.146,1,Maybe It's Love,8,1930,0.271,96.949
0.75,1930,0.983,"['Francisco Alves', 'Mario Reis']",0.7,148219,0.593,0,5RXchQNEfOrsAtfklgYNnR,8.3e-05,6,0.379,-5.8370000000000015,1,Fita Amarela,30,1930-06-14,0.181,107.391
0.0364,1930,0.988,"['Franz Liszt', 'Vladimir Horowitz']",0.305,399827,0.0457,0,66Zm9UHiKKnnyiuxsq48Ur,0.937,11,0.107,-23.484,1,"Isoldes Liebestod from Tristan und Isolde, S. 447 (after Richard Wagner)",11,1930,0.0398,67.721
0.0654,1930,0.991,"['Franz Liszt', 'Vladimir Horowitz']",0.212,233067,0.0768,0,66wyNHunn4A3nxiATrbz4p,0.8170000000000001,8,0.11,-24.628,1,"Années de pèlerinage, Première année (Suisse), S. 160: No. 5, Au bord d'une source",11,1930,0.0403,70.65899999999998
0.674,1930,0.966,['Louis Armstrong'],0.775,161240,0.179,0,6kg8X6kopBEBZwePc387nD,1.83e-06,3,0.0385,-12.898,1,Blue Yodel No. 9 - 1996 Remastered,7,1930,0.0584,107.406
0.236,1930,0.994,"['Jack Teagarden', 'Ben Pollack & His Orchestra']",0.525,215973,0.124,0,75ska8UYesfNd0ihZBdcQ2,0.0153,7,0.275,-14.219,0,How Are You Tonight in Hawaii,8,1930,0.0407,97.109
0.353,1930,0.988,"['Franz Liszt', 'Vladimir Horowitz']",0.34600000000000003,362293,0.3,0,03qUZSPHqcWoItJRvyDGOl,0.85,0,0.448,-15.914,1,"Wedding March and Variations, S. 410 (after Felix Mendelssohn)",9,1930,0.0379,76.991
0.815,1930,0.821,['Louis Armstrong'],0.594,272693,0.387,0,0nSmgIviH2EEo0fnWdXKY1,0.000418,8,0.0463,-10.195,1,I'm Crazy 'Bout My Baby,7,1930,0.0592,164.18200000000004
0.102,1930,0.984,"['Franz Liszt', 'Vladimir Horowitz']",0.375,162840,0.0325,0,0xrAQaBpCiRgTh4KtQCJ70,0.74,6,0.171,-28.284,1,"Consolation No. 4 in D-Flat Major, S. 172/4",10,1930,0.0439,99.413
0.29600000000000004,1930,0.994,"['Jack Teagarden', 'Ben Pollack & His Orchestra']",0.401,188387,0.0511,0,1H9JPMb4ReMwIVJqyqXpV4,0.0,10,0.141,-17.925,1,So Beats My Heart for You,8,1930,0.0676,74.348
0.936,1930,0.99,"['Jack Teagarden', 'Ben Pollack & His Orchestra']",0.742,184587,0.433,0,1tJpoTInuKcs6E98Z822mt,0.899,2,0.18600000000000005,-16.203,0,That's a Plenty,6,1930,0.0821,118.506
0.488,1930,0.994,"['Jack Teagarden', 'Ben Pollack & His Orchestra']",0.807,158160,0.316,0,217jXFQbJ2d3YZzmum1Gzg,0.255,5,0.38,-13.851,1,Let's Go Native,6,1930,0.408,116.159
0.7509999999999999,1930,0.993,"['Jack Teagarden', 'Ben Pollack & His Orchestra']",0.6659999999999999,162640,0.349,0,26HQL0r22UvH6Nn5TZQV86,0.713,0,0.119,-13.388,0,Raggin' the Scale,6,1930,0.0504,117.847
0.619,1930,0.994,"['Jack Teagarden', 'Ben Pollack & His Orchestra']",0.594,181120,0.0648,0,2EirnsbAA6LP6t2lBAbH8A,1.01e-05,7,0.35700000000000004,-18.931,1,Confessin',6,1930,0.123,121.361
0.3,1930,0.993,"['Jack Teagarden', 'Ben Pollack & His Orchestra']",0.515,192853,0.156,0,2vTGqTaWzCy88jiIhsEeW9,0.0516,10,0.126,-14.924,0,Blue Is the Night,8,1930,0.0386,97.985
0.0959,1930,0.989,"['Franz Liszt', 'Vladimir Horowitz']",0.379,446107,0.0877,0,3UaOfi16cKYbWt4EcHQJJr,0.868,9,0.7020000000000001,-24.512,1,"Soirées de Vienne, S. 427 No. 6: Allegro con strepito - Live",10,1930,0.0458,89.20200000000001
0.696,1930,0.99,"['Jack Teagarden', 'Ben Pollack & His Orchestra']",0.732,123387,0.264,0,3q5NHxclXJ63VDyevFAkoM,0.000852,5,0.0946,-14.148,1,Betty Co-Ed,6,1930,0.322,135.011
0.093,1930,0.991,"['Franz Liszt', 'Vladimir Horowitz']",0.299,630213,0.196,0,4IClxzDjNjeuDZSdbnZKir,0.862,8,0.16399999999999998,-19.066,1,"No. 7, Funérailles",10,1930,0.0369,82.50399999999998
0.389,1930,0.994,['Al Bowlly'],0.621,176613,0.0281,0,5S7QO2jFR7ZUrfrYxb4qGx,2.95e-06,7,0.324,-21.273000000000003,1,Everything I Have is Yours,5,1930,0.07200000000000001,105.501
0.314,1930,0.973,"['Franz Liszt', 'Vladimir Horowitz']",0.503,190787,0.17600000000000002,0,6LkXoMRSKYIuqOirAAEib2,0.0498,3,0.208,-20.393,1,"Etude No. 2 in E-Flat Major, S. 140/2 (after Paganini Caprice No. 17)",9,1930,0.0425,112.101
0.919,1930,0.93,"['Jack Teagarden', 'Ben Pollack & His Orchestra']",0.731,178813,0.371,0,6NLCeWJC4Ktm2wF046Xkxc,0.895,5,0.078,-18.239,1,Farwell Blues,6,1930,0.0471,126.999
0.0693,1930,0.989,"['Franz Liszt', 'Vladimir Horowitz']",0.343,197373,0.193,0,6qX1FbGukJCVitsb6dxSm3,0.7929999999999999,3,0.969,-26.707,0,"Valse oubliées, S. 215: No. 1 in F-Sharp Major - Live",9,1930,0.0669,90.00200000000002
0.0994,1930,0.992,"['Franz Liszt', 'Vladimir Horowitz']",0.339,169933,0.06,0,79NapO7pzkOMOuaBzc0jj7,0.872,6,0.127,-24.163,1,"Valse oubliée in F-Sharp Major, S. 215/1",9,1930,0.0434,135.91899999999998
0.703,1930,0.985,"['Louis Armstrong & His Hot Seven', 'Louis Armstrong']",0.703,206493,0.116,0,7d9qoYu7BARPHbK4Qxnbud,0.005679999999999999,5,0.36,-12.071,0,Sugar,6,1930,0.0861,132.946
0.0622,1930,0.987,"['Franz Liszt', 'Vladimir Horowitz']",0.263,377920,0.0751,0,7mGMHTfu7RmxNTyj5WWL3c,0.866,4,0.672,-23.928,1,"Années de pèlerinage II (Italie), S. 161: No. 5, Sonetto del Petrarca No. 104 - Live",10,1930,0.0434,79.47399999999998
0.0406,1930,0.993,"['Franz Liszt', 'Vladimir Horowitz']",0.327,319440,0.0193,0,7nBTY1HQcyaJPb1uqRXGut,0.9,1,0.0927,-28.132,1,"Weinen, Klagen, Sorgen, Zagen, S. 179 (after J. S. Bach)",10,1930,0.0508,76.097
0.449,1930,0.994,"['Jack Teagarden', 'Ben Pollack & His Orchestra']",0.593,183840,0.0745,0,7pOn7UIoGWYTULi76NxcnP,0.0169,9,0.37,-18.676,1,Beale Street Blues,6,1930,0.0631,101.128
0.0798,1930,0.933,"['Franz Liszt', 'Vladimir Horowitz']",0.28800000000000003,615667,0.145,0,7paJusVgjTQGvFZpTDHYBW,0.76,11,0.7170000000000001,-19.411,1,"Sonata for Piano in B Minor, S. 178: III. Allegro energico (fugato)",9,1930,0.0359,106.101
0.203,1930,0.913,['Marlene Dietrich'],0.366,178867,0.122,0,06AZEK3z6EsTZ1DtnVIJM5,7.18e-05,7,0.0808,-13.035,0,Come Rain Or Come Shine,11,1930,0.0417,72.82
0.441,1930,0.991,"['Jack Teagarden', 'Ben Pollack & His Orchestra']",0.49,99120,0.124,0,0el6X6PAnSnspSFYGgYcFg,0.0889,10,0.256,-17.996,1,My Bluebird Was Caught In the Rain,6,1930,0.311,72.617
0.355,1930,0.995,"['Jack Teagarden', 'Ben Pollack & His Orchestra']",0.654,197133,0.13699999999999998,0,1Ve55Wsljsj0lVN044V8NY,0.000364,3,0.1,-15.34,1,If I Could Be With You,6,1930,0.0722,98.467
0.221,1930,0.986,"['Franz Liszt', 'Vladimir Horowitz']",0.313,314720,0.405,0,2eH0OKHr1pK7dXxllKHuGC,0.797,9,0.141,-14.727,1,"No. 15 in A Minor, S. 244/15 (Rakóczy March)",9,1930,0.032,88.19
0.963,1930,0.0364,"['George Symonette', 'The Native Bahamian Rhythms']",0.795,148240,0.7140000000000001,0,2lI3pXnhkRho7VcV3ldCj3,0.0,8,0.329,-4.345,1,Don't Touch Me Tomato,11,1930-01-01,0.227,95.571
0.111,1930,0.989,"['Franz Liszt', 'Vladimir Horowitz']",0.299,206947,0.159,0,3IIe4wDrjwuf74vuC8a549,0.882,8,0.123,-20.6,0,"No. 4, Au bord d'une source",9,1930,0.0328,134.446
0.271,1930,0.962,"['Franz Liszt', 'Vladimir Horowitz']",0.328,138027,0.106,0,3MDKNngBxa6nNGSKibLhKk,0.586,11,0.243,-22.663,1,"Valse oubliée No. 1 in F-Sharp Major, S. 215/1",8,1930,0.0349,87.9
0.748,1930,0.994,"['Jack Teagarden', 'Ben Pollack & His Orchestra']",0.448,182160,0.228,0,3x0MekfxonnDMqaxxAUBm5,0.476,2,0.224,-16.774,0,Just a Little Dance Mam'selle,6,1930,0.139,176.93200000000004
0.696,1930,0.97,['Stuff Smith & His Onyx Club Boys'],0.823,179733,0.425,0,47IYfYdLlUmMVGCJIq9DsB,0.000572,2,0.0564,-9.569,0,Here Comes The Man With The Jive,4,1930,0.222,113.762
0.203,1930,0.993,"['Franz Liszt', 'Vladimir Horowitz']",0.319,144667,0.0315,0,4GihfxmadyDZ4xWqz5NbDi,0.861,4,0.202,-29.281,1,"Consolation No. 5 in E Major, S. 172/5",8,1930,0.0312,92.833
0.53,1930,0.995,"['Jack Teagarden', 'Ben Pollack & His Orchestra']",0.7170000000000001,190587,0.139,0,4VRAKtcteK0AJseH3pspys,0.122,8,0.0952,-16.034000000000002,1,Rollin' Down the River,6,1930,0.0549,65.443
0.512,1930,0.921,['Mississippi Sheiks'],0.555,189373,0.275,0,5493aKroBLSkd7TSLkmZ8N,0.0,7,0.119,-8.315,0,Bed Spring Poker,7,1930,0.0386,101.901
0.166,1930,0.991,['Al Bowlly'],0.435,190413,0.0351,0,55nfwuJAo0ZgddbISRoAMN,0.269,7,0.0912,-22.593000000000004,0,"Lover, Come Back to Me / Dancing in the Dark",6,1930,0.0505,68.243
0.95,1930,0.994,"['Jack Teagarden', 'Ben Pollack & His Orchestra']",0.866,178453,0.373,0,5Ssn2EG2dCP92TWvuilgzq,0.108,2,0.127,-15.287,0,There's a Wah Wah Girl,6,1930,0.2,112.743
0.29,1930,0.992,"['Jack Teagarden', 'Ben Pollack & His Orchestra']",0.371,84133,0.118,0,6mFi7WrCrJEM8YS3HUJuj5,0.000392,8,0.19,-18.826,1,Just a Little Closer,6,1930,0.0957,76.263
0.507,1930,0.993,"['Jack Teagarden', 'Ben Pollack & His Orchestra']",0.644,247800,0.0801,0,74anU1wRKVJDRed1WqwY2I,0.0,3,0.191,-18.748,1,My Future Just Passed,6,1930,0.278,120.296
0.0657,1930,0.993,"['Franz Liszt', 'Vladimir Horowitz']",0.366,190573,0.208,0,7j90oM3fO2nufEjCFijDPx,0.879,3,0.747,-16.984,0,"Valses oubliées: No. 1 in F-Sharp Major, S. 215/1",9,1930,0.041,140.356
0.852,1930,0.944,"[""Erskine Hawkins & His 'Bama State Collegians""]",0.743,186933,0.431,0,0Rb4P244eR1PurIEyvbfWW,0.246,8,0.0959,-9.528,1,Swinging In Harlem,3,1930,0.0421,97.814
0.695,1930,0.527,['Louis Armstrong'],0.521,173000,0.3670000000000001,0,0amJunMZCmdKl30JouAkTd,2.92e-05,0,0.0728,-10.449000000000002,1,Honeysuckle Rose,5,1930,0.177,173.44
0.405,1930,0.985,"['Felix Mendelssohn', 'Andrés Segovia']",0.451,258067,0.0742,0,1rnMb5WWgCSBEIjykTd2KP,0.8859999999999999,4,0.0827,-25.842,0,String Quartet in Eb Op.12: Canzonetta,5,1930-01-01,0.046,91.285
0.182,1930,0.987,['Al Bowlly'],0.46,165840,0.0197,0,20QHJsdM6e9te9o9kZnomf,0.000283,7,0.0625,-20.795,1,It Was So Beautiful,4,1930,0.0456,76.695
0.31,1930,0.99,['Al Bowlly'],0.477,190680,0.0751,0,2h3NqYmu71NRWugWx1BSGT,9.15e-06,10,0.175,-16.127,1,Happy Go Lucky You (and Broken-Hearted Me),5,1930,0.0698,77.032
0.57,1930,0.994,['Al Bowlly'],0.648,179187,0.122,0,33WN4XUqHrfF02FPXULJMm,0.289,0,0.193,-18.483,1,You Oughta be in Pictures (My Star of Stars),3,1930,0.113,80.533
0.792,1930,0.982,['Jack Payne'],0.7290000000000001,160773,0.11,0,3HeXfgP8AzMNgR46E9mb9f,0.0268,3,0.0839,-19.599,1,I've Got a Feeling I'm Falling,3,1930,0.131,99.292
0.14400000000000002,1930,0.976,['Al Bowlly'],0.314,196387,0.0567,0,4cgk7ukE91SsT8EcMhRZQu,3.98e-06,7,0.101,-18.894,1,Lover Come Back to Me,5,1930,0.0387,95.833
0.528,1930,0.58,['Joe Quartz'],0.713,319366,0.585,0,4yLjthaWOGeSAWu9B4YRUW,0.5870000000000001,2,0.0934,-12.239,1,Lugette,5,1930,0.0437,142.015
0.339,1930,0.971,['Al Bowlly'],0.383,182053,0.112,0,54LJKDiJ2nQU3dvynduEhx,0.0,3,0.202,-16.587,1,Be Still My Heart,5,1930,0.07400000000000001,86.914
0.782,1930,0.987,['Mississippi Sheiks'],0.6609999999999999,206627,0.394,0,55tZXEINNiixXBn6O8DJdL,0.0,8,0.163,-5.391,1,Please Don't Wake It Up,6,1930,0.0367,133.747
0.21600000000000005,1930,0.973,['Al Bowlly'],0.419,188853,0.054000000000000006,0,5XapJuLmw2bnqqSps74gg0,0.000166,10,0.116,-18.57,1,Madonna Mine,4,1930,0.0468,166.791
0.425,1930,0.989,"['Francisco Tárrega', 'Andrés Segovia']",0.198,127507,0.0807,0,5krafcYMzcSVUD71tz6mCV,0.883,8,0.0947,-27.095,1,Etude in A major,5,1930-01-01,0.038,64.703
0.525,1930,0.648,['Joe Quartz'],0.7190000000000001,221661,0.384,0,5ovhhpR1lVFaHisWcG5T1V,0.0008029999999999999,4,0.0859,-14.056,0,Ferdinand et Marguerite,9,1930,0.0634,95.459
0.4,1930,0.93,['Al Bowlly'],0.593,175680,0.121,0,5vZId0AoG3NNBSMfGvQsUZ,0.0,8,0.0737,-17.624000000000006,1,What Do You Know About Love?,5,1930,0.0609,110.544
0.239,1930,0.866,['Joe Quartz'],0.581,254745,0.168,0,5y9BQQgfP4mxj2dehLKCEU,0.242,4,0.12,-12.571,1,Dobido,6,1930,0.0326,106.086
0.652,1930,0.97,"['Johann Sebastian Bach', 'Andrés Segovia']",0.253,87907,0.0676,0,6jnANj8rhL9K2Veil8ayg4,0.914,3,0.108,-29.299,0,Prelude BWV 999,4,1930-01-01,0.0435,103.324
0.595,1930,0.939,['Louis Armstrong & His Savoy Ballroom Five'],0.6579999999999999,212360,0.181,0,6ocFjjHGga9prvmMsxq5Pp,0.247,7,0.0946,-11.544,1,I Can't Give You Anything But Love,4,1930,0.0608,108.626
0.447,1930,0.994,['Al Bowlly'],0.609,183587,0.0524,0,796yeK1jnQlOpW4F6IwS6a,0.000271,9,0.0711,-21.244,0,The Little Dutch Mill,4,1930,0.0615,117.875
0.364,1930,0.989,['Jack Payne'],0.303,165493,0.16699999999999998,0,7Dlwnu9FyGkhT0UmCXKfcX,0.0153,2,0.118,-17.756,1,So Blue,5,1930,0.0586,82.87299999999998
0.703,1930,0.506,['Louis Armstrong'],0.752,200000,0.47,0,7GYx2KzvJ7iJiWGsbJb7Hq,0.00297,0,0.107,-8.586,1,Keepin' Out of Mischief Now,6,1930,0.0525,128.764
0.59,1930,0.636,['Louis Armstrong'],0.44,190267,0.406,0,7MHyRApG9yln6S6xcUY3PA,0.000205,10,0.278,-9.356,1,I've Got a Feeling I'm Falling,5,1930,0.0541,169.06
0.851,1930,0.921,['Big Bill Broonzy'],0.687,153667,0.471,0,01VeMVUtquMUIh7FWUhQmq,4.32e-06,8,0.0835,-9.296,1,Just A Dream,3,1930,0.064,101.272
0.213,1930,0.8490000000000001,['Louis Armstrong'],0.382,178093,0.179,0,030znZ7LmJJlYiWsKtW4pc,0.0,8,0.135,-15.968,1,I Didn't Know Until You Told Me,3,1930,0.038,78.282
0.422,1930,0.968,['Big Bill Broonzy'],0.7020000000000001,183267,0.188,0,0H6MmZqU7IFVZaOSl70Jn4,0.000378,3,0.106,-13.01,1,Worrying You Off My Mind,4,1930,0.0452,94.692
0.513,1930,0.911,['Mississippi Sheiks'],0.586,209733,0.321,0,0JG990zHtPPPplf9Rrzf7P,0.000166,5,0.268,-8.36,1,Stop and Listen Blues # 2 - Live,4,1930,0.0378,85.98100000000002
0.464,1930,0.993,['Al Bowlly'],0.674,206840,0.0245,0,0SYrPIJ8B3D5r1BYFsctGw,0.0165,0,0.156,-24.649,1,Frankie and Johnny Blues,3,1930,0.13699999999999998,136.808
0.273,1930,0.995,"['Manuel Ponce', 'Andrés Segovia']",0.447,205267,0.0129,0,0VhMwxAwhomkjGK6QfWwMm,0.946,4,0.165,-35.624,1,Mazurka,3,1930-01-01,0.0313,84.28399999999998
0.551,1930,0.996,['Sofia Vempo'],0.449,198000,0.298,0,0hITg7uuRtmRXL3Rjc1e39,0.0157,3,0.364,-11.125,0,Se lipame,7,1930-01-01,0.0384,109.094
0.8270000000000001,1930,0.961,['Louis Armstrong'],0.586,205907,0.4270000000000001,0,0ofr8LgnX3BDKvaC4CrqUE,0.541,10,0.404,-8.947000000000003,1,High Society,3,1930,0.0686,120.884
0.19,1930,0.994,['Al Bowlly'],0.336,191947,0.0555,0,0p0N5bpzwgwXdXoAUm6a9W,0.0008619999999999999,5,0.159,-20.57,1,Love Locked Out,3,1930,0.0714,73.498
0.402,1930,0.986,['Mississippi Sheiks'],0.5760000000000001,200093,0.28600000000000003,0,0xenOe5TRSF7sChmEqNYmF,1.97e-06,8,0.284,-6.95,1,Driving That Thing,4,1930,0.0316,109.017
0.378,1930,0.983,"['Manuel Ponce', 'Andrés Segovia']",0.563,179173,0.0166,0,15yizWta6TNfiH0v2Cy26L,0.117,6,0.127,-27.709,0,Suite in A major: Sarabande,3,1930-01-01,0.0406,79.79899999999998
0.78,1930,0.75,['Joe Quartz'],0.722,260585,0.392,0,1Apse11VoMJsmMSJmFEcxr,0.499,9,0.127,-13.395,0,Petite souche,3,1930,0.0381,148.02100000000004
0.368,1930,0.969,['Louis Armstrong'],0.339,310867,0.386,0,1YLfH44PcVWsuvdiOC8CP7,0.0004730000000000001,1,0.7490000000000001,-12.009,1,Rockin' Chair (Live) - 2001 Remastered,2,1930,0.0625,78.27
0.685,1930,0.908,['Louis Armstrong'],0.319,235493,0.669,0,1aMkvkHB0AuyddAnR79N7G,0.5589999999999999,3,0.687,-9.47,1,Ain't Misbehavin' (Live) - 1996 Remastered,3,1930,0.0942,172.812
0.705,1930,0.995,"['Johann Jakob Froberger', 'Andrés Segovia']",0.573,95867,0.0574,0,1y0LhMm72VzA6YIbqSNroR,0.94,8,0.109,-26.037,0,Gigue,2,1930-01-01,0.0467,94.268
0.564,1930,0.701,['Joe Quartz'],0.373,238792,0.526,0,23amUyv2WMXc0ABGvaTTof,0.0356,9,0.0686,-11.605,1,Liubov,3,1930,0.044,153.0
0.506,1930,0.991,['Louis Armstrong'],0.63,207093,0.172,0,24Mh3bSvLD92oTEeVHb5if,0.101,10,0.0778,-12.204,1,Basin Street Blues - 1996 Remastered,2,1930,0.0499,122.039
0.736,1930,0.993,['Big Bill Broonzy'],0.6859999999999999,173507,0.183,0,25ZrprJlya5H56hiaF9VNe,0.336,10,0.0958,-13.723,1,It's a Low Down Dirty Shame,2,1930,0.0621,106.133
0.721,1930,0.992,"['Federico Moreno Torroba', 'Andrés Segovia']",0.486,116400,0.0415,0,2LwzK6ptorb20ObR9G6CiL,0.894,5,0.107,-24.831,0,Preludio,4,1930-01-01,0.0516,82.80799999999998
0.618,1930,0.975,"['Johann Sebastian Bach', 'Andrés Segovia']",0.458,265667,0.0483,0,2XEtrZF1umCvISS9WlyQ83,0.857,10,0.107,-26.224,0,Fugue BWV 1001: Fugue in A minor,3,1930-01-01,0.0475,88.147
0.446,1930,0.996,['Julian Whiterose'],0.598,155742,0.208,0,37ISmVJE7UbMSqSOlJU4GY,0.7390000000000001,1,0.14300000000000002,-12.745,1,Iron Duke in the Land,3,1930-01-01,0.0848,112.679
0.0821,1930,0.644,['Joe Quartz'],0.488,259008,0.339,0,37lMgTXI1sgKJj5ZDEVrhM,0.101,0,0.0992,-10.753,1,Ballade,3,1930,0.0268,111.998
0.257,1930,0.96,['Al Bowlly'],0.481,191693,0.0636,0,3EMPnqbPpo34K1iUnghxP3,7.77e-06,3,0.0798,-16.684,1,Fancy Our Meeting,4,1930,0.0549,64.943
0.508,1930,0.987,['Louis Armstrong & His Sebastian New Cotton Club Orchestra'],0.483,201240,0.236,0,3LBSGI6hi6BqEKydufSwnR,0.503,3,0.14300000000000002,-11.117,1,I'm Confessin' (That I Love You),5,1930,0.0562,82.211
0.452,1930,0.994,['Phil Madison'],0.611,179435,0.28600000000000003,0,3NDn7SiVRBjtYGFhs90KPm,1.08e-06,5,0.405,-10.853,1,Caroni Swamp,4,1930-01-01,0.217,82.85700000000001
0.772,1930,0.978,"['Federico Moreno Torroba', 'Andrés Segovia']",0.5920000000000001,203827,0.0782,0,3PFi5c5aAisqdoTknsaVVf,0.905,10,0.102,-23.411,1,Sonata 1,2,1930-01-01,0.0594,127.759
0.5,1930,0.99,['Louis Armstrong'],0.504,267533,0.24,0,3Q8hlr7f1rHsv6a6nMSMqY,0.00268,3,0.229,-10.917,1,Medley Of Armstrong Hits - Part I - Remastered - 1996,2,1930,0.0698,143.343
0.693,1930,0.916,"['Johann Sebastian Bach', 'Andrés Segovia']",0.317,135993,0.319,0,3RjWahus8sYpq67DMM33zF,0.923,2,0.126,-16.522000000000002,1,"Cello Suite No.1, BWV 1007: Prelude",4,1930-01-01,0.0418,162.838
0.5489999999999999,1930,0.914,['Mississippi Sheiks'],0.521,199867,0.28,0,3X5IO1YspGqE4W4mEjFPOu,0.0,10,0.126,-7.542000000000002,1,Seen Better Days,3,1930,0.0451,93.82
0.555,1930,0.917,['Mississippi Sheiks'],0.568,188733,0.276,0,3ZSSnq35gKal09waWnHLSm,6.94e-06,3,0.258,-8.639,1,When You're Sick With The Blues,3,1930,0.0367,100.989
0.657,1930,0.969,['Mississippi Sheiks'],0.508,182573,0.339,0,3o8WQBcVcDTSF2vNd7J5qC,0.000339,7,0.5820000000000001,-7.81,1,Things About Comin' My Way,3,1930,0.0365,96.516
0.898,1930,0.996,['Lionel Belasco'],0.5589999999999999,170160,0.238,0,3ztbDgnsx4QDjvGvtppccG,0.954,2,0.141,-20.619,1,Bajan Girl,4,1930-01-01,0.0368,112.563
0.926,1930,0.991,['Carlos Galhardo'],0.7120000000000001,197092,0.623,0,44NkmEmGvCudWCfqWklKIq,0.5660000000000001,4,0.303,-9.828,1,O Palhaço o Que É?,7,1930-06-14,0.04,134.58
0.637,1930,0.94,['Jack Payne'],0.569,170867,0.117,0,4C8Zw7r2LvN4SnBDtIu7qc,0.008740000000000001,0,0.151,-22.011,1,Fancy You Falling for Me!,2,1930,0.0383,114.602
0.738,1930,0.982,"['Manuel Ponce', 'Andrés Segovia']",0.385,165960,0.108,0,4DIRWsTjTb728nKD6oBRY4,0.845,9,0.141,-28.06,0,Suite in A major: Allemande,2,1930-01-01,0.0499,110.895
0.78,1930,0.89,['Louis Armstrong'],0.732,196227,0.385,0,4HdW1EYjRp7ajFvTNjQeIm,0.0291,3,0.0626,-8.389,1,My Sweet,3,1930,0.0442,105.813
0.318,1930,0.994,"['Robert de Visée', 'Andrés Segovia']",0.525,126467,0.0267,0,4absIJE5RT5SThe3czL4qD,0.944,10,0.0993,-28.022,0,Menuet ΙΙ,3,1930-01-01,0.05,117.475
0.618,1930,0.987,"['Manuel Ponce', 'Andrés Segovia']",0.337,103867,0.099,0,4qR7OhYApIaHHxSPNseokj,0.9,9,0.106,-25.428,0,Suite in A major: Prelude,3,1930-01-01,0.0543,171.108
0.733,1930,0.753,['Louis Armstrong'],0.376,252773,0.75,0,4xc65FHMiwCXAyEKzgFbyq,0.000593,1,0.952,-9.557,1,All of Me - Live,4,1930,0.438,178.94799999999995
0.273,1930,0.992,"['Isaac Albéniz', 'Andrés Segovia']",0.551,262160,0.0323,0,52SOa179l2BYP1WSWFzAm2,0.8220000000000001,4,0.0728,-23.992,1,Suite Espagnole: Granada,5,1930-01-01,0.0487,136.537
0.845,1930,0.495,"['Louis Armstrong', 'Velma Middleton']",0.621,188373,0.519,0,59Ijm3reb2KJspBMrvxAaW,1.7e-06,1,0.928,-11.184,1,Ko Ko Mo (I Love You So) (with Velma Middleton) - Live,4,1930,0.474,125.605
0.197,1930,0.34700000000000003,['Joe Quartz'],0.594,292815,0.498,0,5CMbKXZdxCKJjH6lc8mf6b,0.000118,2,0.204,-9.712,0,Self Afraid,4,1930,0.0351,75.991
0.541,1930,0.977,"['Francisco Tárrega', 'Andrés Segovia']",0.101,205800,0.0559,0,5Hy6gpv4UbJSU3ZWHx1bO7,0.878,10,0.0883,-31.495,1,Recuerdos de la Alhambra (Tremolo Study),5,1930-01-01,0.0378,168.658
0.0697,1930,0.482,['Joe Quartz'],0.484,235280,0.54,0,5Oj3IKohoeL6IcLYfUXDWz,0.72,8,0.08900000000000001,-10.929,1,Sait-On zamais,15,1930,0.0382,88.46700000000001
0.344,1930,0.988,"['Mario Castelnuovo-Tedesco', 'Andrés Segovia']",0.363,229173,0.0813,0,5oO1Rc70W1QiCdkJD33CxH,0.871,7,0.0967,-28.302,0,Hommage a Boccherini: Vivo ed Energico,4,1930-01-01,0.0346,141.25
0.387,1930,0.634,['Louis Armstrong'],0.406,257733,0.348,0,5pVCOhIe0C4JKpGPLk8RSU,0.0,0,0.17,-14.808,0,One Moment Worth Years,4,1930,0.0539,178.065
0.373,1930,0.988,"['Isaac Albéniz', 'Andrés Segovia']",0.4970000000000001,259200,0.0971,0,64sg6d7sQtZq86clvjajoi,0.873,7,0.115,-23.992,1,Suite Espagnole: Sevilla,3,1930-01-01,0.0509,121.93
0.184,1930,0.994,"['Joaquín Turina', 'Andrés Segovia']",0.383,239173,0.0145,0,6D9hngSqKJ9Qbg05fc0qup,0.933,9,0.0924,-33.566,0,Fandanguillo,4,1930-01-01,0.036000000000000004,78.825
0.505,1930,0.991,"['Federico Moreno Torroba', 'Andrés Segovia']",0.455,120507,0.0352,0,6G7bytqSRtLfFIOBjqRtCN,0.855,5,0.13,-28.657,0,Suite Castellana : Fandanguillo,4,1930-01-01,0.0623,138.605
0.429,1930,0.979,"['Fernando Sor', 'Andrés Segovia']",0.308,201560,0.336,0,6HExqSdqnJ2qzDt5zXnDxN,3.4e-06,2,0.154,-5.82,1,Variations op.9,2,1930-01-01,0.0319,72.343
0.299,1930,0.987,['Louis Armstrong'],0.501,181493,0.184,0,6JTbfmA7Rhxt0X0lGQfwbJ,0.00161,3,0.373,-10.712,1,I Gotta Right to Sing the Blues - Remastered - 2001,2,1930,0.0543,116.264
0.399,1930,0.979,"['Manuel Ponce', 'Andrés Segovia']",0.522,272240,0.0376,0,6M0iRxB4tjsoso8jsWJgqY,0.816,4,0.135,-25.751,0,Sonata No.3: First Movement,3,1930-01-01,0.0556,72.3
0.923,1930,0.983,['Louis Armstrong'],0.619,157133,0.297,0,6XpLVmZvSvYR7RoF1lmhE9,0.887,3,0.0647,-10.665,1,Mahogany Hall Stomp - Remastered - 1996,2,1930,0.0453,115.604
0.614,1930,0.959,['John Kirby and His Orchestra'],0.705,166867,0.237,0,6bBPVZcnuQhOecu645ZATA,0.8490000000000001,10,0.12,-10.423,1,Effervescent Blues,2,1930,0.0595,114.307
0.28,1930,0.923,['Louis Armstrong'],0.638,304000,0.219,0,6rCSWin5ezJDPjI779rG5R,0.0031,2,0.804,-10.541,1,Squeeze Me,4,1930,0.0633,77.355
0.708,1930,0.95,['Louis Armstrong'],0.703,272227,0.154,0,6zDWWdxHki5zn2GAOfLRBj,0.0006190000000000001,10,0.0663,-12.073,1,"Long, Long Journey - 1996 Remastered",2,1930,0.0605,97.509
0.259,1930,0.995,['Al Bowlly'],0.489,202747,0.0265,0,772Dizrv7jWdkW9NaZqWQC,0.0393,7,0.163,-21.093000000000004,1,By the Old Oak Tree,3,1930,0.0401,102.9
0.187,1930,0.944,['Joe Quartz'],0.303,209407,0.317,0,78IbZDTIZxaCU7hcXTevXy,0.306,4,0.102,-12.54,1,D'air qui date,3,1930,0.0367,92.673
0.313,1930,0.996,"['Manuel Ponce', 'Andrés Segovia']",0.453,170320,0.00938,0,79gmN0lCD8IwBHYn659Oxq,0.962,6,0.133,-33.759,0,Petite Valse,3,1930-01-01,0.0339,98.89
0.156,1930,0.925,['Mississippi Sheiks'],0.52,211200,0.292,0,7A3ZZqfIe8m0vzWHMrD5KG,6.05e-05,2,0.18,-7.909,1,Bootlegger's Blues,3,1930,0.0328,134.062
0.483,1930,0.993,['Al Bowlly'],0.652,183840,0.0782,0,7AJnaoyzrYTypaurzTDoC3,8.25e-05,8,0.187,-19.673,1,That's Me Without You,3,1930,0.0912,105.555
0.518,1930,0.975,['Louis Armstrong'],0.67,197840,0.272,0,7DAmXXp3fjIVIDgvOFuNqE,0.0233,8,0.303,-11.062,1,Back O' Town Blues,2,1930,0.0429,98.958
0.754,1930,0.972,['Jack Payne'],0.701,177880,0.285,0,7ERDo3RF8EFG5vGkSvzBQh,0.303,5,0.362,-19.2,1,Cheer Up and Smile,1,1930,0.0502,116.402
0.6940000000000001,1930,0.981,"['Johann Sebastian Bach', 'Andrés Segovia']",0.418,117933,0.108,0,7IOdgsfjfVdZEes5XIYvMK,0.902,10,0.0912,-27.604,0,Lute Suite BWV 996: Allemande,3,1930-01-01,0.0507,88.331
0.8140000000000001,1930,0.873,['Louis Armstrong'],0.5529999999999999,181093,0.483,0,7emNnBM23zKksjryqWAG3L,0.215,5,0.108,-8.318999999999999,1,Jack-Armstrong Blues - Remastered 1996,2,1930,0.0911,183.596
0.26,1930,0.979,"['Vicente Gomez', 'Guillermo Gomez']",0.184,179749,0.159,0,7xFjlgB66QC4yh7NFhfYLG,0.923,3,0.102,-22.917,0,Romance de amor,3,1930-01-01,0.0379,85.454
0.737,1930,0.99,['Stratos Pagioumtzis'],0.652,204453,0.245,0,007PHg6gge5dW1wnOEtucm,0.727,11,0.22,-14.034,1,Kalogeraki,0,1930-01-01,0.0573,113.176
0.6990000000000001,1930,0.903,['Roza Eskenazi'],0.364,193013,0.62,0,008X8kpgdmgWnoYB90s9Ap,0.0487,9,0.211,-7.334,1,Tsoupra to mantili sou,0,1930-01-01,0.0713,168.609
0.35200000000000004,1930,0.982,['Raquel Meller'],0.4,134870,0.402,0,018F1KR7mrLDZ08nk507u2,1.8100000000000006e-05,4,0.258,-3.1860000000000004,0,Rafaelillo,0,1930-01-01,0.0337,87.421
0.6709999999999999,1930,0.8220000000000001,['H.P. Lovecraft'],0.7170000000000001,127600,0.451,0,01ByBbtpK0Y4iIjUTHrNMC,0.0,1,0.239,-18.335,1,Capítulo 19.2 - el Que Susurraba en la Oscuridad,0,1930,0.936,123.596
0.64,1930,0.996,['Abhayapada Chatterjee'],0.535,182440,0.0875,0,01WaznoF1LByNFksXiBuUQ,0.812,8,0.312,-19.799,1,Kar Kathay Korechho Eto,0,1930-12-01,0.1,67.60600000000001
0.833,1930,0.92,['Castro Barbosa'],0.775,202961,0.389,0,01jm2ZKv94HDtD6eY7i62M,0.00157,3,0.0892,-12.113,0,Lig Lig Lé,2,1930-06-14,0.0633,120.825
0.693,1930,0.99,['Ignacio Corsini'],0.695,141307,0.119,0,01qL66lWg7DQ7McyTzpuGT,0.000191,9,0.104,-19.459,0,La Viajera Perdida - Remasterizado,0,1930-06-21,0.224,130.077
0.171,1930,0.955,['Luis Fernando Ramirez Zuluaga'],0.468,212415,0.229,0,02BZ1JvwiE4qYxYbOAtAz0,0.0,10,0.122,-7.313,0,La Dolorosa (Instrumental y Voz),0,1930-03-15,0.0365,122.161
0.418,1930,0.8190000000000001,['Robert Francis'],0.52,177767,0.262,0,02EEa8TwQTJSQ9FJg4s6sm,0.00219,10,0.0863,-8.979,1,There Will Never Be Another You,1,1930,0.0781,171.94799999999995
0.41,1930,0.985,"['Nikos Gounaris', 'Fotis Polimeris']",0.343,211187,0.183,0,02bIkd6ug2WvTge9nrGAFl,0.924,7,0.111,-20.057,1,Anatolitisa,1,1930-01-01,0.0375,142.181
0.938,1930,0.973,['Ignacio Corsini'],0.659,128533,0.244,0,03evrwG386T4PyDwUpxuN2,0.079,1,0.11,-14.847,1,Flor de Pajonal - Remasterizado,0,1930-06-21,0.25,147.865
0.961,1930,0.993,"['Francisco Canaro', 'Charlo']",0.73,210000,0.476,0,041FRBHLwDqohfnPY3iqZg,0.616,8,0.404,-8.154,1,Apriendan los Pedigueños - Remasterizado,0,1930-12-05,0.385,152.457
0.89,1930,0.963,['ANTONIS NTALGKAS'],0.606,193000,0.478,0,044xQqR334ZubSenP0v7Cq,0.341,6,0.0637,-8.272,1,Karotseris,0,1930-01-01,0.0588,100.048
0.687,1930,0.878,['Γιώργος Καρράς'],0.623,239387,0.414,0,04UbipCIYxv6nhOKFIDAdl,4.72e-05,0,0.189,-12.663,1,Στρίβε λόγια,0,1930-01-01,0.0426,126.803
0.961,1930,0.992,"['Francisco Canaro', 'Charlo']",0.7879999999999999,189493,0.269,0,05IbyxtzqfYtmfN7YmPet8,0.748,8,0.213,-10.633,1,Entre un Cubano y un San Martín - Remasterizado,0,1930-12-05,0.0807,109.109
0.843,1930,0.794,['H.P. Lovecraft'],0.7509999999999999,129228,0.419,0,05ZKoo2Q654lh0lSF36Yrq,0.0,10,0.266,-16.549,0,Capítulo 17.5 & Capítulo 18.1 - el Que Susurraba en la Oscuridad,0,1930,0.947,62.364
0.895,1930,0.98,"['André Filho', 'Aurora Miranda']",0.614,164284,0.441,0,05nMc0jvaMPMV2BOQOTVb3,8.58e-06,8,0.119,-4.5139999999999985,1,Cidade Maravilhosa,8,1930-06-14,0.12,138.304
0.426,1930,0.8540000000000001,['H.P. Lovecraft'],0.718,125022,0.53,0,05uPuG1uFHBPHZdPWgYJp1,0.0,10,0.312,-16.730999999999998,0,Capítulo 12.5 & Capítulo 13.1 - el Que Susurraba en la Oscuridad,0,1930,0.929,117.13
0.6809999999999999,1930,0.964,"['Margarita Cueto', 'Juan Arvizu']",0.485,178077,0.193,0,064I3mWtn3NaekWos41evx,1.4300000000000005e-05,5,0.154,-10.159,1,Todo Es Para Ti,0,1930-01-01,0.0957,68.53399999999999
0.753,1930,0.8370000000000001,['H.P. Lovecraft'],0.716,130300,0.438,0,06PNQ5W4zIy6GKYWURPbIE,0.0,11,0.252,-16.825,0,Capítulo 24.2 - el Que Susurraba en la Oscuridad,0,1930,0.956,90.505
0.62,1930,0.995,"['Petros Epitropakis', 'Antonis Kalampousis']",0.487,191840,0.409,0,06y04YSkdgDVysUFhAJxpC,0.00484,10,0.35100000000000003,-10.106,1,Mia Ginaika Perase,0,1930-01-01,0.0432,98.696
0.853,1930,0.987,['Alibert'],0.6829999999999999,172200,0.392,0,07jIWIgjOOEjWoNoMArZKR,0.0431,4,0.401,-13.34,1,Dans Ma Péniche,0,1930,0.449,112.947
0.946,1930,0.853,['Big Bill Broonzy'],0.721,176973,0.487,0,07rbhfROCEoUjaw3qnpKoh,1.09e-05,0,0.0892,-11.52,1,C & A Blues,3,1930,0.0428,114.291
0.125,1931,0.995,['Patrick Hunt'],0.6,136539,0.0673,0,2TPmGr30dbbJtdWVtcC2Fk,0.969,4,0.107,-21.48,1,When It's Sleepy Time Down South,13,1931,0.104,107.802
0.534,1931,0.987,['Clarence Ashley'],0.586,178416,0.317,0,4vkWZ8CqUxF4roCTLpzCe5,4.14e-06,9,0.325,-11.837,1,Dark Holler Blues,9,1931-04-16,0.0546,138.497
0.292,1931,0.957,['Sexteto Habanero'],0.459,166945,0.867,0,5KTVSSCVKkmKeH6pruMBkB,0.941,7,0.129,-17.102,0,La Chambelona,18,1931-07-01,0.0475,113.188
0.544,1931,0.94,"['Jack Payne', 'His BBC Dance Orchestra']",0.78,182880,0.252,0,2Pz3dCoNIj5EssxRmAPG9x,0.0338,0,0.233,-16.952,1,You're Driving Me Crazy,9,1931,0.0554,103.974
0.82,1931,0.96,"['Jack Payne', 'His BBC Dance Orchestra']",0.8009999999999999,184733,0.31,0,59K91lhBiveXbZ775POiHd,0.0773,10,0.0318,-17.233,1,Make Yourself a Happiness Pie,11,1931,0.052000000000000005,93.141
0.7709999999999999,1931,0.937,"['Jack Payne', 'His BBC Dance Orchestra']",0.7959999999999999,168080,0.298,0,4Qss6YELSdCRBK3NXpjwka,0.103,10,0.105,-18.478,1,"Okay, Baby",4,1931,0.0411,113.067
0.297,1931,0.948,['Clarence Ashley'],0.47,195631,0.242,0,4rMqgqUmZ0bgHeUKuciLDU,0.616,4,0.132,-13.088,1,Haunted Road Blues,3,1931-04-16,0.086,143.17
0.5920000000000001,1931,0.974,"['Jack Payne', 'His BBC Dance Orchestra']",0.64,182613,0.0753,0,53xhZzDU5kwMgu7FrPr92I,0.00111,0,0.105,-20.481,1,Ten Cents a Dance,5,1931,0.076,118.08
0.947,1931,0.99,['Orquestra Colbaz'],0.708,155401,0.5770000000000001,0,0Twzj1hJoXdjfmQmbkbeYS,0.917,5,0.194,-10.14,1,Tico-Tico no Fubá,1,1931-04-13,0.042,100.108
0.6659999999999999,1931,0.955,"['Jack Payne', 'His BBC Dance Orchestra']",0.8390000000000001,168440,0.324,0,1VUKSZqNSuDwIhJ263ClQk,0.0538,0,0.0891,-17.226,1,I'm Tickled Pink With a blue-eyed baby,4,1931,0.0767,113.267
0.18600000000000005,1931,0.993,"['Frédéric Chopin', 'Robert Lortat']",0.469,40173,0.00564,0,2Ns0YmQHbkLefTNrJXEPNz,0.885,9,0.079,-26.503,1,"24 Préludes, Op. 28: No. 7 in A Major. Andantino",1,1931,0.0515,86.99799999999998
0.182,1931,0.562,['Charlie Chaplin'],0.203,570203,0.418,0,2PdBvz0f7vDtlFYfpjzjoA,0.8370000000000001,11,0.103,-6.824,1,Money for the Girl / The Flower Shop,6,1931,0.0392,89.15
0.471,1931,0.315,['Charlie Chaplin'],0.304,123454,0.224,0,6Y9CgeZyYVNFutaaYV4ieK,0.126,6,0.101,-10.057,1,Afternoon,3,1931,0.0483,97.607
0.353,1931,0.35600000000000004,['Charlie Chaplin'],0.253,172346,0.305,0,7qClqmYjBxPou9HY12N2yw,0.606,3,0.119,-11.649,1,The Flower Girl (La Violetera),9,1931,0.0413,133.078
0.725,1931,0.989,['K Mullick'],0.3670000000000001,220520,0.273,0,00DKPx7Ycob6sFIZvJmhuY,0.8370000000000001,5,0.252,-16.472,1,Keno Kande Paran,0,1931-12-01,0.111,72.586
0.35100000000000003,1931,0.995,['K Mullick'],0.334,206800,0.184,0,00JSPCd8bKaLr0MA1gmTXB,0.1,4,0.154,-16.883,0,Karun Keno Arun Aankhi,0,1931-12-01,0.0354,71.145
0.902,1931,0.993,['Francisco Canaro'],0.825,165000,0.311,0,01LLSAYjBA6VbyzGnERWMU,0.653,11,0.336,-10.099,1,Yo Quiero a Otra Mujer - Instrumental (Remasterizado),0,1931-12-11,0.156,120.419
0.652,1931,0.428,['Zofia Dromlewiczowa'],0.7040000000000001,106000,0.231,0,01Q01hFtf4OE26idaNXThT,0.0,6,0.161,-24.441,1,Chapter 1.15 - Dziewczynka z Luna Parku: Część 1,0,1931,0.939,84.226
0.116,1931,0.994,['Umm Kulthum'],0.305,200440,0.141,0,01RqneNc64MLAjT3hVorV2,0.8690000000000001,5,0.242,-20.028,0,Ya Atey Al Hayy,0,1931-01-01,0.0457,87.973
0.508,1931,0.747,['Эрих Мария Ремарк'],0.621,128700,0.262,1,01haF1dSEfJkFERIuHRk13,0.0,3,0.159,-17.019000000000002,0,Часть 46.2 - Обратный путь,0,1931,0.967,75.064
0.199,1931,0.994,['Angurbala Devi'],0.28600000000000003,209267,0.18600000000000005,0,02UxgLiaCtkzZRCNx0flog,0.923,10,0.146,-16.471,0,Aasile E Bhanga Ghare,0,1931-12-01,0.0386,74.248
0.14800000000000002,1931,0.971,"['Ninon Vallin', 'Georges Thill', 'Germaine Féraldy', ""Chœur et Orchestre de l'Opéra de Paris"", 'Elie Cohen']",0.31,169307,0.0823,0,02qq0HPWQN106kaH2dReui,8.11e-06,9,0.307,-17.227,1,"Werther, Acte III: Ah! Le rire est béni",0,1931,0.0599,76.193
0.396,1931,0.989,['Umm Kulthum'],0.424,340333,0.106,0,04MOclAvU1IofjsvukEaxC,0.00979,3,0.151,-19.378,1,Gannet Naeimy,0,1931-01-01,0.0463,124.891
0.8809999999999999,1931,0.964,['Dranem'],0.725,195867,0.403,0,04NPQH5Ujv250o2eNAwgFa,3.07e-05,8,0.0607,-10.652,1,Les P'tits Pois,0,1931,0.382,118.157
0.857,1931,0.972,['Clarence Ashley y Gwen Foster'],0.452,178416,0.201,0,04X3059fu9QtOqv4qF14IG,3.97e-05,4,0.115,-13.451,1,East Virginia Blues,0,1931-04-16,0.0474,201.013
0.279,1931,0.56,['Эрих Мария Ремарк'],0.71,125900,0.21,1,05Dpbop7j619xNu9I1PX2a,0.0,7,0.112,-16.795,1,Часть 33.4 - Обратный путь,0,1931,0.954,105.903
0.818,1931,0.984,"['Francisco Canaro', 'Charlo', 'Ada Falcón']",0.84,189000,0.418,0,05E60GLnBS8eMhcAsIbfpM,8.11e-06,2,0.14400000000000002,-6.505,0,Besos de Miel - Remasterizado,0,1931-12-11,0.0737,122.762
0.512,1931,0.995,['Sures Babu'],0.393,191411,0.168,0,06060dxAi4R3AB5zWRp35o,0.965,10,0.0993,-16.686,1,Lalana Dise Suprabhati,0,1931-01-01,0.0401,71.343
0.804,1931,0.955,"['Jack Payne', 'His BBC Dance Orchestra']",0.602,189880,0.262,0,06CrWlAJSahZQFbFPqK7ct,0.016,2,0.121,-17.99,1,Lady of Spain,1,1931,0.0408,129.999
0.8390000000000001,1931,0.878,['Sexteto Habanero'],0.516,206545,0.481,0,07FqSHs3VjOOxm4rAg0tJb,0.00672,4,0.159,-16.707,1,Ahora Si,0,1931-07-01,0.0525,124.994
0.13,1931,0.972,"['Ninon Vallin', 'Georges Thill', 'Germaine Féraldy', ""Chœur et Orchestre de l'Opéra de Paris"", 'Elie Cohen']",0.32,302240,0.207,0,07UQeGpjLsOILxb0VxPWKl,1.39e-05,9,0.242,-14.035,0,"Werther, Acte III: Ces lettres!... Ces lettres!",0,1931,0.0473,92.992
0.312,1931,0.596,['Эрих Мария Ремарк'],0.72,127000,0.173,1,07VjtsCmyxZkaEEDz5zTKi,0.0,4,0.314,-18.797,1,Часть 15.3 - Обратный путь,0,1931,0.945,120.227
0.964,1931,0.994,"['Francisco Canaro', 'Charlo']",0.701,181000,0.398,0,07l1sPtsTTCKDcdhrZ7eDw,0.652,10,0.264,-11.897,1,"Ceferino, Yo Quiero Ir al Casino - Remasterizado",0,1931-12-12,0.0394,115.633
0.338,1931,0.991,['Umm Kulthum'],0.415,472573,0.134,0,07qysIv8MbDc2zdKD4vv1w,0.0035700000000000007,7,0.348,-18.607,1,Rohy We Rohak,0,1931-01-01,0.0463,108.067
0.59,1931,0.611,['Zofia Dromlewiczowa'],0.628,97200,0.311,0,085yaoTEoPsxjlLtKq8BG1,0.0,9,0.141,-19.733,0,Chapter 1.6 - Dziewczynka z Luna Parku: Część 2,0,1931,0.954,168.446
0.7340000000000001,1931,0.5760000000000001,['Zofia Dromlewiczowa'],0.72,103000,0.259,0,09FIlJhEr1i54Z3KElo7Ot,0.0,10,0.132,-21.545,0,Chapter 2.7 - Dziewczynka z Luna Parku: Część 1,0,1931,0.911,110.301
0.295,1931,0.746,['Эрих Мария Ремарк'],0.7190000000000001,135100,0.211,1,09TJpEkQJ35ASChev3TzpG,0.0,6,0.107,-19.619,0,Часть 17.4 - Обратный путь,0,1931,0.947,116.289
0.487,1931,0.995,['Kanak Das Biswas'],0.369,204880,0.055,0,09ayxAg7ES5SEJ4c7sVQQr,0.969,1,0.114,-16.863,0,Arupbeena Ruper Arale,0,1931-12-01,0.0431,74.283
0.364,1931,0.701,['Эрих Мария Ремарк'],0.627,132516,0.16399999999999998,1,0A06xUu6mLzAcUYazbBpxY,0.0,0,0.128,-17.708,1,Часть 35.2 & Часть 36.1 - Обратный путь,0,1931,0.964,171.313
0.657,1931,0.501,['Zofia Dromlewiczowa'],0.718,133100,0.217,0,0BG5kOfYQvEeeuMdx1KRin,0.0,9,0.201,-20.261,0,Chapter 2.9 - Dziewczynka z Luna Parku: Część 2,0,1931,0.959,82.072
0.28800000000000003,1931,0.847,['Эрих Мария Ремарк'],0.7020000000000001,132500,0.218,1,0CAreLlElzkMS9nwa1lKW6,0.0,7,0.158,-15.847,1,Часть 11.4 - Обратный путь,0,1931,0.955,135.77200000000002
0.282,1931,0.625,['Эрих Мария Ремарк'],0.628,127900,0.175,1,0CbY6vOcUDyJOj3opVZurP,0.0,11,0.129,-21.5,0,Часть 20.4 - Обратный путь,0,1931,0.958,167.357
0.727,1931,0.996,"['Frédéric Chopin', 'Robert Lortat']",0.33,31600,0.29,0,0Cl9bsuGxTTAC57qOoJmdq,0.943,2,0.161,-21.876,1,"24 Préludes, Op. 28: No. 5 in D Major. Molto allegro",0,1931,0.0379,87.65700000000002
0.965,1931,0.966,"['Francisco Canaro', 'Charlo']",0.75,197507,0.395,0,0Cvewv3tutPlQdUwoSeeMs,0.659,2,0.457,-7.664,1,Claveles y Besos - Remasterizado,0,1931-12-05,0.0672,120.744
0.84,1931,0.984,['Sexteto Habanero'],0.522,197878,0.39,0,0DAWcnu5m3Oc7mpa5bdmrq,0.879,5,0.28300000000000003,-15.630999999999998,1,Aquella Boca,0,1931-07-01,0.121,83.44
0.585,1931,0.765,['Charlie Chaplin'],0.489,255765,0.615,0,0DIOI3RPy6UGENHZSjHqAd,0.892,6,0.211,-5.306,1,Overture / Unveiling the Monument,0,1931,0.118,140.121
0.313,1931,0.7909999999999999,['Эрих Мария Ремарк'],0.721,143900,0.179,1,0DhxeCGrp9nnYLie37zp0p,0.0,6,0.364,-15.604,1,Часть 1.1 - Обратный путь,0,1931,0.936,118.273
0.523,1931,0.7759999999999999,['Эрих Мария Ремарк'],0.7070000000000001,142500,0.15,1,0Dxt2mIsJBe8i6MGkbLZ5s,0.0,5,0.18,-17.245,0,Часть 1.7 - Обратный путь,0,1931,0.956,99.187
0.391,1931,0.906,['Эрих Мария Ремарк'],0.72,138400,0.204,1,0EAoe0hNkbV2N0n7Xs6Vlg,0.0,0,0.14,-17.41,1,Часть 6.4 - Обратный путь,0,1931,0.942,121.835
0.145,1931,0.937,"['Ninon Vallin', 'Georges Thill', 'Germaine Féraldy', ""Chœur et Orchestre de l'Opéra de Paris"", 'Elie Cohen']",0.319,195427,0.217,0,0EDkOkbZxKxPjLOLAZDuVm,0.0217,1,0.118,-17.482,1,"Werther, Acte II: Mais celle qui devint ma femme",0,1931,0.039,91.859
0.205,1931,0.769,['Эрих Мария Ремарк'],0.701,151635,0.251,1,0EQOlmxZFtfvrGobeCS25H,0.0,0,0.308,-14.392,0,Часть 5.9 & Часть 6.1 - Обратный путь,0,1931,0.963,80.291
0.89,1931,0.985,['Francisco Canaro'],0.75,196000,0.438,0,0EReD0H01zL6JqZhZf3kSO,0.672,5,0.109,-6.377999999999999,1,Sin Rumbo - Instrumental (Remasterizado),0,1931-12-14,0.0423,119.939
0.7709999999999999,1931,0.8740000000000001,['Sexteto Habanero'],0.532,208892,0.398,0,0FZUxES8hYLIN7a1qI9Nfx,0.825,9,0.33,-19.58,0,Sexteto Habanero,0,1931-07-01,0.172,136.043
0.422,1931,0.8220000000000001,['Эрих Мария Ремарк'],0.7,155405,0.238,1,0Fto7qmb6EeRUBP2DSU4xS,0.0,11,0.161,-16.581,0,Часть 46.3 & Часть 47.1 - Обратный путь,0,1931,0.956,105.353
0.515,1931,0.838,['Эрих Мария Ремарк'],0.68,155300,0.14800000000000002,1,0H5mySNsOFeHYfnrftcBzO,0.0,4,0.17600000000000002,-16.477,1,Часть 22.6 - Обратный путь,0,1931,0.947,82.561
0.142,1931,0.932,"['Ninon Vallin', 'Georges Thill', 'Germaine Féraldy', ""Chœur et Orchestre de l'Opéra de Paris"", 'Elie Cohen']",0.279,141667,0.0486,0,0K2Lq2J80KmKCIuoVscS3Z,0.000112,7,0.468,-22.17,1,"Werther, Acte III: Werther est de retour",0,1931,0.0515,80.27199999999998
0.5720000000000001,1931,0.865,['Эрих Мария Ремарк'],0.7170000000000001,137500,0.252,1,0KAFMhoGqHJZ2RbQ2tyVXO,0.0,0,0.317,-14.832,1,Часть 4.2 - Обратный путь,0,1931,0.946,126.862
0.265,1931,0.992,['Umm Kulthum'],0.434,352280,0.036000000000000004,0,0LYO8t2vqBJQYVV3GTcM3h,1.17e-05,8,0.17,-24.361,1,El Leil Yetool Weykedny,0,1931-01-01,0.0491,118.244
0.613,1931,0.44,['Zofia Dromlewiczowa'],0.7120000000000001,123600,0.325,0,0MvuxcPc4AJGenE30MD5Kr,0.0,9,0.189,-20.116,0,Chapter 1.17 - Dziewczynka z Luna Parku: Część 2,0,1931,0.941,113.135
0.7979999999999999,1931,0.952,['Francisco Canaro'],0.44,192000,0.459,0,0MzMlsV0tMXp7lhl49Ff5q,0.804,2,0.306,-6.074,0,Primavera de Amor - Instrumental (Remasterizado),0,1931-12-05,0.0769,166.498
0.585,1931,0.765,['Charlie Chaplin'],0.489,255765,0.615,0,0NIzqSNAePsEtFczBTs7Pe,0.892,6,0.211,-5.306,1,Overture / Unveiling the Monument,4,1931,0.118,140.121
0.12,1931,0.962,"['Frédéric Chopin', 'Robert Lortat']",0.249,153067,0.149,0,0OKurWR1CRcZUFOhgm6enA,0.936,5,0.109,-18.264,0,"12 Études, Op. 25: No. 12 in C Minor ""Ocean""",0,1931,0.0345,71.51100000000002
0.394,1931,0.8270000000000001,['Эрих Мария Ремарк'],0.6940000000000001,129800,0.221,1,0P7CuRyRHRlRl9yfDAxZOQ,0.0,5,0.247,-17.855,0,Часть 5.4 - Обратный путь,0,1931,0.963,80.418
0.349,1931,0.584,['Эрих Мария Ремарк'],0.7140000000000001,126200,0.155,1,0PIDafc2blipCjBmmUaz9R,0.0,0,0.192,-20.349,1,Часть 15.2 - Обратный путь,0,1931,0.953,114.77
0.046,1931,0.835,"['Ninon Vallin', 'Georges Thill', 'Germaine Féraldy', ""Chœur et Orchestre de l'Opéra de Paris"", 'Elie Cohen']",0.141,163773,0.25,0,0PXBaB69o8IJD6qcVKibKG,0.915,5,0.413,-15.763,1,"Werther, Acte III: Prélude",0,1931,0.0402,99.027
0.632,1931,0.591,['Zofia Dromlewiczowa'],0.623,103400,0.336,0,0Q4WJ4VseMd4gaSVyWX8lr,0.0,10,0.158,-20.826,1,Chapter 1.15 - Dziewczynka z Luna Parku: Część 2,0,1931,0.956,170.829
0.238,1931,0.7929999999999999,['Эрих Мария Ремарк'],0.732,125800,0.217,1,0QhRMky5mGxv9uHkdnsHAK,0.0,0,0.241,-17.245,1,Часть 18.2 - Обратный путь,0,1931,0.957,101.266
0.8420000000000001,1931,0.993,"['Francisco Canaro', 'Charlo']",0.478,177507,0.348,0,0QpoQHeWtJTIBDLXaPweRs,0.00895,11,0.416,-8.431000000000001,0,Rosa de Venus - Remasterizado,0,1931-12-11,0.14400000000000002,183.79
0.416,1931,0.635,['Эрих Мария Ремарк'],0.72,137000,0.207,1,0QuZIMacYplMgQKsBFFBh8,0.0,11,0.3,-17.399,1,Часть 58.2 - Обратный путь,0,1931,0.958,82.103
0.911,1931,0.964,['Francisco Canaro'],0.685,164493,0.223,0,0R6VlM6jS9umdG04z9mFuT,0.16699999999999998,5,0.0306,-12.04,1,Lo Que no se Olvida - Instrumental (Remasterizado),0,1931-12-14,0.0561,120.269
0.381,1931,0.6609999999999999,['Эрих Мария Ремарк'],0.68,130400,0.185,1,0RfhFLf70dZj1kBzen1LBm,0.0,0,0.309,-19.684,1,Часть 5.2 - Обратный путь,0,1931,0.964,67.73
0.848,1931,0.988,['Francisco Canaro'],0.7140000000000001,177000,0.403,0,0Rj53PaeOdM7abxWWouAmp,0.696,7,0.42,-5.604,1,Otoñal - Instrumental (Remasterizado),0,1931-12-14,0.0816,117.225
0.868,1931,0.993,['Francisco Canaro'],0.872,186000,0.29,0,0SgmG07WUSQAdXr4dnP9hg,0.35600000000000004,5,0.1,-9.249,1,Milongada - Instrumental (Remasterizado),0,1931-12-11,0.14300000000000002,121.75
0.949,1931,0.994,['Francisco Canaro'],0.708,183493,0.354,0,0T9Mb9dKqktgx6NQQmP39D,0.17600000000000002,2,0.29600000000000004,-8.652000000000001,1,Perro Flaco - Instrumental (Remasterizado),0,1931-12-11,0.418,151.533
0.396,1931,0.6940000000000001,['Эрих Мария Ремарк'],0.731,129000,0.203,1,0TgAwoHVwnfOMLjFSdDhYS,0.0,3,0.18,-20.61,0,Часть 34.5 - Обратный путь,0,1931,0.951,100.248
0.626,1931,0.981,['Esther Lekain'],0.534,170733,0.158,0,0TunriGhIGgJ57qqcwtVXQ,0.0,6,0.311,-16.22,0,Un Vieux Farceur,0,1931,0.329,76.758
0.557,1931,0.6409999999999999,['Эрих Мария Ремарк'],0.7120000000000001,128200,0.162,1,0UITj8qmDH5VVbxKNut4Vb,0.0,0,0.125,-16.91,1,Часть 47.3 - Обратный путь,0,1931,0.95,132.898
0.309,1931,0.979,"['Frédéric Chopin', 'Robert Lortat']",0.272,132667,0.16899999999999998,0,0UV03BK0SNGuFdc3dK4zpT,0.91,8,0.108,-23.822,1,"12 Études, Op. 10: No. 10 in A-Flat Major",0,1931,0.0351,72.984
0.632,1931,0.387,['Sax Man Mike Clark'],0.468,249747,0.628,0,0Ur2Ugymd3HLj4ZboQ4P1q,0.951,5,0.117,-7.972,1,Summer Paradise,0,1931-02-01,0.0299,134.018
0.453,1931,0.5479999999999999,['Эрих Мария Ремарк'],0.677,127500,0.212,1,0UzCqDpqOAYnWoJAK2nXa6,0.0,0,0.256,-19.616,1,Часть 16.3 - Обратный путь,0,1931,0.958,146.003
0.426,1931,0.847,['Эрих Мария Ремарк'],0.618,141300,0.224,1,0V0LVCq5J7pmQcehrPZHbf,0.0,8,0.135,-17.958,0,Часть 42.4 - Обратный путь,0,1931,0.965,59.208
0.399,1931,0.813,['Эрих Мария Ремарк'],0.691,152700,0.133,1,0V5ABkxSg2S94Ut2qJY1M2,0.0,0,0.131,-16.535,1,Часть 3.5 - Обратный путь,0,1931,0.952,95.486
0.464,1931,0.993,"['Frédéric Chopin', 'Robert Lortat']",0.319,61213,0.257,0,0VXCb0YxkDMTQrmkNbDUsZ,0.882,10,0.408,-18.103,0,"24 Préludes, Op. 28: No. 16 in B-Flat Minor. Presto con fuoco",0,1931,0.038,96.992
0.444,1931,0.563,['Zofia Dromlewiczowa'],0.777,100200,0.303,0,0VqT3UBRzHNH6NDxSo1b1z,0.0,9,0.19,-23.079,0,Chapter 2.2 - Dziewczynka z Luna Parku: Część 2,0,1931,0.947,110.716
0.195,1931,0.991,['Angurbala Devi'],0.43,203160,0.162,0,0VuvbWn7YPxpRiiFOrJMEk,0.939,10,0.126,-17.099,0,Amar Jabar Samoy Holo,0,1931-12-01,0.0535,69.146
0.191,1931,0.985,['Crowder Brother'],0.54,164702,0.34700000000000003,0,0WIeorAtbwA0sJaZ3IyDTg,0.0193,8,0.183,-12.309,1,Depot Blues,0,1931-04-16,0.0349,99.471
0.483,1931,0.76,['Эрих Мария Ремарк'],0.693,130000,0.212,1,0WZGFnIKYoS23SahLO05D4,0.0,9,0.114,-16.91,1,Часть 13.3 - Обратный путь,0,1931,0.955,102.64
0.39,1931,0.6970000000000001,['Эрих Мария Ремарк'],0.6809999999999999,138700,0.225,1,0WakmQ35FjnF9zEjqqlZgg,0.0,4,0.33,-16.413,1,Часть 54.4 - Обратный путь,0,1931,0.962,85.182
0.757,1931,0.965,['Walter Davis & Gwen Foster'],0.68,172852,0.4270000000000001,0,0Wxv0TYvywknfryj5vEMIe,0.071,4,0.198,-9.367,1,Crooked Creek Blues,0,1931-04-16,0.0334,118.027
0.529,1931,0.73,['Эрих Мария Ремарк'],0.7340000000000001,128000,0.255,1,0Y7gDMJb3bDRl2RjYEtK5X,0.0,6,0.116,-17.179000000000002,1,Часть 47.5 - Обратный путь,0,1931,0.953,110.746
0.052000000000000005,1931,0.995,"['Frédéric Chopin', 'Robert Lortat']",0.461,96960,0.0421,0,0YeTcP38sfwnYcmVo93Yj0,0.945,4,0.154,-24.612,0,"24 Préludes, Op. 28: No. 6 in B Minor. Lento assai",0,1931,0.0362,81.434
0.308,1931,0.755,['Эрих Мария Ремарк'],0.71,134300,0.18600000000000005,1,0Yi6U8OHJ6spq1gBfgdJbg,0.0,0,0.238,-16.937,1,Часть 18.3 - Обратный путь,0,1931,0.957,109.271
0.31,1931,0.994,['Kanak Das Biswas'],0.331,189253,0.0546,0,0Zo6F64cUOdccpKUkiduwM,0.94,8,0.0808,-17.619,1,Na Jeyo Na Jeyo Nako,0,1931-12-01,0.0371,75.315
0.348,1931,0.695,['Эрих Мария Ремарк'],0.715,131800,0.217,1,0a6dpe3WwZls5vl6kpe4p5,0.0,6,0.101,-18.312,0,Часть 34.3 - Обратный путь,0,1931,0.952,116.092
0.313,1931,0.966,"['Jack Payne', 'His BBC Dance Orchestra']",0.53,195760,0.112,0,0aw26i2CStVJ4RNOb2BijN,0.0419,10,0.0844,-20.504,1,After Your Kiss,0,1931,0.0403,116.529
0.232,1931,0.985,['Umm Kulthum'],0.3,405400,0.263,0,0bCKCjytcK8D29Z5ZiYNAq,0.126,7,0.163,-17.628,1,Kam Boethna Maa El Naseem,0,1931-01-01,0.104,77.565
0.584,1931,0.996,['Ignacio Corsini'],0.474,152627,0.086,0,0bN9VYED4JIz8AaHtlo7Jb,0.01,11,0.14400000000000002,-22.549,0,Llorando Mis Penas - Remasterizado,0,1931-06-25,0.116,181.947
0.31,1931,0.591,['Эрих Мария Ремарк'],0.705,142910,0.312,1,0bOjbNkmLkxufvVWUqaOWK,0.0,3,0.146,-16.906,0,Часть 48.6 & Часть 49.1 - Обратный путь,0,1931,0.945,128.49200000000002
0.494,1931,0.996,['Samantha Bumgarner'],0.329,175700,0.155,0,0bd2EY9MZSR5MLLdgNhEkl,0.7020000000000001,5,0.302,-16.767,1,The Worried Blues,1,1931-04-16,0.0467,212.696
0.333,1931,0.828,['Эрих Мария Ремарк'],0.7340000000000001,128300,0.173,1,0cOOKx82INQTzj3fZGQPsN,0.0,0,0.16,-16.493,1,Часть 4.6 - Обратный путь,0,1931,0.958,78.73
0.418,1931,0.664,['Эрих Мария Ремарк'],0.631,129300,0.238,1,0d7DPzUeMp4qbyzBEH8ogz,0.0,9,0.215,-19.613,1,Часть 26.2 - Обратный путь,0,1931,0.961,84.21700000000001
0.196,1931,0.573,['Эрих Мария Ремарк'],0.6659999999999999,126508,0.293,1,0dN7z6LNr1BygEgPNPCrVf,0.0,0,0.32299999999999995,-18.313,1,Часть 55.10 & Часть 56.1 - Обратный путь,0,1931,0.963,95.119
0.389,1931,0.985,['Umm Kulthum'],0.388,444280,0.223,0,0dOpQBhmghHIghDqlG4Aq3,0.0121,2,0.368,-19.944000000000006,1,Li Lathaton,0,1931-01-01,0.0503,71.803
0.414,1931,0.742,['Эрих Мария Ремарк'],0.721,126100,0.175,1,0dP5Tjpk27F7RQfPMZzgyX,0.0,4,0.128,-17.955,1,Часть 52.2 - Обратный путь,0,1931,0.953,113.052
0.7390000000000001,1931,0.995,['Ignacio Corsini'],0.5760000000000001,172960,0.16699999999999998,0,0dS3fVMnzUJU2ncmJ5pupL,0.873,2,0.273,-21.534,0,La Marcha Nupcial - Remasterizado,0,1931-06-25,0.254,139.463
0.648,1931,0.995,"['Frédéric Chopin', 'Robert Lortat']",0.417,106213,0.199,0,0fuXCWvydLKhVxEznxQLXb,0.916,2,0.0891,-23.169,0,"12 Études, Op. 25: No. 4 in A Minor ""Paganini""",0,1931,0.041,167.547
0.7559999999999999,1931,0.985,['Francisco Canaro'],0.659,164507,0.0454,0,0fz58nwYFoL7EIrVpUwdF1,0.00566,2,0.0794,-22.441,1,El Asustado - Instrumental (Remasterizado),0,1931-12-12,0.0975,120.748
0.6709999999999999,1931,0.494,['Zofia Dromlewiczowa'],0.7040000000000001,150500,0.22,0,0fzar7IQJbTUHnPCx04uIl,0.0,6,0.163,-21.511,0,Chapter 1.5 - Dziewczynka z Luna Parku: Część 1,0,1931,0.932,107.76
0.446,1931,0.8,['Эрих Мария Ремарк'],0.633,128600,0.214,1,0gPnkDCumBPy2RnxwNE4A6,0.0,6,0.16399999999999998,-15.156,0,Часть 14.4 - Обратный путь,0,1931,0.962,170.826
0.17800000000000002,1931,0.527,['Эрих Мария Ремарк'],0.685,133215,0.289,1,0h4nkaGsJe0zlRhRKyYgZR,0.0,4,0.131,-17.445999999999998,1,Часть 29.8 & Часть 30.1 - Обратный путь,0,1931,0.952,140.849
0.457,1931,0.988,['Ignacio Corsini'],0.6559999999999999,159147,0.0887,0,0hUPglKgCiXGF15umiXBFK,3.83e-06,2,0.204,-20.283,1,Sueño de Juventud - Remasterizado,0,1931-06-25,0.17,135.57
0.258,1931,0.563,['Эрих Мария Ремарк'],0.609,132500,0.17800000000000002,1,0hV9ELd3wpef7h3kr8vvxR,0.0,4,0.113,-20.399,1,Часть 10.6 - Обратный путь,0,1931,0.966,186.354
0.154,1931,0.7929999999999999,['Sax Man Mike Clark'],0.459,292107,0.461,0,0hsENn5yZVfntjmy9GnLL0,0.498,9,0.295,-7.996,0,Summer Time,0,1931-02-01,0.0275,92.038
0.657,1931,0.943,"['Jack Payne', 'His BBC Dance Orchestra']",0.573,193547,0.12,0,0ij3rpKLo2cFDVHo8WKGMG,0.000291,0,0.0752,-19.515,1,Between the Devil and the Deep Blue Sea,1,1931,0.0832,151.16
0.449,1931,0.32,['Charlie Chaplin'],0.394,280431,0.334,0,0ipQHQxQc9kOwmdH8ak3os,0.414,8,0.14400000000000002,-7.289,0,The Millionaire's Home,2,1931,0.0635,117.29
0.826,1931,0.985,['Francisco Canaro'],0.7979999999999999,167000,0.463,0,0j2w2yOCpbfh38o2yqDfj7,0.601,9,0.619,-7.366,0,Quien Fuera Pibe - Instrumental (Remasterizado),0,1931-12-14,0.069,117.029
0.962,1931,0.995,"['Francisco Canaro', 'Charlo']",0.807,201507,0.326,0,0jMRVrZVVejW9K8J0Dui3S,0.0236,9,0.147,-10.052,1,Las Flores de Tu Balcón - Remasterizado,0,1931-12-11,0.068,118.583
0.392,1931,0.838,['Эрих Мария Ремарк'],0.7440000000000001,131890,0.203,1,0jkrkVkDuUp0wNjZk8tAYI,0.0,4,0.254,-19.271,1,Часть 39.3 & Часть 40.1 - Обратный путь,0,1931,0.967,69.714
0.35100000000000003,1931,0.728,['Эрих Мария Ремарк'],0.741,127087,0.243,1,0jo4SZinJIQEdH99Q8C6pe,0.0,2,0.227,-17.423,1,Часть 41.6 & Часть 42.1 - Обратный путь,0,1931,0.965,71.656
0.562,1931,0.7909999999999999,['Эрих Мария Ремарк'],0.71,140697,0.177,1,0kHmHERgdPewP1Gqbu0Nsi,0.0,8,0.182,-15.94,0,Часть 30.9 & Часть 31.1 - Обратный путь,0,1931,0.955,109.011
0.404,1931,0.957,['Berthe Sylva'],0.485,198973,0.142,0,0kTx3Ryude2YdkS4w7w9GK,0.0,2,0.34,-13.876,1,La Légende Des Flots Bleus,0,1931,0.0494,81.413
0.893,1931,0.81,['Jeff Beatman'],0.6709999999999999,147400,0.363,0,0lWiPMeJ8PXGvD0yidI5SL,0.0,0,0.716,-14.398,1,I'm in the Mood for Singing,2,1931-03-30,0.1,95.789
0.858,1931,0.98,['Francisco Canaro'],0.795,167493,0.377,0,0mRKFRvA8TKnz4adzc6j8b,0.29600000000000004,10,0.452,-9.118,0,En la percha - Instrumental (Remasterizado),0,1931-12-14,0.0903,116.453
0.362,1931,0.727,['Эрих Мария Ремарк'],0.6559999999999999,129196,0.22,1,0mSeZGUOQ6SSJuP1z5sBXb,0.0,9,0.251,-17.432000000000002,1,Часть 28.8 & Часть 29.1 - Обратный путь,0,1931,0.964,75.737
0.326,1931,0.6609999999999999,['Эрих Мария Ремарк'],0.672,129006,0.282,1,0mkph2XPEMmRPsUuDBW0N6,0.0,0,0.138,-16.279,1,Часть 53.8 & Часть 54.1 - Обратный путь,0,1931,0.956,94.507
0.563,1931,0.594,['Zofia Dromlewiczowa'],0.691,162900,0.242,0,0mt2ac8qll5sN6HfMbFQSK,0.0,0,0.341,-20.838,1,Chapter 3.12 - Dziewczynka z Luna Parku: Część 1,0,1931,0.945,139.084
0.135,1931,0.966,"['Ninon Vallin', 'Georges Thill', 'Germaine Féraldy', ""Chœur et Orchestre de l'Opéra de Paris"", 'Elie Cohen']",0.29,149627,0.206,0,0n7YDvOU8NI8I7n2IQkxLk,0.00281,6,0.129,-12.389,0,"Werther, Acte III: Toute mon âme est là... Pourquoi me réveiller",0,1931,0.039,134.226
0.331,1931,0.959,['Jean Lumière'],0.447,201333,0.0575,0,0nDtrk2oensWgmTC6Aaoop,0.0,9,0.315,-18.744,1,L'âme Des Violons,0,1931,0.0487,107.938
0.0985,1931,0.7120000000000001,['Sax Man Mike Clark'],0.478,296747,0.617,0,0oeVOKCrE6UMj3snPXlsrE,0.8270000000000001,0,0.206,-8.443999999999999,1,Summer Blues,0,1931-02-01,0.0287,75.047
0.835,1931,0.98,"['Jack Payne', 'His BBC Dance Orchestra']",0.631,181560,0.168,0,0ohywapZpSj2daXqC2jUKf,0.00818,10,0.092,-15.939,1,"When Kentucky Bids the World ""Good Morning”",0,1931,0.0502,168.953
0.117,1931,0.994,"['Frédéric Chopin', 'Robert Lortat']",0.423,269253,0.325,0,0ojOZKqlSIQ0Keimiv00bE,0.778,3,0.08199999999999999,-15.759,0,"Piano Sonata No. 2 in B-Flat Minor, Op. 35 ""Funeral March"": I. Grave - Doppio movimento",0,1931,0.0333,128.691
0.802,1931,0.951,"['Jack Payne', 'His BBC Dance Orchestra']",0.5539999999999999,182360,0.0978,0,0oowlngdRNC76HwGOnHG6m,0.025,2,0.096,-22.394,0,Roamin' Thru' the Roses,4,1931,0.0534,156.548
0.631,1931,0.989,['Francisco Canaro'],0.778,196000,0.0622,0,0pMmTd8cnsLXlHWpcA3ALa,0.00125,8,0.778,-19.529,1,Sabado Inglés - Instrumental (Remasterizado),0,1931-12-12,0.261,124.627
0.435,1931,0.8370000000000001,['Эрих Мария Ремарк'],0.6940000000000001,126400,0.207,1,0qBsaPpEikTQoUfBXMKqyq,0.0,0,0.133,-16.167,1,Часть 30.4 - Обратный путь,0,1931,0.956,139.284
0.53,1931,0.7340000000000001,['Эрих Мария Ремарк'],0.716,128400,0.254,1,0qOysJmALTcsYIua4m0NAW,0.0,6,0.13,-17.882,1,Часть 47.4 - Обратный путь,0,1931,0.954,117.752
0.33,1931,0.387,['Эрих Мария Ремарк'],0.743,145900,0.129,1,0qodaVG5c4BCIjSy40n39R,0.0,0,0.175,-16.796,1,Часть 51.5 - Обратный путь,0,1931,0.959,77.987
0.95,1931,0.942,['Justice & Jarvis'],0.573,180062,0.409,0,0rLvtWSq1ENEwLFtCzMdjm,0.726,0,0.386,-11.469,1,Poca River Blues,0,1931-04-16,0.0579,97.252
0.39,1931,0.7120000000000001,['Эрих Мария Ремарк'],0.6729999999999999,127718,0.189,1,0rNXiBiwUbwQq2Aig2YfvD,0.0,0,0.182,-16.934,1,Часть 15.5 & Часть 16.1 - Обратный путь,0,1931,0.958,149.579
0.701,1931,0.993,"['Francisco Canaro', 'Charlo']",0.7609999999999999,190493,0.11,0,0rXzJmpvLS5zvkO0ohCMnM,0.0833,2,0.361,-21.057,1,Madreselva - Remasterizado,0,1931-12-14,0.12,124.955
0.6890000000000001,1931,0.994,"['Francisco Canaro', 'Charlo']",0.7509999999999999,169493,0.182,0,0stIKw3zZt2OHphUkkFs2Q,0.272,4,0.245,-12.357,0,Amor de Payaso - Remasterizado,0,1931-12-12,0.0839,120.643
0.6990000000000001,1931,0.959,['Berthe Sylva'],0.453,194160,0.172,0,0sy9qTCb6zVNAeEQz2QNLx,0.0,3,0.238,-13.66,1,Le Tango Des Fauvettes,0,1931,0.0395,114.82
0.461,1931,0.855,['Damia'],0.527,170640,0.177,0,0tnoccuIlx6fS6dDpqVpUK,0.0,3,0.0588,-13.565,1,Le Grand Frisé,0,1931,0.1,77.582
0.938,1931,0.994,"['Francisco Canaro', 'Charlo']",0.698,182000,0.213,0,0tvdfKd07mkdlRBh9kVWMs,0.561,1,0.332,-18.075,1,Churrasqueando - Remasterizado,0,1931-12-12,0.598,161.738
0.7120000000000001,1931,0.985,"['Francisco Canaro', 'Charlo']",0.8,178000,0.34700000000000003,0,0uvhcYnZQVeEClmBR9h9tl,0.0,0,0.14400000000000002,-14.675999999999998,1,Libertad Es el Sueño Dorado - Remasterizado,0,1931-12-14,0.078,123.614
0.769,1931,0.935,['Aracy de Almeida'],0.525,185133,0.339,0,0vHKQfP0DFEC412JqZgm7V,0.013,7,0.174,-12.689,0,Eu Sei Sofrer,0,1931,0.0375,99.368
0.452,1931,0.445,['Zofia Dromlewiczowa'],0.627,96500,0.304,0,0vIsYLPmgnj9jbmlkn8v4n,0.0,6,0.251,-20.529,1,Chapter 2.10 - Dziewczynka z Luna Parku: Część 1,0,1931,0.956,170.493
0.527,1931,0.8029999999999999,['Эрих Мария Ремарк'],0.716,143600,0.16699999999999998,1,0vwFBbUt0ErIrKrkFNmqDf,0.0,7,0.123,-15.342,1,Часть 28.4 - Обратный путь,0,1931,0.941,111.0
0.51,1931,0.977,"['Jack Payne', 'His BBC Dance Orchestra']",0.253,174227,0.0802,0,0vzypRBoYrpJ1cGmDqS6oM,0.348,2,0.241,-20.348,1,Say a Little Prayer for Me,1,1931,0.0341,182.483
0.961,1931,0.995,"['Francisco Canaro', 'Charlo']",0.667,188000,0.405,0,0wM2A2Zmk1sRU8ndC7oHgl,0.677,7,0.131,-11.52,1,Aura Viene Lo Mas Gueno - Remasterizado,0,1931-12-11,0.4370000000000001,156.364
0.32299999999999995,1931,0.556,['Эрих Мария Ремарк'],0.725,125481,0.235,1,0wam6Td9wv54G337DJpt2n,0.0,1,0.14300000000000002,-14.441,1,Часть 51.6 & Часть 52.1 - Обратный путь,0,1931,0.941,125.166
0.877,1931,0.966,['Francisco Canaro'],0.826,164000,0.295,0,0x92Qd7yaa1DmM662y7MAl,0.8109999999999999,8,0.0946,-11.562,1,Luces de Milonga (Che Cipriano) - Instrumental (Remasterizado),0,1931-12-12,0.149,120.095
0.487,1931,0.84,['Эрих Мария Ремарк'],0.7120000000000001,154000,0.181,1,0xAJJmHR1ewGEHPNYAaeFF,0.0,1,0.129,-16.542,1,Часть 22.4 - Обратный путь,0,1931,0.945,129.201
0.35200000000000004,1931,0.994,['Indubala Devi'],0.355,199747,0.212,0,0xw50CzWHniLQRBKRxzhk5,0.903,1,0.32299999999999995,-15.683,1,Keu Bhole Na Keu Bhole,0,1931-12-01,0.0352,66.008
0.225,1931,0.99,['Umm Kulthum'],0.343,468693,0.063,0,0yzqxfLyCj8k1CIrBf0SiV,0.0441,7,0.416,-26.637,1,Enaya Feeha El Domoa,0,1931-01-01,0.0386,103.447
0.38,1931,0.589,['Эрих Мария Ремарк'],0.6829999999999999,125300,0.218,1,0zwx3mI2gUjt76h0FInovw,0.0,5,0.27,-14.009,0,Часть 54.8 - Обратный путь,0,1931,0.96,82.677
0.705,1931,0.988,['Francisco Canaro'],0.6829999999999999,157000,0.0473,0,109edoDAXyvMFCqqPoeItM,0.0437,1,0.0987,-20.936,0,Quien Tuviera 18 Años - Instrumental (Remasterizado),0,1931-12-12,0.177,124.511
0.5579999999999999,1931,0.474,['Zofia Dromlewiczowa'],0.7090000000000001,95700,0.304,0,10G1YEVfX9h04LQPlH2kIZ,0.0,7,0.324,-20.843000000000004,1,Chapter 1.8 - Dziewczynka z Luna Parku: Część 2,0,1931,0.919,128.789
0.483,1931,0.6629999999999999,['Эрих Мария Ремарк'],0.721,135100,0.258,1,10KLjv7mwJLHClCshxLqGD,0.0,6,0.14300000000000002,-17.438,1,Часть 54.3 - Обратный путь,0,1931,0.944,125.007
0.408,1931,0.732,['Эрих Мария Ремарк'],0.639,127600,0.16,1,10L13jYTf6aJSZ6e3hRH7F,0.0,6,0.119,-18.614,1,Часть 55.5 - Обратный путь,0,1931,0.966,84.404
0.386,1931,0.713,['Эрих Мария Ремарк'],0.7490000000000001,129658,0.21,1,10d3F3FE7FjZS3tn65RcYA,0.0,4,0.211,-18.385,1,Часть 37.9 & Часть 38.1 - Обратный путь,0,1931,0.95,114.909
0.912,1931,0.989,"['Francisco Canaro', 'Charlo']",0.644,187507,0.37,0,11TIXb7RGJEYBFFRmWJCyi,0.0305,9,0.4270000000000001,-6.997000000000001,1,Gloria Nacional - Remasterizado,0,1931-12-14,0.279,152.438
0.715,1931,0.494,['Zofia Dromlewiczowa'],0.693,110000,0.235,0,11ptMNzyLtZ2x6uths2zYt,0.0,8,0.303,-21.864,0,Chapter 2.6 - Dziewczynka z Luna Parku: Część 1,0,1931,0.947,137.506
0.344,1931,0.75,['Эрих Мария Ремарк'],0.7120000000000001,147800,0.157,1,12htjgDtcSjI9kkE5RZZkb,0.0,4,0.359,-16.425,1,Часть 3.2 - Обратный путь,0,1931,0.954,127.506
0.441,1931,0.884,"['Jack Payne', 'His BBC Dance Orchestra']",0.637,174880,0.171,0,133p6P0cBF8lkOf2wfhtaT,0.00182,0,0.0752,-17.357,0,Say it With Music,1,1931,0.0377,114.535
0.482,1931,0.995,['Francesc Macia'],0.541,113573,0.13,0,13EbDbwQ6q89hl6sVZ2mfI,0.936,7,0.289,-11.833,0,Els Segadors - Instrumental,0,1931-03-23,0.0699,117.328
0.239,1931,0.69,['Charlie Chaplin'],0.41,538086,0.202,0,13I7PryYcEPA9q4Crrl8Np,0.7509999999999999,6,0.157,-11.023,1,Work / Final Rent Notice,0,1931,0.0543,99.483
0.608,1931,0.62,['Zofia Dromlewiczowa'],0.6709999999999999,135400,0.197,0,13ZqnU74t01wGY4a4Pzc79,0.0,0,0.111,-20.339,1,Chapter 3.8 - Dziewczynka z Luna Parku: Część 1,0,1931,0.946,90.272
0.274,1931,0.601,['Эрих Мария Ремарк'],0.624,128994,0.221,1,142sBdmOoky4B9yV2J5U3P,1.01e-06,11,0.14400000000000002,-20.734,1,Часть 33.5 & Часть 34.1 - Обратный путь,0,1931,0.964,171.075
0.441,1931,0.895,['Эрих Мария Ремарк'],0.706,126300,0.266,1,14yL73zpG8P0REL0kwijtP,0.0,5,0.115,-15.711,0,Часть 37.2 - Обратный путь,0,1931,0.961,81.805
0.66,1931,0.96,['Ignacio Corsini'],0.726,136040,0.228,0,15SaAt309LBV0n17e5eSnP,5.02e-06,5,0.093,-16.387,1,Griseta - Remasterizado,7,1931-06-25,0.278,68.058
0.279,1931,0.8590000000000001,['Эрих Мария Ремарк'],0.6829999999999999,142679,0.191,1,16KZg6Zf4QrwA8untU9W3v,0.0,7,0.153,-17.108,1,Часть 6.9 & Часть 7.1 - Обратный путь,0,1931,0.953,99.453
0.353,1931,0.35600000000000004,['Charlie Chaplin'],0.253,172346,0.305,0,176FYfCVrBjSiTjAp8SPQi,0.606,3,0.119,-11.649,1,The Flower Girl (La Violetera),1,1931,0.0413,133.078
0.823,1931,0.996,['Ascharyamoyee Dasi'],0.551,214133,0.0622,0,17wVBi52jeisEMnVcgy6Rw,0.877,3,0.116,-18.872,1,Peyechhile Jaha Rekhechhile,0,1931-12-01,0.12,132.197
0.382,1931,0.994,['Umm Kulthum'],0.448,332640,0.101,0,183IP2XsIz3qZqiQguqy46,0.00266,9,0.378,-21.078000000000007,0,Mehtar Ya Nass,0,1931-01-01,0.047,120.253
0.693,1931,0.983,['Ignacio Corsini'],0.636,143240,0.266,0,18EAQBUomCtSTAiDbs97Or,0.0,7,0.214,-18.681,0,Mi Corazón - Remasterizado,0,1931-06-25,0.107,108.803
0.75,1931,0.99,['Ignacio Corsini'],0.7190000000000001,165173,0.327,0,195uNNOm3Q1v3iDaeEmnSL,0.0802,6,0.117,-16.648,1,Martín Fierro - Remasterizado,0,1931-06-25,0.0669,88.12899999999998
0.417,1931,0.73,['Эрих Мария Ремарк'],0.6829999999999999,147500,0.124,1,199JVXebsIEN5rZiP8DSO7,0.0,2,0.249,-16.357,1,Часть 3.8 - Обратный путь,0,1931,0.946,97.917
0.688,1931,0.986,"['Francisco Canaro', 'Charlo']",0.46,208000,0.361,0,19jvIY3o3PFgteN5H8CIYA,0.055,6,0.412,-7.552,1,Noches de Mar del Plata - Remasterizado,0,1931-12-14,0.0648,143.222
0.735,1931,0.994,['Henri Garat'],0.69,212733,0.227,0,19tusi5NdpuoSQ1yoYiEHB,0.0,3,0.115,-13.651,1,Serait Ce Un Rêve,0,1931,0.0524,103.432
0.387,1931,0.841,['Эрих Мария Ремарк'],0.629,125900,0.156,1,19y56RfR962ZEoo2EuXRxK,0.0,9,0.124,-19.167,0,Часть 39.2 - Обратный путь,0,1931,0.967,170.804

